{
    "raw_attention": {
        "abs_average": {
            "raw": 0.14412057589406752,
            "max": 0.16085903003633775,
            "len": 0.0892207091844821,
            "norm": 0.1627965569824784
        },
        "positive_abs_average": {
            "raw": 0.2453953993729584,
            "max": 0.2600073870309751,
            "len": 0.16061488505483162,
            "norm": 0.2717623869744082
        },
        "negative_abs_average": {
            "raw": 0.04284575241517664,
            "max": 0.061710673041700394,
            "len": 0.01782653331413258,
            "norm": 0.05383072699054865
        },
        "female_abs_average": {
            "raw": 0.21566280974296007,
            "max": 0.21631120236421317,
            "len": 0.134933547848666,
            "norm": 0.21780381776809435
        },
        "male_abs_average": {
            "raw": 0.07257834204517499,
            "max": 0.10540685770846234,
            "len": 0.0435078705202982,
            "norm": 0.10778929619686248
        },
        "female_positive": {
            "raw": [
                0.41902494860619,
                1.0945728820665257e-20
            ],
            "max": [
                0.406447317725749,
                1.8958233236490484e-19
            ],
            "len": [
                0.2679342115806802,
                6.907557644794129e-09
            ],
            "norm": [
                0.41403259174293733,
                3.444483831540641e-20
            ]
        },
        "male_positive": {
            "raw": [
                0.07176585013972683,
                0.1434706601260757
            ],
            "max": [
                0.1135674563362012,
                0.020359221342223517
            ],
            "len": [
                -0.05329555852898306,
                0.2775537365509152
            ],
            "norm": [
                0.12949218220587902,
                0.008108378689870806
            ]
        },
        "female_negative": {
            "raw": [
                -0.012300670879730127,
                0.6287860274416706
            ],
            "max": [
                -0.026175087002677327,
                0.3035452095114413
            ],
            "len": [
                0.001932884116651832,
                0.9394488016398765
            ],
            "norm": [
                -0.021575043793251387,
                0.39643758685019054
            ]
        },
        "male_negative": {
            "raw": [
                0.07339083395062315,
                0.00348204800042807
            ],
            "max": [
                0.09724625908072346,
                0.00010651011186351815
            ],
            "len": [
                0.03372018251161333,
                0.17993858000581256
            ],
            "norm": [
                0.08608641018784592,
                0.0006063113250156969
            ]
        }
    },
    "attention_rollout": {
        "abs_average": {
            "raw": 0.12055751005090053,
            "max": 0.11165550852907616,
            "len": 0.08110482365368496,
            "norm": 0.11581025296238012
        },
        "positive_abs_average": {
            "raw": 0.1817497077951927,
            "max": 0.15508936168071083,
            "len": 0.1279369817010667,
            "norm": 0.16409158299747978
        },
        "negative_abs_average": {
            "raw": 0.05936531230660834,
            "max": 0.0682216553774415,
            "len": 0.0342726656063032,
            "norm": 0.06752892292728047
        },
        "female_abs_average": {
            "raw": 0.169930549142048,
            "max": 0.12451164140282568,
            "len": 0.11145304124535593,
            "norm": 0.13974928082360505
        },
        "male_abs_average": {
            "raw": 0.07118447095975305,
            "max": 0.09879937565532665,
            "len": 0.05075660606201397,
            "norm": 0.09187122510115518
        },
        "female_positive": {
            "raw": [
                0.31946694242896545,
                3.307416575588511e-12
            ],
            "max": [
                0.22569343041100523,
                1.215475353488206e-06
            ],
            "len": [
                0.21688373588991752,
                3.1786614336845783e-06
            ],
            "norm": [
                0.25664651577703984,
                3.018030852686789e-08
            ]
        },
        "male_positive": {
            "raw": [
                0.04403247316141997,
                0.36976985328594314
            ],
            "max": [
                0.08448529295041643,
                0.08486290969497456
            ],
            "len": [
                -0.038990227512215876,
                0.42712849565499533
            ],
            "norm": [
                0.0715366502179197,
                0.14475687601196127
            ]
        },
        "female_negative": {
            "raw": [
                -0.02039415585513055,
                0.4227980894656108
            ],
            "max": [
                -0.02332985239464614,
                0.35914735979684925
            ],
            "len": [
                -0.006022346600794342,
                0.8129041674134602
            ],
            "norm": [
                -0.022852045870170267,
                0.36907593662424776
            ]
        },
        "male_negative": {
            "raw": [
                0.09833646875808613,
                8.89476409948698e-05
            ],
            "max": [
                0.11311345836023687,
                6.441090605227801e-06
            ],
            "len": [
                0.06252298461181206,
                0.012843946249200886
            ],
            "norm": [
                0.11220579998439066,
                7.643422527795729e-06
            ]
        }
    },
    "attention_flow": {
        "abs_average": {
            "raw": 0.11728104480552344,
            "max": 0.06348153380972543,
            "len": 0.0891440336799312,
            "norm": 0.07435188657102235
        },
        "positive_abs_average": {
            "raw": 0.19341364551640555,
            "max": 0.09265947217432621,
            "len": 0.1618767758117586,
            "norm": 0.11723343045659199
        },
        "negative_abs_average": {
            "raw": 0.04114844409464132,
            "max": 0.034303595445124666,
            "len": 0.016411291548103776,
            "norm": 0.03147034268545273
        },
        "female_abs_average": {
            "raw": 0.17280826106464808,
            "max": 0.06316057917073432,
            "len": 0.11696449459358617,
            "norm": 0.10090410353965067
        },
        "male_abs_average": {
            "raw": 0.0617538285463988,
            "max": 0.06380248844871655,
            "len": 0.06132357276627623,
            "norm": 0.04779966960239403
        },
        "female_positive": {
            "raw": [
                0.33017310022874924,
                5.548950141732675e-13
            ],
            "max": [
                0.11170906141546359,
                0.017384525608725603
            ],
            "len": [
                0.23371530164656745,
                4.893552137447976e-07
            ],
            "norm": [
                0.19566086245905775,
                2.7468259227999467e-05
            ]
        },
        "male_positive": {
            "raw": [
                -0.05665419080406189,
                0.24835018635793724
            ],
            "max": [
                0.07360988293318885,
                0.1334381643198405
            ],
            "len": [
                -0.09003824997694977,
                0.06623258094817704
            ],
            "norm": [
                0.0388059984541262,
                0.42931758514298823
            ]
        },