{
    "Occlusion": {
        "abs_average": {
            "raw": 0.5083398960489625,
            "max": 0.21983867101300517,
            "len": 0.40953853384883115,
            "norm": 0.1951825756557421
        },
        "positive_abs_average": {
            "raw": 0.4025629350322246,
            "max": 0.3761375364264682,
            "len": 0.3693889930461994,
            "norm": 0.32782691622396387
        },
        "negative_abs_average": {
            "raw": 0.6141168570657002,
            "max": 0.06353980559954213,
            "len": 0.44968807465146293,
            "norm": 0.06253823508752032
        },
        "female_abs_average": {
            "raw": 0.738538106462437,
            "max": 0.36884823841492925,
            "len": 0.621883276285501,
            "norm": 0.33543355694576976
        },
        "male_abs_average": {
            "raw": 0.27814168563548786,
            "max": 0.07082910361108109,
            "len": 0.1971937914121613,
            "norm": 0.054931594365714445
        },
        "female_positive": {
            "raw": [
                0.7893919790599907,
                1.2747328184506903e-97
            ],
            "max": [
                0.7274929837668673,
                8.452326399956957e-76
            ],
            "len": [
                0.6536752090686061,
                1.4860878550046739e-56
            ],
            "norm": [
                0.6509639806648737,
                5.981761459284976e-56
            ]
        },
        "male_positive": {
            "raw": [
                0.015733891004458492,
                0.7487026211818737
            ],
            "max": [
                -0.024782089086069062,
                0.6138236447331276
            ],
            "len": [
                -0.08510277702379267,
                0.08260248591064637
            ],
            "norm": [
                -0.004689851783054066,
                0.9239315635251407
            ]
        },
        "female_negative": {
            "raw": [
                0.6876842338648832,
                4.226154099421654e-217
            ],
            "max": [
                0.010203493062991129,
                0.6884134798200703
            ],
            "len": [
                0.5900913435023959,
                8.615707330510556e-146
            ],
            "norm": [
                -0.019903133226665808,
                0.43405404930970426
            ]
        },
        "male_negative": {
            "raw": [
                0.5405494802665172,
                8.438015144248925e-121
            ],
            "max": [
                -0.11687611813609312,
                3.1245787354564726e-06
            ],
            "len": [
                0.30928480580052997,
                1.9536015367929402e-36
            ],
            "norm": [
                -0.10517333694837483,
                2.7546920616178038e-05
            ]
        }
    }
}