{
    "DeepLift_L2": {
        "abs_average": {
            "raw": 0.3995965636342549,
            "max": 0.1522716243221162,
            "len": 0.32313245413026725,
            "norm": 0.15945479295919776
        },
        "positive_abs_average": {
            "raw": 0.3007631350354866,
            "max": 0.253039213070115,
            "len": 0.33639877831498044,
            "norm": 0.27686353185383833
        },
        "negative_abs_average": {
            "raw": 0.4984299922330231,
            "max": 0.05150403557411741,
            "len": 0.30986612994555407,
            "norm": 0.042046054064557206
        },
        "female_abs_average": {
            "raw": 0.4942521853809708,
            "max": 0.21724690665006838,
            "len": 0.35003918414803237,
            "norm": 0.2171080927564083
        },
        "male_abs_average": {
            "raw": 0.3049409418875389,
            "max": 0.08729634199416401,
            "len": 0.29622572411250214,
            "norm": 0.10180149316198721
        },
        "female_positive": {
            "raw": [
                0.58581151380109,
                4.364347962567086e-43
            ],
            "max": [
                0.34863007656029926,
                2.1605036411597457e-14
            ],
            "len": [
                0.4938394936423414,
                3.1669507728655636e-29
            ],
            "norm": [
                0.3965034221723228,
                1.6615366513624944e-18
            ]
        },
        "male_positive": {
            "raw": [
                0.015714756269883178,
                0.7489979786570822
            ],
            "max": [
                0.1574483495799307,
                0.001256752019324823
            ],
            "len": [
                -0.1789580629876195,
                0.00023957691152920007
            ],
            "norm": [
                0.15722364153535381,
                0.001277374735059212
            ]
        },
        "female_negative": {
            "raw": [
                -0.4026928569608516,
                2.19947997636681e-61
            ],
            "max": [
                0.0858637367398375,
                0.0007230123075952777
            ],
            "len": [
                -0.20623887465372331,
                2.538403520463928e-16
            ],
            "norm": [
                0.0377127633404938,
                0.13816905838392765
            ]
        },
        "male_negative": {
            "raw": [
                0.5941671275051946,
                1.0702433962275807e-151
            ],
            "max": [
                -0.017144334408397317,
                0.4954718361691343
            ],
            "len": [
                0.4134933852373848,
                2.0492222444521506e-66
            ],
            "norm": [
                0.0463793447886206,
                0.0650627132251164
            ]
        }
    },
    "DeepLift_mean": {
        "abs_average": {
            "raw": 0.3532332002448023,
            "max": 0.09747376109090805,
            "len": 0.32526459900918975,
            "norm": 0.1058388830091995
        },
        "positive_abs_average": {
            "raw": 0.2649277986494476,
            "max": 0.1795613516227751,
            "len": 0.3016699952255839,
            "norm": 0.18338286616513372
        },
        "negative_abs_average": {
            "raw": 0.44153860184015703,
            "max": 0.01538617055904102,
            "len": 0.34885920279279553,
            "norm": 0.028294899853265255
        },
        "female_abs_average": {
            "raw": 0.4340112729454745,
            "max": 0.11328804800925805,
            "len": 0.3229500709838756,
            "norm": 0.13918907795886484
        },
        "male_abs_average": {
            "raw": 0.27245512754413015,
            "max": 0.08165947417255805,
            "len": 0.32757912703450387,
            "norm": 0.07248868805953415
        },
        "female_positive": {
            "raw": [
                -0.475307123434684,
                6.546616642055456e-27
            ],
            "max": [
                -0.21184497592969426,
                5.412470342760453e-06
            ],
            "len": [
                -0.4369951299786066,
                1.5025285061565259e-22
            ],
            "norm": [
                -0.2680929676971055,
                6.7624232242566766e-09
            ]
        },
        "male_positive": {
            "raw": [
                0.05454847386421123,
                0.2663982288190872
            ],
            "max": [
                -0.1472777273158559,
                0.0025704238720019737
            ],
            "len": [
                -0.16634486047256122,
                0.0006485528699502805
            ],
            "norm": [
                -0.09867276463316196,
                0.044028091085893846
            ]
        },
        "female_negative": {
            "raw": [
                -0.39271542245626495,
                3.281016518954973e-58
            ],
            "max": [
                0.01473112008882184,
                0.5626118974480897
            ],
            "len": [
                -0.20890501198914457,
                1.0258527586136294e-16
            ],
            "norm": [
                -0.010285188220624169,
                0.6860510160715791
            ]
        },
        "male_negative": {
            "raw": [
                0.4903617812240491,
                1.5442646455658933e-96
            ],
            "max": [
                0.016041221029260196,
                0.5236248068603557
            ],
            "len": [
                0.4888133935964465,
                7.493628561799319e-96
            ],
            "norm": [
                0.046304611485906345,
                0.06549693127425506
            ]
        }
    }
}