{
    "Saliency_L2": {
        "abs_average": {
            "raw": 0.37724973960308916,
            "max": 0.15292460244428951,
            "len": 0.31689367065009927,
            "norm": 0.16224587712737548
        },
        "positive_abs_average": {
            "raw": 0.29261930144666287,
            "max": 0.25600129511514425,
            "len": 0.33174566620621443,
            "norm": 0.28450344768045255
        },
        "negative_abs_average": {
            "raw": 0.46188017775951545,
            "max": 0.04984790977343479,
            "len": 0.30204167509398405,
            "norm": 0.03998830657429839
        },
        "female_abs_average": {
            "raw": 0.46691914510908933,
            "max": 0.21121004644347635,
            "len": 0.3320079645598849,
            "norm": 0.2162599736916454
        },
        "male_abs_average": {
            "raw": 0.287580334097089,
            "max": 0.0946391584451027,
            "len": 0.30177937674031363,
            "norm": 0.10823178056310558
        },
        "female_positive": {
            "raw": [
                0.5783369151479337,
                8.596410635283824e-42
            ],
            "max": [
                0.3394134825633837,
                1.122566064584572e-13
            ],
            "len": [
                0.475506150111646,
                6.1929016080687934e-27
            ],
            "norm": [
                0.39645986512168835,
                1.6771418987972036e-18
            ]
        },
        "male_positive": {
            "raw": [
                0.006901687745392011,
                0.8882530462918599
            ],
            "max": [
                0.17258910766690483,
                0.0003995322289329171
            ],
            "len": [
                -0.1879851823007829,
                0.00011258913796650246
            ],
            "norm": [
                0.1725470302392168,
                0.00040086108220645624
            ]
        },
        "female_negative": {
            "raw": [
                -0.35550137507024493,
                2.665981233314088e-47
            ],
            "max": [
                0.08300661032356899,
                0.0010838272619382236
            ],
            "len": [
                -0.1885097790081238,
                7.686596424408264e-14
            ],
            "norm": [
                0.03606008226160244,
                0.15629972133599637
            ]
        },
        "male_negative": {
            "raw": [
                0.568258980448786,
                4.667368794268763e-136
            ],
            "max": [
                -0.016689209223300593,
                0.5069885284372787
            ],
            "len": [
                0.41557357117984434,
                3.930933816008274e-67
            ],
            "norm": [
                0.04391653088699434,
                0.08067783974260466
            ]
        }
    },
    "Saliency_mean": {
        "abs_average": {
            "raw": 0.3079986824391547,
            "max": 0.06605163068080504,
            "len": 0.22719871122480073,
            "norm": 0.08558801910362333
        },
        "positive_abs_average": {
            "raw": 0.21293009652595515,
            "max": 0.11179493991188444,
            "len": 0.2052455861822973,
            "norm": 0.1375865366806559
        },
        "negative_abs_average": {
            "raw": 0.4030672683523542,
            "max": 0.020308321449725632,
            "len": 0.2491518362673042,
            "norm": 0.03358950152659077
        },
        "female_abs_average": {
            "raw": 0.36049254220084426,
            "max": 0.06876233089017304,
            "len": 0.23145153173024477,
            "norm": 0.08403614884596991
        },
        "male_abs_average": {
            "raw": 0.2555048226774651,
            "max": 0.06334093047143703,
            "len": 0.22294589071935672,
            "norm": 0.08713988936127676
        },
        "female_positive": {
            "raw": [
                -0.3761693097724308,
                1.1262862555825223e-16
            ],
            "max": [
                -0.13709486136653087,
                0.0034594965607868886
            ],
            "len": [
                -0.2984330663905474,
                9.018893768739468e-11
            ],
            "norm": [
                -0.16060290415078002,
                0.0006011544069158066
            ]
        },
        "male_positive": {
            "raw": [
                -0.04969088327947951,
                0.31139650261621377
            ],
            "max": [
                -0.086495018457238,
                0.07768416657606339
            ],
            "len": [
                0.11205810597404718,
                0.022100570967918048
            ],
            "norm": [
                -0.11457016921053177,
                0.019269432951069622
            ]
        },
        "female_negative": {
            "raw": [
                -0.34481577462925767,
                1.9976660100191477e-44
            ],
            "max": [
                0.0004298004138152113,
                0.9865234034428245
            ],
            "len": [
                -0.16446999706994214,
                7.612848139462751e-11
            ],
            "norm": [
                -0.0074693935411598,
                0.7691000915884278
            ]
        },
        "male_negative": {
            "raw": [
                0.4613187620754507,
                3.0627639402471924e-84
            ],
            "max": [
                0.04018684248563605,
                0.10997760440812601
            ],
            "len": [
                0.33383367546466625,
                1.628154429641194e-42
            ],
            "norm": [
                0.05970960951202175,
                0.017505941258237706
            ]
        }
    }
}