{
    "IntegratedGradients_L2": {
        "abs_average": {
            "raw": 0.34242894967100823,
            "max": 0.13871740592433934,
            "len": 0.23992080210295413,
            "norm": 0.16124485992635165
        },
        "positive_abs_average": {
            "raw": 0.24435281724789137,
            "max": 0.2447278149489207,
            "len": 0.22836556298616079,
            "norm": 0.2759891786153825
        },
        "negative_abs_average": {
            "raw": 0.4405050820941251,
            "max": 0.03270699689975798,
            "len": 0.2514760412197474,
            "norm": 0.046500541237320815
        },
        "female_abs_average": {
            "raw": 0.39983320412231005,
            "max": 0.19154597201965304,
            "len": 0.2619277613068508,
            "norm": 0.1957411254792257
        },
        "male_abs_average": {
            "raw": 0.28502469521970636,
            "max": 0.08588883982902566,
            "len": 0.21791384289905744,
            "norm": 0.1267485943734776
        },
        "female_positive": {
            "raw": [
                0.4561505712965484,
                1.1624816587279917e-24
            ],
            "max": [
                0.3466716120129005,
                3.0804253744167287e-14
            ],
            "len": [
                0.36402513092234134,
                1.2177813526962205e-15
            ],
            "norm": [
                0.3814871714112335,
                3.846128007840914e-17
            ]
        },
        "male_positive": {
            "raw": [
                0.03255506319923432,
                0.5073475823800511
            ],
            "max": [
                0.14278401788494097,
                0.0034783046747864747
            ],
            "len": [
                -0.09270599504998021,
                0.05855729869913443
            ],
            "norm": [
                0.1704911858195315,
                0.0004710304003988574
            ]
        },
        "female_negative": {
            "raw": [
                -0.34351583694807175,
                4.392143784636172e-44
            ],
            "max": [
                0.036420332026405614,
                0.15220143136666023
            ],
            "len": [
                -0.15983039169136026,
                2.5813686947613195e-10
            ],
            "norm": [
                0.009995079547217896,
                0.694454116116007
            ]
        },
        "male_negative": {
            "raw": [
                0.5374943272401784,
                3.3303283599464714e-119
            ],
            "max": [
                0.02899366177311035,
                0.24895143492608235
            ],
            "len": [
                0.34312169074813464,
                5.780290583436595e-45
            ],
            "norm": [
                0.08300600292742373,
                0.000947559544257864
            ]
        }
    },
    "IntegratedGradients_mean": {
        "abs_average": {
            "raw": 0.2579721922380154,
            "max": 0.13483157398254128,
            "len": 0.1522151210515797,
            "norm": 0.14213448736926854
        },
        "positive_abs_average": {
            "raw": 0.2031289241052261,
            "max": 0.19021450787359145,
            "len": 0.12226863779629481,
            "norm": 0.2018220780576287
        },
        "negative_abs_average": {
            "raw": 0.3128154603708047,
            "max": 0.07944864009149112,
            "len": 0.1821616043068646,
            "norm": 0.08244689668090839
        },
        "female_abs_average": {
            "raw": 0.2346946667599703,
            "max": 0.1432263987549596,
            "len": 0.14031504355615007,
            "norm": 0.15400437902933706
        },
        "male_abs_average": {
            "raw": 0.2812497177160605,
            "max": 0.12643674921012296,
            "len": 0.16411519854700934,
            "norm": 0.13026459570920002
        },
        "female_positive": {
            "raw": [
                0.2889100020249759,
                3.6989363400522516e-10
            ],
            "max": [
                0.2712445988032249,
                4.423608711853175e-09
            ],
            "len": [
                0.210703810747058,
                6.095090949542166e-06
            ],
            "norm": [
                0.2947729691426597,
                1.5610379042509519e-10
            ]
        },
        "male_positive": {
            "raw": [
                0.11734784618547629,
                0.01651160995251897
            ],
            "max": [
                0.10918441694395802,
                0.025774965656600538
            ],
            "len": [
                -0.03383346484553163,
                0.49080924229235473
            ],
            "norm": [
                0.10887118697259765,
                0.02620561990390508
            ]
        },
        "female_negative": {
            "raw": [
                0.18047933149496467,
                8.573183486406741e-13
            ],
            "max": [
                0.015208198706694338,
                0.550027628804276
            ],
            "len": [
                0.06992627636524214,
                0.005932662644867601
            ],
            "norm": [
                0.013235788916014407,
                0.6029304666813445
            ]
        },
        "male_negative": {
            "raw": [
                0.4451515892466447,
                6.825928740650147e-78
            ],
            "max": [
                0.1436890814762879,
                9.342492485685631e-09
            ],
            "len": [
                0.29439693224848706,
                5.093431257464406e-33
            ],
            "norm": [
                0.15165800444580238,
                1.3248893688974303e-09
            ]
        }
    }
}