{
    "InputXGradient_L2": {
        "abs_average": {
            "raw": 0.37374914400796655,
            "max": 0.1510206434776454,
            "len": 0.30468652794272855,
            "norm": 0.16354111963830642
        },
        "positive_abs_average": {
            "raw": 0.3072161646684824,
            "max": 0.25461203193642323,
            "len": 0.318844977018532,
            "norm": 0.2846106927057841
        },
        "negative_abs_average": {
            "raw": 0.44028212334745076,
            "max": 0.04742925501886755,
            "len": 0.29052807886692517,
            "norm": 0.04247154657082869
        },
        "female_abs_average": {
            "raw": 0.44723175649656044,
            "max": 0.20612844890418755,
            "len": 0.32058218788825527,
            "norm": 0.21173285874102055
        },
        "male_abs_average": {
            "raw": 0.3002665315193727,
            "max": 0.09591283805110327,
            "len": 0.2887908679972019,
            "norm": 0.11534938053559227
        },
        "female_positive": {
            "raw": [
                0.5642587677444694,
                1.922006831376334e-39
            ],
            "max": [
                0.32957407756587304,
                6.143268472494651e-13
            ],
            "len": [
                0.4649169019302275,
                1.1314695706185472e-25
            ],
            "norm": [
                0.38249602160610824,
                3.1299104444071736e-17
            ]
        },
        "male_positive": {
            "raw": [
                0.050173561592495405,
                0.30671393539578495
            ],
            "max": [
                0.17964998630697349,
                0.00022638898118396912
            ],
            "len": [
                -0.1727730521068365,
                0.00039377105742165815
            ],
            "norm": [
                0.18672536380546,
                0.00012537095196983703
            ]
        },
        "female_negative": {
            "raw": [
                -0.3302047452486515,
                1.1314613042922573e-40
            ],
            "max": [
                0.08268282024250205,
                0.001133843533452604
            ],
            "len": [
                -0.17624747384628306,
                2.925320855558821e-12
            ],
            "norm": [
                0.04096969587593286,
                0.10722536957869552
            ]
        },
        "male_negative": {
            "raw": [
                0.55035950144625,
                4.8760608245438956e-126
            ],
            "max": [
                -0.012175689795233056,
                0.6283371680600958
            ],
            "len": [
                0.40480868388756724,
                1.7831241178317025e-63
            ],
            "norm": [
                0.043973397265724516,
                0.08028573191485802
            ]
        }
    },
    "InputXGradient_mean": {
        "abs_average": {
            "raw": 0.4072242371353295,
            "max": 0.10045513985183305,
            "len": 0.3495886694239181,
            "norm": 0.12839376202327274
        },
        "positive_abs_average": {
            "raw": 0.4206371081985274,
            "max": 0.16304949355771475,
            "len": 0.39931512518457146,
            "norm": 0.19266037239484618
        },
        "negative_abs_average": {
            "raw": 0.39381136607213174,
            "max": 0.03786078614595134,
            "len": 0.2998622136632647,
            "norm": 0.06412715165169929
        },
        "female_abs_average": {
            "raw": 0.4983232282378474,
            "max": 0.17745534049513081,
            "len": 0.38349954462678515,
            "norm": 0.2104473078913979
        },
        "male_abs_average": {
            "raw": 0.31612524603281167,
            "max": 0.023454939208535287,
            "len": 0.3156777942210511,
            "norm": 0.04634021615514758
        },
        "female_positive": {
            "raw": [
                0.6218861274974158,
                7.814169403496991e-50
            ],
            "max": [
                0.30845968486695846,
                1.9276743655275754e-11
            ],
            "len": [
                0.554253072897189,
                7.697378435735946e-38
            ],
            "norm": [
                0.36558223357026004,
                9.024722505940936e-16
            ]
        },
        "male_positive": {
            "raw": [
                0.219388088899639,
                6.1319293097414385e-06
            ],
            "max": [
                -0.017639302248471073,
                0.7194817962765477
            ],
            "len": [
                -0.244377177471954,
                4.368751755401053e-07
            ],
            "norm": [
                0.019738511219432327,
                0.6877568540076602
            ]
        },
        "female_negative": {
            "raw": [
                0.37476032897827904,
                9.083275984458408e-53
            ],
            "max": [
                -0.04645099612330318,
                0.06777256658687203
            ],
            "len": [
                0.2127460163563813,
                2.7212002451140426e-17
            ],
            "norm": [
                -0.05531238221253574,
                0.02959646973371168
            ]
        },
        "male_negative": {
            "raw": [
                -0.4128624031659844,
                3.373687934031817e-66
            ],
            "max": [
                0.029270576168599502,
                0.24445810451471398
            ],
            "len": [
                -0.3869784109701481,
                1.0444058088791792e-57
            ],
            "norm": [
                -0.07294192109086282,
                0.003687679772094484
            ]
        }
    }
}