{
    "ShapleyValue": {
        "abs_average": {
            "raw": 0.1694011607415293,
            "max": 0.06312471290233385,
            "len": 0.16190735318741883,
            "norm": 0.1068824364925145
        },
        "positive_abs_average": {
            "raw": 0.0980294634026193,
            "max": 0.11527382838356692,
            "len": 0.17412953994557975,
            "norm": 0.18996105489125623
        },
        "negative_abs_average": {
            "raw": 0.2407728580804393,
            "max": 0.010975597421100755,
            "len": 0.14968516642925794,
            "norm": 0.023803818093772786
        },
        "female_abs_average": {
            "raw": 0.22249037231916782,
            "max": 0.09384219843869102,
            "len": 0.1862290380768591,
            "norm": 0.18362768553994113
        },
        "male_abs_average": {
            "raw": 0.11631194916389077,
            "max": 0.03240722736597667,
            "len": 0.1375856682979786,
            "norm": 0.03013718744508786
        },
        "female_positive": {
            "raw": [
                0.193589699629175,
                3.3503147024597155e-05
            ],
            "max": [
                0.18681835146364525,
                6.321092366167271e-05
            ],
            "len": [
                0.3046065621397322,
                3.51231076515618e-11
            ],
            "norm": [
                0.3622087201127144,
                1.7237837106219183e-15
            ]
        },
        "male_positive": {
            "raw": [
                -0.0024692271760635943,
                0.9599058233505036
            ],
            "max": [
                0.0437293053034886,
                0.37307761179218857
            ],
            "len": [
                -0.04365251775142729,
                0.3739183029314377
            ],
            "norm": [
                -0.01771338966979806,
                0.7183535051247318
            ]
        },
        "female_negative": {
            "raw": [
                0.25139104500916065,
                1.0025738544682936e-23
            ],
            "max": [
                -0.0008660454137367706,
                0.9728486809316469
            ],
            "len": [
                0.06785151401398595,
                0.007593031376986157
            ],
            "norm": [
                0.0050466509671679045,
                0.8427827401549663
            ]
        },
        "male_negative": {
            "raw": [
                0.23015467115171795,
                1.7812332157393367e-20
            ],
            "max": [
                0.02108514942846474,
                0.4018375686029269
            ],
            "len": [
                0.23151881884452993,
                1.0467162955316981e-20
            ],
            "norm": [
                0.04256098522037766,
                0.09049345619902496
            ]
        }
    }
}