{
    "ShapleyValue": {
        "abs_average": {
            "raw": 0.13846743637124698,
            "max": 0.039314665163278834,
            "len": 0.11445197346917413,
            "norm": 0.07095204066297775
        },
        "positive_abs_average": {
            "raw": 0.08547101043131283,
            "max": 0.03427625986244251,
            "len": 0.07846984272153301,
            "norm": 0.09093102684694315
        },
        "negative_abs_average": {
            "raw": 0.19146386231118115,
            "max": 0.04435307046411516,
            "len": 0.15043410421681522,
            "norm": 0.05097305447901235
        },
        "female_abs_average": {
            "raw": 0.0718129495369261,
            "max": 0.010403984627491281,
            "len": 0.062396734953543136,
            "norm": 0.05018154029148894
        },
        "male_abs_average": {
            "raw": 0.20512192320556788,
            "max": 0.06822534569906638,
            "len": 0.16650721198480511,
            "norm": 0.09172254103446656
        },
        "female_positive": {
            "raw": [
                0.06618450964024676,
                0.17683173217105508
            ],
            "max": [
                0.007811405081155135,
                0.873488661720245
            ],
            "len": [
                0.11728956240391551,
                0.016435611255530305
            ],
            "norm": [
                0.09605585131724964,
                0.04970131272268833
            ]
        },
        "male_positive": {
            "raw": [
                0.10475751122237889,
                0.03352517038499241
            ],
            "max": [
                0.06074111464372989,
                0.21858464906588146
            ],
            "len": [
                0.039650123039150525,
                0.4221596611485997
            ],
            "norm": [
                0.08580620237663666,
                0.08193039184362745
            ]
        },
        "female_negative": {
            "raw": [
                -0.07744138943360546,
                0.002053545348852113
            ],
            "max": [
                -0.012996564173827427,
                0.6054750130743745
            ],
            "len": [
                -0.0075039075031707566,
                0.7655265343052287
            ],
            "norm": [
                -0.004307229265728243,
                0.864080123308932
            ]
        },
        "male_negative": {
            "raw": [
                0.30548633518875684,
                1.1869679522074462e-35
            ],
            "max": [
                0.07570957675440289,
                0.0025364136861677935
            ],
            "len": [
                0.2933643009304597,
                6.88961938161902e-33
            ],
            "norm": [
                0.09763887969229645,
                9.733833319306897e-05
            ]
        }
    }
}