{
    "InputXGradient_L2": {
        "abs_average": {
            "raw": 0.25017642898592346,
            "max": 0.10295240151329438,
            "len": 0.23782570435466796,
            "norm": 0.1271974639247563
        },
        "positive_abs_average": {
            "raw": 0.2679828283573436,
            "max": 0.12350664675885385,
            "len": 0.2972854135531072,
            "norm": 0.15913049055015233
        },
        "negative_abs_average": {
            "raw": 0.23237002961450334,
            "max": 0.08239815626773493,
            "len": 0.17836599515622867,
            "norm": 0.0952644372993603
        },
        "female_abs_average": {
            "raw": 0.31134721034881474,
            "max": 0.14612513196792642,
            "len": 0.3324297976755842,
            "norm": 0.19634384920353842
        },
        "male_abs_average": {
            "raw": 0.1890056476230322,
            "max": 0.059779671058662345,
            "len": 0.1432216110337517,
            "norm": 0.0580510786459742
        },
        "female_positive": {
            "raw": [
                0.5113626279807993,
                3.15087702522798e-29
            ],
            "max": [
                0.15482648472075167,
                0.0014977330614522077
            ],
            "len": [
                0.5409436968736512,
                3.839465391418912e-33
            ],
            "norm": [
                0.2182266570829007,
                6.710296036483664e-06
            ]
        },
        "male_positive": {
            "raw": [
                -0.02460302873388789,
                0.6185227573063012
            ],
            "max": [
                0.09218680879695604,
                0.06155531660103934
            ],
            "len": [
                -0.05362713023256331,
                0.2774850453499934
            ],
            "norm": [
                0.10003432401740395,
                0.04241767830606419
            ]
        },
        "female_negative": {
            "raw": [
                0.11133179271683014,
                9.06068116067788e-06
            ],
            "max": [
                0.1374237792151012,
                4.072525119926336e-08
            ],
            "len": [
                0.12391589847751729,
                7.659648374405437e-07
            ],
            "norm": [
                0.17446104132417614,
                2.8034286667039855e-12
            ]
        },
        "male_negative": {
            "raw": [
                0.35340826651217655,
                6.37254884004089e-48
            ],
            "max": [
                -0.02737253332036866,
                0.2756545399863968
            ],
            "len": [
                0.23281609183494006,
                5.4663614334440896e-21
            ],
            "norm": [
                0.016067833274544446,
                0.5222794031713143
            ]
        }
    },
    "InputXGradient_mean": {
        "abs_average": {
            "raw": 0.2763861843478192,
            "max": 0.060845869086875656,
            "len": 0.24425156292113115,
            "norm": 0.07544727374182969
        },
        "positive_abs_average": {
            "raw": 0.25923681627875617,
            "max": 0.10791630851129003,
            "len": 0.2832895844446998,
            "norm": 0.12683560264954322
        },
        "negative_abs_average": {
            "raw": 0.29353555241688223,
            "max": 0.013775429662461265,
            "len": 0.20521354139756248,
            "norm": 0.02405894483411617
        },
        "female_abs_average": {
            "raw": 0.3602800627116532,
            "max": 0.06435110599567807,
            "len": 0.3483134728517926,
            "norm": 0.06888386180125226
        },
        "male_abs_average": {
            "raw": 0.19249230598398523,
            "max": 0.05734063217807323,
            "len": 0.14018965299046968,
            "norm": 0.08201068568240712
        },
        "female_positive": {
            "raw": [
                0.49325888761803666,
                5.146400693965401e-27
            ],
            "max": [
                0.12574608227084436,
                0.010070236695101917
            ],
            "len": [
                0.5332817426077928,
                4.3188117102577284e-32
            ],
            "norm": [
                0.1299561573779629,
                0.0078072524784126305
            ]
        },
        "male_positive": {
            "raw": [
                -0.025214744939475696,
                0.6098205712155083
            ],
            "max": [
                -0.09008653475173571,
                0.06774230637679705
            ],
            "len": [
                0.033297426281606764,
                0.5003129493561125
            ],
            "norm": [
                -0.12371504792112352,
                0.011965053007491155
            ]
        },
        "female_negative": {
            "raw": [
                0.2273012378052697,
                5.502213771661066e-20
            ],
            "max": [
                -0.0029561297205117788,
                0.9064753352634255
            ],
            "len": [
                0.1633452030957924,
                6.328780720339278e-11
            ],
            "norm": [
                0.0078115662245416264,
                0.7562117614157161
            ]
        },
        "male_negative": {
            "raw": [
                0.3597698670284948,
                1.015039677275715e-49
            ],
            "max": [
                -0.024594729604410753,
                0.3273480899017109
            ],
            "len": [
                -0.24708187969933257,
                1.623474909170321e-23
            ],
            "norm": [
                -0.040306323443690714,
                0.1083655014422597
            ]
        }
    }
}