{
    "IntegratedGradients_L2": {
        "abs_average": {
            "raw": 0.1507160144622491,
            "max": 0.08700351477245345,
            "len": 0.11099161269070205,
            "norm": 0.10878423222794277
        },
        "positive_abs_average": {
            "raw": 0.14283136025348492,
            "max": 0.1311761394782444,
            "len": 0.11715894114053271,
            "norm": 0.1511872671341236
        },
        "negative_abs_average": {
            "raw": 0.1586006686710133,
            "max": 0.042830890066662484,
            "len": 0.1048242842408714,
            "norm": 0.06638119732176195
        },
        "female_abs_average": {
            "raw": 0.14544112095594702,
            "max": 0.12858771943449393,
            "len": 0.10822206540995723,
            "norm": 0.15037915553198253
        },
        "male_abs_average": {
            "raw": 0.1559909079685512,
            "max": 0.045419310110412975,
            "len": 0.11376115997144688,
            "norm": 0.06718930892390301
        },
        "female_positive": {
            "raw": [
                0.2530091697062503,
                1.5812578545863272e-07
            ],
            "max": [
                0.17765521674186185,
                0.0002618618187471754
            ],
            "len": [
                0.20717667980295432,
                1.959440239817882e-05
            ],
            "norm": [
                0.20053603210372029,
                3.632111755917106e-05
            ]
        },
        "male_positive": {
            "raw": [
                0.032653550800719536,
                0.508639729278509
            ],
            "max": [
                0.08469706221462697,
                0.08597445751101265
            ],
            "len": [
                -0.027141202478111113,
                0.5827764830235593
            ],
            "norm": [
                0.10183850216452689,
                0.038810535890187695
            ]
        },
        "female_negative": {
            "raw": [
                -0.037873072205643725,
                0.13213730553825975
            ],
            "max": [
                0.07952022212712599,
                0.001548806482480742
            ],
            "len": [
                -0.009267451016960141,
                0.7126320178438987
            ],
            "norm": [
                0.10022227896024477,
                6.519195106515291e-05
            ]
        },
        "male_negative": {
            "raw": [
                0.27932826513638287,
                7.498639556765455e-30
            ],
            "max": [
                -0.006141558006198976,
                0.8068057023698878
            ],
            "len": [
                0.20038111746478265,
                7.583967176985436e-16
            ],
            "norm": [
                0.032540115683279136,
                0.19496289488267474
            ]
        }
    },
    "IntegratedGradients_mean": {
        "abs_average": {
            "raw": 0.11928628103279287,
            "max": 0.08077688874835606,
            "len": 0.09303082922812991,
            "norm": 0.09190348518699151
        },
        "positive_abs_average": {
            "raw": 0.07562350681898242,
            "max": 0.11646385619454219,
            "len": 0.04169184102758032,
            "norm": 0.11498084312007907
        },
        "negative_abs_average": {
            "raw": 0.16294905524660333,
            "max": 0.04508992130216991,
            "len": 0.1443698174286795,
            "norm": 0.06882612725390395
        },
        "female_abs_average": {
            "raw": 0.1007539460760712,
            "max": 0.12219298557489236,
            "len": 0.07162324217867341,
            "norm": 0.1318367242805137
        },
        "male_abs_average": {
            "raw": 0.13781861598951456,
            "max": 0.03936079192181975,
            "len": 0.11443841627758641,
            "norm": 0.05197024609346931
        },
        "female_positive": {
            "raw": [
                0.09258103939470207,
                0.058595092298850786
            ],
            "max": [
                0.16536296666175665,
                0.0006884820750430652
            ],
            "len": [
                0.06704916778191518,
                0.17123115063241925
            ],
            "norm": [
                0.15076687178381767,
                0.0019955662174573298
            ]
        },
        "male_positive": {
            "raw": [
                0.05866597424326278,
                0.2347566230393569
            ],
            "max": [
                0.06756474572732775,
                0.17105790877539798
            ],
            "len": [
                0.016334514273245462,
                0.7409699537976993
            ],
            "norm": [
                0.07919481445634047,
                0.10846802181229855
            ]
        },
        "female_negative": {
            "raw": [
                0.10892685275744034,
                1.4119360383111826e-05
            ],
            "max": [
                0.07902300448802807,
                0.0016578889439120264
            ],
            "len": [
                0.07619731657543163,
                0.0024236522382651737
            ],
            "norm": [
                0.11290657677720975,
                6.743154638993842e-06
            ]
        },
        "male_negative": {
            "raw": [
                0.21697125773576634,
                2.2540407805593057e-18
            ],
            "max": [
                0.011156838116311749,
                0.6568541961819991
            ],
            "len": [
                0.21254231828192738,
                1.1181718741091142e-17
            ],
            "norm": [
                0.02474567773059816,
                0.32438703919005757
            ]
        }
    }
}