{
    "Occlusion": {
        "abs_average": {
            "raw": 0.2681250588251745,
            "max": 0.16127439925798925,
            "len": 0.276638249662591,
            "norm": 0.13880950890025479
        },
        "positive_abs_average": {
            "raw": 0.262569973024323,
            "max": 0.2601647373069423,
            "len": 0.3042582197223326,
            "norm": 0.21503951588417156
        },
        "negative_abs_average": {
            "raw": 0.273680144626026,
            "max": 0.062384061209036175,
            "len": 0.24901827960284942,
            "norm": 0.06257950191633799
        },
        "female_abs_average": {
            "raw": 0.26348201498938306,
            "max": 0.2621903124708522,
            "len": 0.3429577643904918,
            "norm": 0.20822976649208805
        },
        "male_abs_average": {
            "raw": 0.27276810266096596,
            "max": 0.06035848604512625,
            "len": 0.2103187349346902,
            "norm": 0.0693892513084215
        },
        "female_positive": {
            "raw": [
                0.4548385935253241,
                9.841958730753635e-23
            ],
            "max": [
                0.4686345308574624,
                3.2926867251401874e-24
            ],
            "len": [
                0.5634476123092054,
                2.1675591215252116e-36
            ],
            "norm": [
                0.352094191249713,
                1.208737561578546e-13
            ]
        },
        "male_positive": {
            "raw": [
                0.07030135252332195,
                0.15433389358795216
            ],
            "max": [
                0.05169494375642218,
                0.2951896072319601
            ],
            "len": [
                0.04506882713545979,
                0.36151522714883955
            ],
            "norm": [
                0.07798484051863014,
                0.11398830775623885
            ]
        },
        "female_negative": {
            "raw": [
                0.07212543645344206,
                0.004101934984032447
            ],
            "max": [
                -0.055746094084242026,
                0.02660689553781437
            ],
            "len": [
                0.12246791647177825,
                1.030964927903699e-06
            ],
            "norm": [
                -0.06436534173446312,
                0.010445475390592967
            ]
        },
        "male_negative": {
            "raw": [
                0.47523485279860994,
                2.904117309055764e-90
            ],
            "max": [
                0.06902202833383032,
                0.005930048540751839
            ],
            "len": [
                0.3755686427339206,
                2.2971485249080192e-54
            ],
            "norm": [
                0.06079366209821287,
                0.015395305154306736
            ]
        }
    }
}