{
    "Saliency_L2": {
        "abs_average": {
            "raw": 0.24942536210677574,
            "max": 0.10851728315907526,
            "len": 0.23450511918347397,
            "norm": 0.1226387207849904
        },
        "positive_abs_average": {
            "raw": 0.27996034973259015,
            "max": 0.13301564562619034,
            "len": 0.304584352040545,
            "norm": 0.15927200395264804
        },
        "negative_abs_average": {
            "raw": 0.21889037448096135,
            "max": 0.08401892069196018,
            "len": 0.1644258863264029,
            "norm": 0.08600543761733276
        },
        "female_abs_average": {
            "raw": 0.29515110804941386,
            "max": 0.14917345850794766,
            "len": 0.3170772322474487,
            "norm": 0.18952717938235428
        },
        "male_abs_average": {
            "raw": 0.20369961616413762,
            "max": 0.06786110781020285,
            "len": 0.15193300611949923,
            "norm": 0.05575026218762652
        },
        "female_positive": {
            "raw": [
                0.5215317470076196,
                1.5704205716822512e-30
            ],
            "max": [
                0.1682010604484186,
                0.0005539478740468798
            ],
            "len": [
                0.5442718367094866,
                1.3159607989684515e-33
            ],
            "norm": [
                0.21870218273988673,
                6.39977775882513e-06
            ]
        },
        "male_positive": {
            "raw": [
                -0.038388952457560695,
                0.43708224607112395
            ],
            "max": [
                0.09783023080396208,
                0.04720389323995994
            ],
            "len": [
                -0.06489686737160343,
                0.18862870851100177
            ],
            "norm": [
                0.09984182516540935,
                0.04281871478330656
            ]
        },
        "female_negative": {
            "raw": [
                0.06877046909120814,
                0.0062119326674973125
            ],
            "max": [
                0.13014585656747674,
                2.0528864835421348e-07
            ],
            "len": [
                0.0898826277854108,
                0.0003443240453648297
            ],
            "norm": [
                0.16035217602482182,
                1.413661149192671e-10
            ]
        },
        "male_negative": {
            "raw": [
                0.36901027987071455,
                2.0948607629013586e-52
            ],
            "max": [
                -0.037891984816443625,
                0.13121245138162105
            ],
            "len": [
                0.238969144867395,
                4.655214832844593e-22
            ],
            "norm": [
                0.011658699209843696,
                0.6424716449015083
            ]
        }
    },
    "Saliency_mean": {
        "abs_average": {
            "raw": 0.23070773988809484,
            "max": 0.06937184259746698,
            "len": 0.17534064000903593,
            "norm": 0.08893852690014721
        },
        "positive_abs_average": {
            "raw": 0.30851822322922623,
            "max": 0.0996294088002368,
            "len": 0.2829132830969056,
            "norm": 0.1306796767693528
        },
        "negative_abs_average": {
            "raw": 0.15289725654696343,
            "max": 0.03911427639469717,
            "len": 0.06776799692116625,
            "norm": 0.047197377030941616
        },
        "female_abs_average": {
            "raw": 0.3069098526401284,
            "max": 0.08744973040405268,
            "len": 0.2462844715650498,
            "norm": 0.12124026055570448
        },
        "male_abs_average": {
            "raw": 0.1545056271360613,
            "max": 0.051293954790881266,
            "len": 0.10439680845302204,
            "norm": 0.056636793244589936
        },
        "female_positive": {
            "raw": [
                -0.5705933627805199,
                1.7850138530915516e-37
            ],
            "max": [
                -0.11848820780825323,
                0.015359619513372875
            ],
            "len": [
                -0.48055609581108927,
                1.5395953082712395e-25
            ],
            "norm": [
                -0.1604347195494926,
                0.0009961222247644372
            ]
        },
        "male_positive": {
            "raw": [
                0.046443083677932574,
                0.347045741993524
            ],
            "max": [
                -0.08077060979222035,
                0.10159723812267038
            ],
            "len": [
                0.08527047038272191,
                0.08386412026440153
            ],
            "norm": [
                -0.10092463398921302,
                0.04060381782713827
            ]
        },
        "female_negative": {
            "raw": [
                -0.043226342499736836,
                0.08566087989678295
            ],
            "max": [
                0.05641125299985215,
                0.024849459020424736
            ],
            "len": [
                0.012012847319010327,
                0.6330467610423531
            ],
            "norm": [
                0.08204580156191638,
                0.0010898277875543564
            ]
        },
        "male_negative": {
            "raw": [
                0.26256817059419,
                1.8940664091729217e-26
            ],
            "max": [
                -0.021817299789542183,
                0.38493900709945716
            ],
            "len": [
                0.12352314652332216,
                7.91686857089587e-07
            ],
            "norm": [
                -0.012348952499966858,
                0.6229077392201319
            ]
        }
    }
}