{
    "raw_attention": {
        "abs_average": {
            "raw": 0.051533099062684745,
            "max": 0.05306208818098444,
            "len": 0.038838624851599536,
            "norm": 0.05414922601660066
        },
        "positive_abs_average": {
            "raw": 0.05714129840456773,
            "max": 0.04703192425613074,
            "len": 0.05869316646055523,
            "norm": 0.049826563162980446
        },
        "negative_abs_average": {
            "raw": 0.04592489972080176,
            "max": 0.05909225210583814,
            "len": 0.01898408324264384,
            "norm": 0.05847188887022086
        },
        "female_abs_average": {
            "raw": 0.07509646221834793,
            "max": 0.06977996349702484,
            "len": 0.05375044625177908,
            "norm": 0.07347523497726799
        },
        "male_abs_average": {
            "raw": 0.027969735907021558,
            "max": 0.03634421286494404,
            "len": 0.02392680345141999,
            "norm": 0.034823217055933324
        },
        "female_positive": {
            "raw": [
                0.10858609874586167,
                0.026420952096019724
            ],
            "max": [
                0.08572229949028835,
                0.0800196944511836
            ],
            "len": [
                0.09351739104144725,
                0.056077800676724375
            ],
            "norm": [
                0.09154333401007748,
                0.0614933654425155
            ]
        },
        "male_positive": {
            "raw": [
                0.0056964980632737885,
                0.9082264250010014
            ],
            "max": [
                0.008341549021973127,
                0.8659512264262242
            ],
            "len": [
                0.023868941879663208,
                0.6290364789879669
            ],
            "norm": [
                0.008109792315883409,
                0.8696418889963093
            ]
        },
        "female_negative": {
            "raw": [
                0.04160682569083419,
                0.09806793436986855
            ],
            "max": [
                0.05383762750376132,
                0.032256481754918014
            ],
            "len": [
                0.013983501462110907,
                0.5783664418433971
            ],
            "norm": [
                0.05540713594445849,
                0.027543015192838464
            ]
        },
        "male_negative": {
            "raw": [
                0.050242973750769325,
                0.04530021221138748
            ],
            "max": [
                0.06434687670791496,
                0.010322219710149174
            ],
            "len": [
                0.023984665023176775,
                0.33949329730876787
            ],
            "norm": [
                0.061536641795983234,
                0.014182346372161833
            ]
        }
    },
    "attention_rollout": {
        "abs_average": {
            "raw": 0.05654690710162166,
            "max": 0.044010326714097686,
            "len": 0.026106544144106354,
            "norm": 0.04716448070635549
        },
        "positive_abs_average": {
            "raw": 0.07778266327254196,
            "max": 0.06923666134686464,
            "len": 0.03727052672183674,
            "norm": 0.06233866383459388
        },
        "negative_abs_average": {
            "raw": 0.035311150930701383,
            "max": 0.01878399208133073,
            "len": 0.014942561566375964,
            "norm": 0.0319902975781171
        },
        "female_abs_average": {
            "raw": 0.043842571185859804,
            "max": 0.016737393806763666,
            "len": 0.03873216069060075,
            "norm": 0.01356270361634225
        },
        "male_abs_average": {
            "raw": 0.06925124301738353,
            "max": 0.0712832596214317,
            "len": 0.013480927597611957,
            "norm": 0.08076625779636873
        },
        "female_positive": {
            "raw": [
                0.059777197415879516,
                0.22262460936682246
            ],
            "max": [
                -0.01787303250869635,
                0.7155967690454561
            ],
            "len": [
                0.06615564363631843,
                0.17702102207381598
            ],
            "norm": [
                0.0013865448194512553,
                0.9774523109015412
            ]
        },
        "male_positive": {
            "raw": [
                -0.0957881291292044,
                0.05203440888277897
            ],
            "max": [
                -0.12060029018503293,
                0.014308351696083783
            ],
            "len": [
                0.00838540980735506,
                0.8652530804321098
            ],
            "norm": [
                -0.1232907828497365,
                0.01226286777652983
            ]
        },
        "female_negative": {
            "raw": [
                0.027907944955840088,
                0.26727515759628456
            ],
            "max": [
                0.015601755104830983,
                0.5351938473697981
            ],
            "len": [
                0.01130867774488307,
                0.6531039670542047
            ],
            "norm": [
                0.025738862413233244,
                0.306257178780265
            ]
        },
        "male_negative": {
            "raw": [
                0.042714356905562675,
                0.08883200570500004
            ],
            "max": [
                0.021966229057830477,
                0.3817021733856983
            ],
            "len": [
                0.018576445387868856,
                0.45945351235594817
            ],
            "norm": [
                0.038241732743000946,
                0.12768880677645755
            ]
        }
    },
    "attention_flow": {
        "abs_average": {
            "raw": 0.06596696850241783,
            "max": 0.042117577204024946,
            "len": 0.03916064665357524,
            "norm": 0.0613071062860139
        },
        "positive_abs_average": {
            "raw": 0.07289916119738897,
            "max": 0.022808843435562443,
            "len": 0.05544907241353427,
            "norm": 0.04436474714765251
        },
        "negative_abs_average": {
            "raw": 0.05903477580744669,
            "max": 0.06142631097248745,
            "len": 0.02287222089361622,
            "norm": 0.07824946542437529
        },
        "female_abs_average": {
            "raw": 0.09000796443428684,
            "max": 0.029403372208213045,
            "len": 0.06015732464926907,
            "norm": 0.054714393767430994
        },
        "male_abs_average": {
            "raw": 0.04192597257054882,
            "max": 0.05483178219983685,
            "len": 0.018163968657881426,
            "norm": 0.0678998188045968
        },
        "female_positive": {
            "raw": [
                0.11742482550642659,
                0.016310973989588463
            ],
            "max": [
                -0.013290702793565257,
                0.7864469319062023
            ],
            "len": [
                0.0934911203890907,
                0.05614718314721733
            ],
            "norm": [
                0.03301432624106123,
                0.5008571158009466
            ]
        },
        "male_positive": {
            "raw": [
                -0.028373496888351352,
                0.5657749932276298
            ],
            "max": [
                -0.03232698407755963,
                0.5128904805456678
            ],
            "len": [
                0.01740702443797784,
                0.7246303687519277
            ],
            "norm": [
                -0.055715168054243785,
                0.2591784264103557
            ]
        },