{
    "DeepLift_L2": {
        "abs_average": {
            "raw": 0.2585897672530927,
            "max": 0.09333366310774235,
            "len": 0.24268111380854232,
            "norm": 0.11682117669873773
        },
        "positive_abs_average": {
            "raw": 0.29260348891906957,
            "max": 0.10594057561393755,
            "len": 0.3199792344957519,
            "norm": 0.15111854352598292
        },
        "negative_abs_average": {
            "raw": 0.2245760455871158,
            "max": 0.08072675060154717,
            "len": 0.1653829931213327,
            "norm": 0.08252380987149256
        },
        "female_abs_average": {
            "raw": 0.2972406372831431,
            "max": 0.12144530382418459,
            "len": 0.32075581428573774,
            "norm": 0.17520341466397055
        },
        "male_abs_average": {
            "raw": 0.2199388972230423,
            "max": 0.06522202239130012,
            "len": 0.1646064133313469,
            "norm": 0.05843893873350491
        },
        "female_positive": {
            "raw": [
                0.5463995213042343,
                6.595049480250114e-34
            ],
            "max": [
                0.12074289715426346,
                0.013502025847332105
            ],
            "len": [
                0.5686316062887585,
                3.564218546383419e-37
            ],
            "norm": [
                0.2035506621100954,
                2.7514395263893872e-05
            ]
        },
        "male_positive": {
            "raw": [
                -0.03880745653390484,
                0.43209712613377854
            ],
            "max": [
                0.09113825407361162,
                0.0645832581869058
            ],
            "len": [
                -0.07132686270274527,
                0.14839616411848208
            ],
            "norm": [
                0.09868642494187042,
                0.04529346280415318
            ]
        },
        "female_negative": {
            "raw": [
                0.04808175326205184,
                0.05587422026887427
            ],
            "max": [
                0.12214771049410571,
                1.1004795207207352e-06
            ],
            "len": [
                0.07288002228271692,
                0.0037277865978884044
            ],
            "norm": [
                0.14685616721784572,
                4.401881808481109e-09
            ]
        },
        "male_negative": {
            "raw": [
                0.4010703379121798,
                1.9899521670746887e-62
            ],
            "max": [
                -0.03930579070898863,
                0.11741973016207254
            ],
            "len": [
                0.2578859639599485,
                1.532091967835027e-25
            ],
            "norm": [
                0.018191452525139398,
                0.4688120031231011
            ]
        }
    },
    "DeepLift_mean": {
        "abs_average": {
            "raw": 0.17659635310107666,
            "max": 0.06366379863908461,
            "len": 0.17475719121689037,
            "norm": 0.06807294132291491
        },
        "positive_abs_average": {
            "raw": 0.19281175059448305,
            "max": 0.08525436077853742,
            "len": 0.21063260466962597,
            "norm": 0.09887223768540172
        },
        "negative_abs_average": {
            "raw": 0.1603809556076703,
            "max": 0.042073236499631836,
            "len": 0.13888177776415475,
            "norm": 0.03727364496042811
        },
        "female_abs_average": {
            "raw": 0.16992764264789684,
            "max": 0.042835150347004414,
            "len": 0.22880340372325408,
            "norm": 0.059802657504620035
        },
        "male_abs_average": {
            "raw": 0.18326506355425648,
            "max": 0.08449244693116482,
            "len": 0.12071097871052665,
            "norm": 0.0763432251412098
        },
        "female_positive": {
            "raw": [
                -0.3321700355398356,
                3.1745316680622245e-12
            ],
            "max": [
                -0.024736323283715243,
                0.6140519512313668
            ],
            "len": [
                -0.4122981037025731,
                1.3846783187090286e-18
            ],
            "norm": [
                -0.05341188426203927,
                0.27592625802677945
            ]
        },
        "male_positive": {
            "raw": [
                -0.05345346564913049,
                0.2790462056442642
            ],
            "max": [
                -0.14577239827335958,
                0.0030197139438065523
            ],
            "len": [
                0.008967105636678872,
                0.8560041573656473
            ],
            "norm": [
                -0.14433259110876417,
                0.003323467243640679
            ]
        },
        "female_negative": {
            "raw": [
                -0.007685249755958107,
                0.7600319637948322
            ],
            "max": [
                0.06093397741029359,
                0.015352843978457792
            ],
            "len": [
                0.04530870374393507,
                0.07160432403442048
            ],
            "norm": [
                0.0661934307472008,
                0.008448265662670833
            ]
        },
        "male_negative": {
            "raw": [
                0.31307666145938245,
                1.8874826196339703e-37
            ],
            "max": [
                -0.023212495588970077,
                0.35527416288673547
            ],
            "len": [
                0.23245485178437442,
                6.3030944833494115e-21
            ],
            "norm": [
                0.008353859173655418,
                0.7394040856431422
            ]
        }
    }
}