{
    "ShapleyValue": {
        "abs_average": {
            "raw": 0.14033110884859307,
            "max": 0.09477431249608187,
            "len": 0.21285248824656627,
            "norm": 0.1752009472268387
        },
        "positive_abs_average": {
            "raw": 0.11595616673787458,
            "max": 0.12672782851442713,
            "len": 0.16132340687268165,
            "norm": 0.19794271590273532
        },
        "negative_abs_average": {
            "raw": 0.16470605095931157,
            "max": 0.0628207964777366,
            "len": 0.2643815696204509,
            "norm": 0.15245917855094207
        },
        "black_abs_average": {
            "raw": 0.1919643769763576,
            "max": 0.15485852777440465,
            "len": 0.23627653115497538,
            "norm": 0.21965371547890208
        },
        "white_abs_average": {
            "raw": 0.08869784072082854,
            "max": 0.03469009721775908,
            "len": 0.1894284453381572,
            "norm": 0.1307481789747753
        },
        "black_positive": {
            "raw": [
                0.21650786654459936,
                3.1604596633652035e-08
            ],
            "max": [
                0.20762266362547474,
                1.1575405502861962e-07
            ],
            "len": [
                0.24673653177269766,
                2.4854804102280706e-10
            ],
            "norm": [
                0.28915736883123266,
                8.598255496988143e-14
            ]
        },
        "white_positive": {
            "raw": [
                0.015404466931149814,
                0.6651156848837565
            ],
            "max": [
                -0.04583299340337951,
                0.19757381544495164
            ],
            "len": [
                -0.07591028197266565,
                0.032678338618351614
            ],
            "norm": [
                -0.10672806297423795,
                0.0026345478328104813
            ]
        },
        "black_negative": {
            "raw": [
                0.16742088740811586,
                5.218235701040446e-10
            ],
            "max": [
                0.10209439192333455,
                0.0001623007011026202
            ],
            "len": [
                0.2258165305372531,
                3.481790232592651e-17
            ],
            "norm": [
                0.1501500621265715,
                2.640555652828513e-08
            ]
        },
        "white_negative": {
            "raw": [
                -0.16199121451050727,
                1.4977614853613192e-08
            ],
            "max": [
                -0.023547201032138646,
                0.4135401902130058
            ],
            "len": [
                -0.30294660870364876,
                4.639797652709185e-27
            ],
            "norm": [
                -0.15476829497531264,
                6.437268211012801e-08
            ]
        }
    }
}