{
    "IntegratedGradients_L2": {
        "abs_average": {
            "raw": 0.4838219380942942,
            "max": 0.3021634768517448,
            "len": 0.34166346768428446,
            "norm": 0.36398648238681797
        },
        "positive_abs_average": {
            "raw": 0.43025913867723087,
            "max": 0.3468486145353599,
            "len": 0.33728138570000415,
            "norm": 0.3801029791927714
        },
        "negative_abs_average": {
            "raw": 0.5373847375113576,
            "max": 0.25747833916812984,
            "len": 0.3460455496685648,
            "norm": 0.34786998558086457
        },
        "black_abs_average": {
            "raw": 0.5145300980047542,
            "max": 0.328659521378374,
            "len": 0.3785423723345359,
            "norm": 0.3976422055700447
        },
        "white_abs_average": {
            "raw": 0.4531137781838342,
            "max": 0.2756674323251157,
            "len": 0.30478456303403306,
            "norm": 0.33033075920359123
        },
        "black_positive": {
            "raw": [
                0.601975409284211,
                2.3717504824127638e-64
            ],
            "max": [
                0.4446316256195948,
                2.1505695777728743e-32
            ],
            "len": [
                0.45849768327415474,
                1.38020384452608e-34
            ],
            "norm": [
                0.5139562506273373,
                1.9595417043829006e-44
            ]
        },
        "white_positive": {
            "raw": [
                -0.25854286807025073,
                1.462060973025597e-13
            ],
            "max": [
                -0.24906560345112505,
                1.1553361956884318e-12
            ],
            "len": [
                -0.21606508812585354,
                8.06112036089198e-10
            ],
            "norm": [
                -0.24624970775820554,
                2.1006818274558917e-12
            ]
        },
        "black_negative": {
            "raw": [
                -0.4270847867252976,
                2.08077617592717e-61
            ],
            "max": [
                -0.21268741713715325,
                2.241810000577406e-15
            ],
            "len": [
                -0.29858706139491703,
                2.090186403941728e-29
            ],
            "norm": [
                -0.2813281605127521,
                3.700376453018701e-26
            ]
        },
        "white_negative": {
            "raw": [
                0.6476846882974177,
                1.3307851291298622e-144
            ],
            "max": [
                0.3022692611991064,
                6.10423456204101e-27
            ],
            "len": [
                0.39350403794221256,
                5.09075467368226e-46
            ],
            "norm": [
                0.414411810648977,
                2.4971330800263972e-51
            ]
        }
    },
    "IntegratedGradients_mean": {
        "abs_average": {
            "raw": 0.3098768508421337,
            "max": 0.22009510570142565,
            "len": 0.27991382620346084,
            "norm": 0.2498758948210486
        },
        "positive_abs_average": {
            "raw": 0.21487460804731706,
            "max": 0.23960876323307267,
            "len": 0.19758320045551808,
            "norm": 0.25945533510110713
        },
        "negative_abs_average": {
            "raw": 0.4048790936369503,
            "max": 0.20058144816977863,
            "len": 0.36224445195140353,
            "norm": 0.24029645454099013
        },
        "black_abs_average": {
            "raw": 0.3447534254406104,
            "max": 0.2246492368906989,
            "len": 0.31426672395015537,
            "norm": 0.2745187278931329
        },
        "white_abs_average": {
            "raw": 0.27500027624365697,
            "max": 0.2155409745121524,
            "len": 0.24556092845676625,
            "norm": 0.22523306174896432
        },
        "black_positive": {
            "raw": [
                0.30548337009315163,
                2.7279429078866765e-15
            ],
            "max": [
                0.2620015897315343,
                1.6598945614246763e-11
            ],
            "len": [
                0.28786354756662674,
                1.1197214825264049e-13
            ],
            "norm": [
                0.31061822789235216,
                8.801941615884561e-16
            ]
        },
        "white_positive": {
            "raw": [
                -0.1242658460014825,
                0.00045622636145007197
            ],
            "max": [
                -0.217215936734611,
                6.522988591819984e-10
            ],
            "len": [
                -0.10730285334440941,
                0.0024967542261951033
            ],
            "norm": [
                -0.2082924423098621,
                3.2660526420940963e-09
            ]
        },
        "black_negative": {
            "raw": [
                0.38402348078806914,
                5.0083721541247565e-49
            ],
            "max": [
                0.1872968840498635,
                3.34242267700894e-12
            ],
            "len": [
                0.340669900333684,
                2.64905192214344e-38
            ],
            "norm": [
                0.23841922789391373,
                4.957081508405037e-19
            ]
        },
        "white_negative": {
            "raw": [
                -0.42573470648583145,
                2.2943360781766217e-54
            ],
            "max": [
                -0.2138660122896938,
                5.797347006910334e-14
            ],
            "len": [
                -0.3838190035691231,
                1.0962519681154925e-43
            ],
            "norm": [
                -0.24217368118806654,
                1.3928974924178734e-17
            ]
        }
    }
}