{
    "InputXGradient_L2": {
        "abs_average": {
            "raw": 0.5694794993848801,
            "max": 0.27838799078104054,
            "len": 0.4009927352780489,
            "norm": 0.35151948408112144
        },
        "positive_abs_average": {
            "raw": 0.6140489113629273,
            "max": 0.390882777572597,
            "len": 0.45336623995580366,
            "norm": 0.4173716965795911
        },
        "negative_abs_average": {
            "raw": 0.5249100874068329,
            "max": 0.16589320398948415,
            "len": 0.34861923060029415,
            "norm": 0.2856672715826518
        },
        "black_abs_average": {
            "raw": 0.6046973455961224,
            "max": 0.34001459952415625,
            "len": 0.4431765666926478,
            "norm": 0.41582366149693006
        },
        "white_abs_average": {
            "raw": 0.5342616531736377,
            "max": 0.21676138203792483,
            "len": 0.35880890386345,
            "norm": 0.28721530666531286
        },
        "black_positive": {
            "raw": [
                0.7504779817283665,
                7.382441570740361e-117
            ],
            "max": [
                0.5543855757441116,
                7.5730837307487715e-53
            ],
            "len": [
                0.5674529639963752,
                8.048205165427337e-56
            ],
            "norm": [
                0.5874340264305312,
                1.240058591651965e-60
            ]
        },
        "white_positive": {
            "raw": [
                -0.47761984099748805,
                2.2598448622977626e-46
            ],
            "max": [
                -0.22737997940108232,
                9.54937187776761e-11
            ],
            "len": [
                -0.3392795159152321,
                8.698965822493841e-23
            ],
            "norm": [
                -0.24730936672865103,
                1.6789138666496022e-12
            ]
        },
        "black_negative": {
            "raw": [
                -0.4589167094638783,
                8.620553208730758e-72
            ],
            "max": [
                -0.1256436233042009,
                3.3569551690437837e-06
            ],
            "len": [
                -0.31890016938892046,
                1.5958419655292984e-33
            ],
            "norm": [
                -0.24421329656332896,
                6.448041539274552e-20
            ]
        },
        "white_negative": {
            "raw": [
                0.5909034653497874,
                1.291749485261279e-114
            ],
            "max": [
                0.20614278467476738,
                4.648887350995862e-13
            ],
            "len": [
                0.37833829181166784,
                2.117693624469329e-42
            ],
            "norm": [
                0.3271212466019747,
                1.601438309146287e-31
            ]
        }
    },
    "InputXGradient_mean": {
        "abs_average": {
            "raw": 0.40234594344229313,
            "max": 0.16933053790405153,
            "len": 0.3040282930684553,
            "norm": 0.23843231697772477
        },
        "positive_abs_average": {
            "raw": 0.4032083534696572,
            "max": 0.1784175652555069,
            "len": 0.30076108391154643,
            "norm": 0.2368412347954367
        },
        "negative_abs_average": {
            "raw": 0.40148353341492904,
            "max": 0.16024351055259617,
            "len": 0.30729550222536417,
            "norm": 0.24002339916001286
        },
        "black_abs_average": {
            "raw": 0.40772360782899,
            "max": 0.1540005619634492,
            "len": 0.3004667844905869,
            "norm": 0.22067314327029763
        },
        "white_abs_average": {
            "raw": 0.3969682790555963,
            "max": 0.18466051384465387,
            "len": 0.3075898016463237,
            "norm": 0.2561914906851519
        },
        "black_positive": {
            "raw": [
                0.44615571361122563,
                1.2486979699365525e-32
            ],
            "max": [
                0.18179504168496147,
                3.6792385377494283e-06
            ],
            "len": [
                0.3508396494152902,
                5.655087277406888e-20
            ],
            "norm": [
                0.24951959713564875,
                1.537688346171902e-10
            ]
        },
        "white_positive": {
            "raw": [
                -0.36026099332808886,
                1.1083446262979829e-25
            ],
            "max": [
                -0.1750400888260523,
                7.173755185024533e-07
            ],
            "len": [
                -0.2506825184078026,
                8.168698281069665e-13
            ],
            "norm": [
                -0.22416287245522465,
                1.7720324382051448e-10
            ]
        },
        "black_negative": {
            "raw": [
                0.36929150204675437,
                3.391891679601846e-45
            ],
            "max": [
                0.1262060822419369,
                3.031860862815854e-06
            ],
            "len": [
                0.25009391956588356,
                7.697833104955203e-21
            ],
            "norm": [
                0.19182668940494652,
                9.744689010922033e-13
            ]
        },
        "white_negative": {
            "raw": [
                -0.4336755647831037,
                1.4478775779257567e-56
            ],
            "max": [
                -0.19428093886325543,
                9.726878405325359e-12
            ],
            "len": [
                -0.36449708488484484,
                2.921007437207175e-39
            ],
            "norm": [
                -0.2882201089150792,
                1.534796853286565e-24
            ]
        }
    }
}