{
    "Occlusion": {
        "abs_average": {
            "raw": 0.6845512561661491,
            "max": 0.45165405389681396,
            "len": 0.5352257295917303,
            "norm": 0.44616444443054704
        },
        "positive_abs_average": {
            "raw": 0.6637089519733624,
            "max": 0.5526083624138356,
            "len": 0.49747458896604235,
            "norm": 0.4885003038374106
        },
        "negative_abs_average": {
            "raw": 0.7053935603589356,
            "max": 0.3506997453797924,
            "len": 0.5729768702174184,
            "norm": 0.4038285850236835
        },
        "black_abs_average": {
            "raw": 0.8677730378796995,
            "max": 0.5523978468153152,
            "len": 0.6939954415594779,
            "norm": 0.5504582962767074
        },
        "white_abs_average": {
            "raw": 0.5013294744525987,
            "max": 0.3509102609783127,
            "len": 0.3764560176239828,
            "norm": 0.3418705925843867
        },
        "black_positive": {
            "raw": [
                0.8384094433713246,
                2.6145020200581434e-170
            ],
            "max": [
                0.660944294467698,
                1.3429437733594137e-81
            ],
            "len": [
                0.6843909468790292,
                1.340443156168944e-89
            ],
            "norm": [
                0.5966778554619301,
                5.645854585985087e-63
            ]
        },
        "white_positive": {
            "raw": [
                -0.4890084605754003,
                7.581247527771843e-49
            ],
            "max": [
                -0.4442724303599731,
                1.2162081761738658e-39
            ],
            "len": [
                -0.3105582310530554,
                3.6111703450499986e-19
            ],
            "norm": [
                -0.3803227522128911,
                1.167885705583344e-28
            ]
        },
        "black_negative": {
            "raw": [
                0.8971366323880743,
                0.0
            ],
            "max": [
                0.4438513991629326,
                9.710536556751933e-67
            ],
            "len": [
                0.7035999362399266,
                9.811395307601811e-204
            ],
            "norm": [
                0.5042387370914847,
                1.3183065088412601e-88
            ]
        },
        "white_negative": {
            "raw": [
                -0.513650488329797,
                2.721994388309629e-82
            ],
            "max": [
                -0.2575480915966522,
                9.369877090467001e-20
            ],
            "len": [
                -0.44235380419491016,
                4.881594751947584e-59
            ],
            "norm": [
                -0.30341843295588233,
                3.831137078407912e-27
            ]
        }
    }
}