{
    "Saliency_L2": {
        "abs_average": {
            "raw": 0.5820508418770485,
            "max": 0.2871977910880459,
            "len": 0.41157223857521685,
            "norm": 0.3680135689118062
        },
        "positive_abs_average": {
            "raw": 0.6274953323831519,
            "max": 0.39891030801237365,
            "len": 0.46329179306782875,
            "norm": 0.4378353847217133
        },
        "negative_abs_average": {
            "raw": 0.5366063513709449,
            "max": 0.1754852741637181,
            "len": 0.35985268408260496,
            "norm": 0.2981917531018991
        },
        "black_abs_average": {
            "raw": 0.614287473547228,
            "max": 0.33778808248341535,
            "len": 0.450743646198007,
            "norm": 0.42838879003659147
        },
        "white_abs_average": {
            "raw": 0.5498142102068688,
            "max": 0.2366074996926764,
            "len": 0.3724008309524267,
            "norm": 0.3076383477870209
        },
        "black_positive": {
            "raw": [
                0.7700955758777206,
                1.1399897131181276e-126
            ],
            "max": [
                0.5556730225965824,
                3.9096155765524166e-53
            ],
            "len": [
                0.5845097808892812,
                6.586389123361713e-60
            ],
            "norm": [
                0.614532348914183,
                1.0157087639094718e-67
            ]
        },
        "white_positive": {
            "raw": [
                -0.48489508888858324,
                6.084188009501633e-48
            ],
            "max": [
                -0.24214759342816491,
                4.9528674416312875e-12
            ],
            "len": [
                -0.3420738052463763,
                3.6854332266442716e-23
            ],
            "norm": [
                -0.26113842052924363,
                8.177685451153678e-14
            ]
        },
        "black_negative": {
            "raw": [
                -0.4584793712167354,
                1.2183859121314278e-71
            ],
            "max": [
                -0.11990314237024831,
                9.26090459971906e-06
            ],
            "len": [
                -0.3169775115067328,
                4.042418347237739e-33
            ],
            "norm": [
                -0.242245231159,
                1.2969716363877468e-19
            ]
        },
        "white_negative": {
            "raw": [
                0.6147333315251545,
                1.8656710128612076e-126
            ],
            "max": [
                0.23106740595718786,
                4.18653010320514e-16
            ],
            "len": [
                0.40272785665847705,
                2.5773473085719045e-48
            ],
            "norm": [
                0.3541382750447982,
                5.205666277553047e-37
            ]
        }
    },
    "Saliency_mean": {
        "abs_average": {
            "raw": 0.40359373708988006,
            "max": 0.16515084044148934,
            "len": 0.2962029632055999,
            "norm": 0.20522578471063263
        },
        "positive_abs_average": {
            "raw": 0.4097582476431711,
            "max": 0.19031530286150147,
            "len": 0.3169743612455846,
            "norm": 0.20793816409007582
        },
        "negative_abs_average": {
            "raw": 0.397429226536589,
            "max": 0.1399863780214772,
            "len": 0.2754315651656152,
            "norm": 0.20251340533118947
        },
        "black_abs_average": {
            "raw": 0.4217328812471438,
            "max": 0.17072981220704073,
            "len": 0.3316156523484749,
            "norm": 0.20940165204589875
        },
        "white_abs_average": {
            "raw": 0.3854545929326163,
            "max": 0.15957186867593795,
            "len": 0.26079027406272487,
            "norm": 0.20104991737536654
        },
        "black_positive": {
            "raw": [
                -0.506917579082204,
                4.409188024001541e-43
            ],
            "max": [
                -0.2444184418097253,
                3.6912737523276685e-10
            ],
            "len": [
                -0.40709204013945455,
                6.083274462127129e-27
            ],
            "norm": [
                -0.26703509241545287,
                6.538447508532489e-12
            ]
        },
        "white_positive": {
            "raw": [
                -0.31259891620413816,
                2.0571597412417474e-19
            ],
            "max": [
                -0.13621216391327765,
                0.00012043901261706161
            ],
            "len": [
                -0.2268566823517146,
                1.0566369445197335e-10
            ],
            "norm": [
                -0.14884123576469876,
                2.603961973304396e-05
            ]
        },
        "black_negative": {
            "raw": [
                -0.3365481834120836,
                2.2804943324867557e-37
            ],
            "max": [
                -0.09704118260435615,
                0.0003385374078926548
            ],
            "len": [
                -0.25613926455749525,
                8.165440118790247e-22
            ],
            "norm": [
                -0.15176821167634463,
                1.8615545582291532e-08
            ]
        },
        "white_negative": {
            "raw": [
                -0.45831026966109445,
                8.949492771417565e-64
            ],
            "max": [
                0.18293157343859826,
                1.498118903562742e-10
            ],
            "len": [
                -0.29472386577373516,
                1.2344524238086973e-25
            ],
            "norm": [
                0.2532585989860343,
                3.914738396390798e-19
            ]
        }
    }
}