{
    "raw_attention": {
        "abs_average": {
            "raw": 0.3850550525766567,
            "max": 0.3845538998563844,
            "len": 0.26920002483308025,
            "norm": 0.3871629614705075
        },
        "positive_abs_average": {
            "raw": 0.3537235909568364,
            "max": 0.3390486954198507,
            "len": 0.25580114995541076,
            "norm": 0.3494116307426593
        },
        "negative_abs_average": {
            "raw": 0.4163865141964769,
            "max": 0.43005910429291805,
            "len": 0.2825988997107498,
            "norm": 0.4249142921983557
        },
        "black_abs_average": {
            "raw": 0.4314003745161603,
            "max": 0.4386570791683386,
            "len": 0.2995893122047456,
            "norm": 0.44082819863325673
        },
        "white_abs_average": {
            "raw": 0.33870973063715304,
            "max": 0.33045072054443014,
            "len": 0.2388107374614149,
            "norm": 0.33349772430775826
        },
        "black_positive": {
            "raw": [
                0.4650275215312927,
                1.1802924762678059e-35
            ],
            "max": [
                0.4572161116456116,
                2.2225332091568283e-34
            ],
            "len": [
                0.3263106193786783,
                2.4137236063156206e-17
            ],
            "norm": [
                0.465742880074594,
                8.986379784249405e-36
            ]
        },
        "white_positive": {
            "raw": [
                -0.24241966038238016,
                4.6812519999337545e-12
            ],
            "max": [
                -0.2208812791940898,
                3.2973995998370673e-10
            ],
            "len": [
                -0.18529168053214323,
                1.505570425460221e-07
            ],
            "norm": [
                -0.23308038141072454,
                3.120326626692166e-11
            ]
        },
        "black_negative": {
            "raw": [
                -0.39777322750102795,
                8.764017249096811e-53
            ],
            "max": [
                -0.42009804669106565,
                2.8345377102934906e-59
            ],
            "len": [
                -0.272868005030813,
                1.1991764728085368e-24
            ],
            "norm": [
                -0.41591351719191944,
                5.0912049827116e-58
            ]
        },
        "white_negative": {
            "raw": [
                0.43499980089192586,
                6.139409920802257e-57
            ],
            "max": [
                0.44002016189477045,
                2.2930846434240923e-58
            ],
            "len": [
                0.29232979439068657,
                3.145655550700724e-25
            ],
            "norm": [
                0.43391506720479195,
                1.2401227314224287e-56
            ]
        }
    },
    "attention_rollout": {
        "abs_average": {
            "raw": 0.39892267136102105,
            "max": 0.19921141145197707,
            "len": 0.3206155618846181,
            "norm": 0.2761443149879522
        },
        "positive_abs_average": {
            "raw": 0.38716784345848004,
            "max": 0.20780091788193025,
            "len": 0.2963544221017359,
            "norm": 0.2950975376001227
        },
        "negative_abs_average": {
            "raw": 0.410677499263562,
            "max": 0.19062190502202386,
            "len": 0.3448767016675003,
            "norm": 0.25719109237578175
        },
        "black_abs_average": {
            "raw": 0.44376287021623495,
            "max": 0.2490565485150908,
            "len": 0.3447043567038357,
            "norm": 0.3269774186644686
        },
        "white_abs_average": {
            "raw": 0.35408247250580716,
            "max": 0.14936627438886335,
            "len": 0.2965267670654005,
            "norm": 0.22531121131143586
        },
        "black_positive": {
            "raw": [
                0.5198963342333269,
                1.337079813317555e-45
            ],
            "max": [
                0.30344529025314043,
                4.247683925754905e-15
            ],
            "len": [
                0.3772756836785371,
                4.4333528967623964e-23
            ],
            "norm": [
                0.4143384913063265,
                6.089801341394839e-28
            ]
        },
        "white_positive": {
            "raw": [
                -0.25443935268363316,
                3.6158454656271414e-13
            ],
            "max": [
                -0.11215654551072009,
                0.0015703469255391772
            ],
            "len": [
                -0.21543316052493472,
                9.050365418095126e-10
            ],
            "norm": [
                -0.17585658389391884,
                6.355585475963823e-07
            ]
        },
        "black_negative": {
            "raw": [
                -0.36762940619914297,
                8.918782816773879e-45
            ],
            "max": [
                -0.19466780677704112,
                4.428369597744042e-13
            ],
            "len": [
                -0.31213302972913426,
                4.0799881226043655e-32
            ],
            "norm": [
                -0.23961634602261067,
                3.26682488921069e-19
            ]
        },
        "white_negative": {
            "raw": [
                0.4537255923279811,
                2.1810296207826033e-62
            ],
            "max": [
                0.1865760032670066,
                6.34205581052104e-11
            ],
            "len": [
                0.3776203736058663,
                3.108099921441656e-42
            ],
            "norm": [
                0.2747658387289529,
                2.295329404742581e-22
            ]
        }
    },
    "attention_flow": {
        "abs_average": {
            "raw": 0.3666156815121353,
            "max": 0.09812980156966368,
            "len": 0.28745880130998647,
            "norm": 0.18509358217707503
        },
        "positive_abs_average": {
            "raw": 0.3832897651344959,
            "max": 0.14321095666996936,
            "len": 0.31713774664753097,
            "norm": 0.24808517512360023
        },
        "negative_abs_average": {
            "raw": 0.34994159788977475,
            "max": 0.05304864646935801,
            "len": 0.2577798559724419,
            "norm": 0.12210198923054984
        },
        "black_abs_average": {
            "raw": 0.4218766742871901,
            "max": 0.14014500194034402,
            "len": 0.33455199119038015,
            "norm": 0.2430260145323502
        },
        "white_abs_average": {
            "raw": 0.31135468873708055,
            "max": 0.05611460119898335,
            "len": 0.24036561142959273,
            "norm": 0.12716114982179985
        },
        "black_positive": {
            "raw": [
                0.5091838630163943,
                1.6308790759787198e-43
            ],
            "max": [
                0.18770097698490612,
                1.7374776017509297e-06
            ],
            "len": [
                0.40534150113427014,
                1.0518257960476684e-26
            ],
            "norm": [
                0.32135560310073863,
                7.688460153203665e-17
            ]
        },
        "white_positive": {
            "raw": [
                -0.25739566725259755,
                1.8862695963133227e-13
            ],
            "max": [
                -0.09872093635503258,
                0.005424845482412515
            ],
            "len": [
                -0.22893399216079183,
                7.060238166836363e-11
            ],
            "norm": [
                -0.1748147471464618,
                7.416826592380389e-07
            ]
        },