{
    "DeepLift_L2": {
        "abs_average": {
            "raw": 0.60764605881596,
            "max": 0.2668938400185956,
            "len": 0.43083528265426085,
            "norm": 0.3568149071657557
        },
        "positive_abs_average": {
            "raw": 0.644010143126672,
            "max": 0.370726319681354,
            "len": 0.47288481703778934,
            "norm": 0.4220516951760725
        },
        "negative_abs_average": {
            "raw": 0.571281974505248,
            "max": 0.1630613603558373,
            "len": 0.3887857482707323,
            "norm": 0.29157811915543885
        },
        "black_abs_average": {
            "raw": 0.6404699659643103,
            "max": 0.3263910334014114,
            "len": 0.4650078660346801,
            "norm": 0.41705055532661167
        },
        "white_abs_average": {
            "raw": 0.5748221516676097,
            "max": 0.2073966466357799,
            "len": 0.39666269927384157,
            "norm": 0.2965792590048997
        },
        "black_positive": {
            "raw": [
                0.7711310702351389,
                3.2504644420804055e-127
            ],
            "max": [
                0.5491312962473072,
                1.0920664676076941e-51
            ],
            "len": [
                0.58557688045853,
                3.58808886711547e-60
            ],
            "norm": [
                0.6076444144659638,
                7.465105128552433e-66
            ]
        },
        "white_positive": {
            "raw": [
                -0.5168892160182051,
                2.590213905240568e-55
            ],
            "max": [
                -0.19232134311540086,
                4.9012885418833477e-08
            ],
            "len": [
                -0.3601927536170487,
                1.1335664191085927e-25
            ],
            "norm": [
                -0.23645897588618117,
                1.5856090379323657e-11
            ]
        },
        "black_negative": {
            "raw": [
                -0.5098088616934816,
                7.468964695156421e-91
            ],
            "max": [
                -0.10365077055551568,
                0.0001285319229874602
            ],
            "len": [
                -0.3444388516108302,
                3.595016362840465e-39
            ],
            "norm": [
                -0.22645669618725953,
                2.822452847429398e-17
            ]
        },
        "white_negative": {
            "raw": [
                0.6327550873170142,
                4.160397772693234e-136
            ],
            "max": [
                0.22247195015615892,
                5.1772281796585544e-15
            ],
            "len": [
                0.43313264493063436,
                2.0559736691009657e-56
            ],
            "norm": [
                0.3566995421236182,
                1.4711525788467668e-37
            ]
        }
    },
    "DeepLift_mean": {
        "abs_average": {
            "raw": 0.4107899261749913,
            "max": 0.12704699946002912,
            "len": 0.33414384226578,
            "norm": 0.1847971135179074
        },
        "positive_abs_average": {
            "raw": 0.42388450322768423,
            "max": 0.17703962533890502,
            "len": 0.33593644677320345,
            "norm": 0.21210053195932205
        },
        "negative_abs_average": {
            "raw": 0.39769534912229854,
            "max": 0.0770543735811532,
            "len": 0.33235123775835657,
            "norm": 0.15749369507649275
        },
        "black_abs_average": {
            "raw": 0.4312547600382677,
            "max": 0.18253702369065156,
            "len": 0.3128212775996948,
            "norm": 0.2388523415703174
        },
        "white_abs_average": {
            "raw": 0.390325092311715,
            "max": 0.07155697522940666,
            "len": 0.3554664069318652,
            "norm": 0.13074188546549742
        },
        "black_positive": {
            "raw": [
                -0.48106173441193445,
                2.2370668967086533e-38
            ],
            "max": [
                -0.2820131591711808,
                3.6343185655374877e-13
            ],
            "len": [
                -0.40943226690119816,
                2.9108025347900755e-27
            ],
            "norm": [
                -0.3260586370350868,
                2.561529152741157e-17
            ]
        },
        "white_positive": {
            "raw": [
                0.366707272043434,
                1.290658834541005e-26
            ],
            "max": [
                0.07206609150662922,
                0.042605877026253104
            ],
            "len": [
                -0.2624406266452087,
                6.095037208045891e-14
            ],
            "norm": [
                0.09814242688355729,
                0.005704747316670913
            ]
        },
        "black_negative": {
            "raw": [
                -0.38144778566460097,
                2.4198046071620035e-48
            ],
            "max": [
                -0.08306088821012234,
                0.0021722199197544085
            ],
            "len": [
                -0.21621028829819142,
                7.527288866970509e-16
            ],
            "norm": [
                -0.151646046105548,
                1.9115865576583533e-08
            ]
        },
        "white_negative": {
            "raw": [
                0.41394291257999605,
                3.316716624136714e-51
            ],
            "max": [
                0.07104785895218407,
                0.013514115268013879
            ],
            "len": [
                -0.44849218721852174,
                7.872350145534725e-61
            ],
            "norm": [
                0.16334134404743753,
                1.1320889678823288e-08
            ]
        }
    }
}