{
    "Saliency_L2": {
        "abs_average": {
            "raw": 0.3578437998522741,
            "max": 0.15694357475302903,
            "len": 0.2874960309679766,
            "norm": 0.13956144145665791
        },
        "positive_abs_average": {
            "raw": 0.2841432152854202,
            "max": 0.204902875152205,
            "len": 0.2305935091554633,
            "norm": 0.24617820365260323
        },
        "negative_abs_average": {
            "raw": 0.43154438441912807,
            "max": 0.10898427435385305,
            "len": 0.34439855278048986,
            "norm": 0.03294467926071256
        },
        "female_abs_average": {
            "raw": 0.4419294325032544,
            "max": 0.10163826047538532,
            "len": 0.3551020414394509,
            "norm": 0.0913198033396931
        },
        "male_abs_average": {
            "raw": 0.27375816720129387,
            "max": 0.21224888903067274,
            "len": 0.21989002049650225,
            "norm": 0.18780307957362272
        },
        "female_positive": {
            "raw": [
                0.4319687405327537,
                4.18457321245048e-23
            ],
            "max": [
                0.12571453857029416,
                0.0059712053761412105
            ],
            "len": [
                0.4012954380907628,
                6.983450584335411e-20
            ],
            "norm": [
                0.18088259602690424,
                7.097618681130502e-05
            ]
        },
        "male_positive": {
            "raw": [
                0.13631769003808672,
                0.0051887482012034775
            ],
            "max": [
                0.2840912117341159,
                3.2145844525434754e-09
            ],
            "len": [
                -0.05989158022016384,
                0.2211838959393125
            ],
            "norm": [
                0.31147381127830226,
                7.052178555527542e-11
            ]
        },
        "female_negative": {
            "raw": [
                -0.4518901244737551,
                1.6372504874709416e-77
            ],
            "max": [
                0.0775619823804765,
                0.0024537774527073914
            ],
            "len": [
                -0.30890864478813906,
                4.949705658218301e-35
            ],
            "norm": [
                0.0017570106524819641,
                0.9453779036357115
            ]
        },
        "male_negative": {
            "raw": [
                0.41119864436450104,
                1.5048819485059929e-65
            ],
            "max": [
                -0.1404065663272296,
                2.0682524216078715e-08
            ],
            "len": [
                0.37988846077284066,
                1.9193410458269167e-55
            ],
            "norm": [
                -0.06413234786894316,
                0.01075296280283923
            ]
        }
    },
    "Saliency_mean": {
        "abs_average": {
            "raw": 0.2955870588564238,
            "max": 0.11770757894148749,
            "len": 0.236473008383573,
            "norm": 0.13163942860849875
        },
        "positive_abs_average": {
            "raw": 0.25523551516586096,
            "max": 0.1963864312849707,
            "len": 0.23987238134562547,
            "norm": 0.2369993086450634
        },
        "negative_abs_average": {
            "raw": 0.3359386025469867,
            "max": 0.03902872659800427,
            "len": 0.23307363542152054,
            "norm": 0.026279548571934062
        },
        "female_abs_average": {
            "raw": 0.41965740018320874,
            "max": 0.13172463728253878,
            "len": 0.342894358873733,
            "norm": 0.15241379429906665
        },
        "male_abs_average": {
            "raw": 0.17151671752963887,
            "max": 0.10369052060043621,
            "len": 0.13005165789341303,
            "norm": 0.11086506291793083
        },
        "female_positive": {
            "raw": [
                -0.4645377774211529,
                6.608174812929705e-27
            ],
            "max": [
                -0.24772887842650176,
                4.206313777383452e-08
            ],
            "len": [
                -0.4355522218014955,
                1.6717638606525783e-23
            ],
            "norm": [
                -0.2808063255320824,
                4.296524525797704e-10
            ]
        },
        "male_positive": {
            "raw": [
                -0.045933252910569065,
                0.3482873132902664
            ],
            "max": [
                -0.14504398414343964,
                0.002921697072246843
            ],
            "len": [
                0.04419254088975545,
                0.3668777402654021
            ],
            "norm": [
                -0.19319229175804442,
                6.8830306920808e-05
            ]
        },
        "female_negative": {
            "raw": [
                -0.37477702294526466,
                5.5655115922139614e-52
            ],
            "max": [
                -0.01572039613857577,
                0.5398548071018852
            ],
            "len": [
                -0.25023649594597047,
                3.554342863421651e-23
            ],
            "norm": [
                0.02402126306605089,
                0.3488560639404708
            ]
        },
        "male_negative": {
            "raw": [
                0.2971001821487087,
                1.3865728837323899e-33
            ],
            "max": [
                -0.06233705705743277,
                0.013172034228486701
            ],
            "len": [
                0.21591077489707058,
                3.930136542939975e-18
            ],
            "norm": [
                -0.028537834077817237,
                0.2567740488361256
            ]
        }
    }
}