{
    "ShapleyValue": {
        "abs_average": {
            "raw": 0.14698662200942464,
            "max": 0.038313904086406884,
            "len": 0.12928025478028443,
            "norm": 0.08286754615144387
        },
        "positive_abs_average": {
            "raw": 0.03417219752756093,
            "max": 0.02585997680439247,
            "len": 0.0893915790556285,
            "norm": 0.09492882729659886
        },
        "negative_abs_average": {
            "raw": 0.2598010464912883,
            "max": 0.0507678313684213,
            "len": 0.16916893050494033,
            "norm": 0.07080626500628887
        },
        "female_abs_average": {
            "raw": 0.15665001804593587,
            "max": 0.04920955730074059,
            "len": 0.12230617920713013,
            "norm": 0.11376324884855356
        },
        "male_abs_average": {
            "raw": 0.13732322597291338,
            "max": 0.027418250872073176,
            "len": 0.1362543303534387,
            "norm": 0.05197184345433418
        },
        "female_positive": {
            "raw": [
                0.04104128084473917,
                0.3711185032048418
            ],
            "max": [
                0.041318792986206665,
                0.3678898897453256
            ],
            "len": [
                0.15428645450146314,
                0.000721983116308677
            ],
            "norm": [
                0.16216793388362385,
                0.0003764376402739151
            ]
        },
        "male_positive": {
            "raw": [
                0.02730311421038268,
                0.5773121486207359
            ],
            "max": [
                -0.010401160622578271,
                0.8318915975607172
            ],
            "len": [
                -0.024496703609793856,
                0.6170665770043396
            ],
            "norm": [
                -0.027689720709573873,
                0.5719312131841766
            ]
        },
        "female_negative": {
            "raw": [
                0.27225875524713256,
                2.7255818721974723e-27
            ],
            "max": [
                0.05710032161527452,
                0.025856202293578698
            ],
            "len": [
                -0.09032590391279714,
                0.00041658545114469373
            ],
            "norm": [
                0.06535856381348326,
                0.010732398723670615
            ]
        },
        "male_negative": {
            "raw": [
                0.24734333773544406,
                1.8175196294126927e-23
            ],
            "max": [
                0.04443534112156808,
                0.0773449041608569
            ],
            "len": [
                0.24801195709708354,
                1.3719755156276437e-23
            ],
            "norm": [
                0.07625396619909448,
                0.0024132295725242314
            ]
        }
    }
}