{
    "IntegratedGradients_L2": {
        "abs_average": {
            "raw": 0.35787937152064414,
            "max": 0.11698486480929414,
            "len": 0.22759845204190043,
            "norm": 0.1427651510645167
        },
        "positive_abs_average": {
            "raw": 0.2722530291081646,
            "max": 0.20014718613228805,
            "len": 0.1549951353803867,
            "norm": 0.2437028941252431
        },
        "negative_abs_average": {
            "raw": 0.44350571393312366,
            "max": 0.03382254348630023,
            "len": 0.30020176870341414,
            "norm": 0.04182740800379031
        },
        "female_abs_average": {
            "raw": 0.3972828817522091,
            "max": 0.11608481214023295,
            "len": 0.2955414454198028,
            "norm": 0.15139122979288538
        },
        "male_abs_average": {
            "raw": 0.3184758612890792,
            "max": 0.11788491747835533,
            "len": 0.15965545866399802,
            "norm": 0.134139072336148
        },
        "female_positive": {
            "raw": [
                0.2913003796356861,
                8.779202076298884e-11
            ],
            "max": [
                0.19885823223285792,
                1.2114966088639218e-05
            ],
            "len": [
                0.30818291321051106,
                5.9287969999226726e-12
            ],
            "norm": [
                0.22451521674014344,
                7.270139982803968e-07
            ]
        },
        "male_positive": {
            "raw": [
                0.25320567858064313,
                1.493510344234357e-07
            ],
            "max": [
                0.20143614003171814,
                3.2724171919236714e-05
            ],
            "len": [
                0.0018073575502623365,
                0.9705765438509947
            ],
            "norm": [
                0.26289057151034273,
                4.720793045470545e-08
            ]
        },
        "female_negative": {
            "raw": [
                -0.5032653838687321,
                1.4009199520085742e-98
            ],
            "max": [
                -0.03331139204760796,
                0.19384396223887063
            ],
            "len": [
                -0.2828999776290946,
                2.0182022219991535e-29
            ],
            "norm": [
                -0.07826724284562735,
                0.002238549803809992
            ]
        },
        "male_negative": {
            "raw": [
                0.3837460439975152,
                1.248477610586669e-56
            ],
            "max": [
                -0.03433369492499251,
                0.17241285862705857
            ],
            "len": [
                0.3175035597777337,
                2.316419863219719e-38
            ],
            "norm": [
                0.005387573161953276,
                0.8305067578401604
            ]
        }
    },
    "IntegratedGradients_mean": {
        "abs_average": {
            "raw": 0.26064234014828724,
            "max": 0.1741254477383989,
            "len": 0.19706150750612134,
            "norm": 0.17612601221150298
        },
        "positive_abs_average": {
            "raw": 0.2650164361459152,
            "max": 0.2839686612247829,
            "len": 0.16778276426486002,
            "norm": 0.2763175281315984
        },
        "negative_abs_average": {
            "raw": 0.2562682441506594,
            "max": 0.06428223425201485,
            "len": 0.22634025074738265,
            "norm": 0.07593449629140753
        },
        "female_abs_average": {
            "raw": 0.24237315400214268,
            "max": 0.1866870737582733,
            "len": 0.20873366080554864,
            "norm": 0.18059046625842232
        },
        "male_abs_average": {
            "raw": 0.27891152629443183,
            "max": 0.16156382171852446,
            "len": 0.18538935420669403,
            "norm": 0.17166155816458362
        },
        "female_positive": {
            "raw": [
                0.10220538185161267,
                0.025602354690319542
            ],
            "max": [
                0.25103221529704756,
                2.7370173660249025e-08
            ],
            "len": [
                0.1874013862665438,
                3.809910439246292e-05
            ],
            "norm": [
                0.2200095034731504,
                1.2219218366971542e-06
            ]
        },
        "male_positive": {
            "raw": [
                0.4278274904402177,
                4.4678837996600093e-20
            ],
            "max": [
                0.31690510715251824,
                3.1495793399848984e-11
            ],
            "len": [
                0.14816414226317626,
                0.0023612083495408477
            ],
            "norm": [
                0.3326255527900464,
                2.782219464675598e-12
            ]
        },
        "female_negative": {
            "raw": [
                0.3825409261526727,
                2.948581672547166e-54
            ],
            "max": [
                0.12234193221949903,
                1.6799135468894354e-06
            ],
            "len": [
                0.2300659353445535,
                9.603867461912697e-20
            ],
            "norm": [
                0.14117142904369423,
                3.1568187935014655e-08
            ]
        },
        "male_negative": {
            "raw": [
                -0.12999556214864605,
                2.1394860535945469e-07
            ],
            "max": [
                -0.0062225362845306715,
                0.8047334110799824
            ],
            "len": [
                0.2226145661502118,
                3.330872863429205e-19
            ],
            "norm": [
                -0.010697563539120812,
                0.6708147912174027
            ]
        }
    }
}