{
    "Occlusion": {
        "abs_average": {
            "raw": 0.4369539706529297,
            "max": 0.1601851773476351,
            "len": 0.2860965615291218,
            "norm": 0.1612514741977446
        },
        "positive_abs_average": {
            "raw": 0.35536797572881196,
            "max": 0.3172937593444731,
            "len": 0.2661359089265368,
            "norm": 0.30887028629723545
        },
        "negative_abs_average": {
            "raw": 0.5185399655770473,
            "max": 0.0030765953507970846,
            "len": 0.30605721413170667,
            "norm": 0.013632662098253798
        },
        "female_abs_average": {
            "raw": 0.5786745043122653,
            "max": 0.24992849083825866,
            "len": 0.40661999558807377,
            "norm": 0.20898242433612937
        },
        "male_abs_average": {
            "raw": 0.29523343699359406,
            "max": 0.07044186385701157,
            "len": 0.16557312747016972,
            "norm": 0.11352052405935985
        },
        "female_positive": {
            "raw": [
                0.5340533833106416,
                1.586639382592769e-36
            ],
            "max": [
                0.49766354380094463,
                3.2421467337087097e-31
            ],
            "len": [
                0.513897664100683,
                1.6624197374407498e-33
            ],
            "norm": [
                0.3960322139937164,
                2.313707131078735e-19
            ]
        },
        "male_positive": {
            "raw": [
                0.1766825681469824,
                0.00027859601766099093
            ],
            "max": [
                0.13692397488800165,
                0.004990819869944099
            ],
            "len": [
                -0.018374153752390574,
                0.707647362398643
            ],
            "norm": [
                0.22170835860075444,
                4.608923031333949e-06
            ]
        },
        "female_negative": {
            "raw": [
                -0.623295625313889,
                1.1791138499844653e-164
            ],
            "max": [
                -0.0021934378755726854,
                0.9318399503563953
            ],
            "len": [
                -0.2993423270754645,
                6.695704365791759e-33
            ],
            "norm": [
                0.02193263467854233,
                0.39236568731420046
            ]
        },
        "male_negative": {
            "raw": [
                0.41378430584020565,
                1.9653427312966344e-66
            ],
            "max": [
                0.003959752826021484,
                0.8749903332569814
            ],
            "len": [
                0.31277210118794885,
                3.209999020152621e-37
            ],
            "norm": [
                -0.005332689517965265,
                0.8322076093497454
            ]
        }
    }
}