{
    "InputXGradient_L2": {
        "abs_average": {
            "raw": 0.34555542148008445,
            "max": 0.15264438260616783,
            "len": 0.2782470123521815,
            "norm": 0.13842893590436414
        },
        "positive_abs_average": {
            "raw": 0.28200905254210074,
            "max": 0.19774213308466043,
            "len": 0.2213286990159784,
            "norm": 0.2380686164549065
        },
        "negative_abs_average": {
            "raw": 0.4091017904180682,
            "max": 0.10754663212767525,
            "len": 0.33516532568838464,
            "norm": 0.0387892553538218
        },
        "female_abs_average": {
            "raw": 0.41798982555132463,
            "max": 0.09323460042177588,
            "len": 0.3469766782029856,
            "norm": 0.08490377868364359
        },
        "male_abs_average": {
            "raw": 0.2731210174088443,
            "max": 0.2120541647905598,
            "len": 0.2095173465013775,
            "norm": 0.1919540931250847
        },
        "female_positive": {
            "raw": [
                0.4003445678266933,
                8.684536859790861e-20
            ],
            "max": [
                0.10408370854433796,
                0.02299990952683721
            ],
            "len": [
                0.39828727929740065,
                1.3885002916626176e-19
            ],
            "norm": [
                0.15690361204788078,
                0.0005835215392556058
            ]
        },
        "male_positive": {
            "raw": [
                0.1636735372575081,
                0.000770972721968038
            ],
            "max": [
                0.2914005576249829,
                1.206061165881249e-09
            ],
            "len": [
                -0.04437011873455615,
                0.3649534965838572
            ],
            "norm": [
                0.31923362086193224,
                2.2181138721637917e-11
            ]
        },
        "female_negative": {
            "raw": [
                -0.43563508327595596,
                1.4583721303373122e-71
            ],
            "max": [
                0.0823854922992138,
                0.0012909786316998245
            ],
            "len": [
                -0.2956660771085705,
                4.2043459550744564e-32
            ],
            "norm": [
                0.012903945319406387,
                0.6148292145407794
            ]
        },
        "male_negative": {
            "raw": [
                0.38256849756018046,
                2.8863182313000677e-56
            ],
            "max": [
                -0.1327077719561367,
                1.1838977389973763e-07
            ],
            "len": [
                0.3746645742681988,
                7.327189463386608e-54
            ],
            "norm": [
                -0.06467456538823721,
                0.010104403853422457
            ]
        }
    },
    "InputXGradient_mean": {
        "abs_average": {
            "raw": 0.27354433923884547,
            "max": 0.07076871061148207,
            "len": 0.2538287134674847,
            "norm": 0.09242473222077907
        },
        "positive_abs_average": {
            "raw": 0.16952470109941709,
            "max": 0.11028853954480947,
            "len": 0.1784878894270248,
            "norm": 0.11618978269947555
        },
        "negative_abs_average": {
            "raw": 0.37756397737827385,
            "max": 0.03124888167815468,
            "len": 0.32916953750794453,
            "norm": 0.06865968174208258
        },
        "female_abs_average": {
            "raw": 0.3504842519861331,
            "max": 0.0713639882472884,
            "len": 0.28065683927710183,
            "norm": 0.12046743814959199
        },
        "male_abs_average": {
            "raw": 0.19660442649155788,
            "max": 0.07017343297567573,
            "len": 0.22700058765786754,
            "norm": 0.06438202629196614
        },
        "female_positive": {
            "raw": [
                0.31577567988371846,
                1.6651634959817554e-12
            ],
            "max": [
                0.09457565800912653,
                0.03894437525871516
            ],
            "len": [
                0.280819898301438,
                4.287891030037964e-10
            ],
            "norm": [
                0.14157286568893296,
                0.0019384047959382143
            ]
        },
        "male_positive": {
            "raw": [
                0.023273722315115708,
                0.6347567765404742
            ],
            "max": [
                -0.1260014210804924,
                0.009829309392637625
            ],
            "len": [
                0.07615588055261158,
                0.11959492435460023
            ],
            "norm": [
                -0.09080669971001813,
                0.06330373186195516
            ]
        },
        "female_negative": {
            "raw": [
                0.3851928240885477,
                4.7642126706839366e-55
            ],
            "max": [
                0.04815231848545029,
                0.06028251726621682
            ],
            "len": [
                0.2804937802527656,
                6.236616199157311e-29
            ],
            "norm": [
                0.099362010610251,
                0.00010271109153733992
            ]
        },
        "male_negative": {
            "raw": [
                0.36993513066800005,
                1.8713637258289658e-52
            ],
            "max": [
                -0.01434544487085907,
                0.5686921048017356
            ],
            "len": [
                0.3778452947631235,
                8.040299649255066e-55
            ],
            "norm": [
                0.03795735287391414,
                0.13140045787771795
            ]
        }
    }
}