{
    "DeepLift_L2": {
        "abs_average": {
            "raw": 0.3832376126982426,
            "max": 0.14960743000617183,
            "len": 0.331862526492265,
            "norm": 0.1368076043612588
        },
        "positive_abs_average": {
            "raw": 0.2993796349658365,
            "max": 0.1852044269352145,
            "len": 0.29298004730287297,
            "norm": 0.23637262165503947
        },
        "negative_abs_average": {
            "raw": 0.46709559043064863,
            "max": 0.11401043307712913,
            "len": 0.370745005681657,
            "norm": 0.03724258706747815
        },
        "female_abs_average": {
            "raw": 0.5140855579191613,
            "max": 0.09043131155060496,
            "len": 0.4092387491838708,
            "norm": 0.09165920868776699
        },
        "male_abs_average": {
            "raw": 0.25238966747732383,
            "max": 0.2087835484617387,
            "len": 0.2544863038006592,
            "norm": 0.18195600003475063
        },
        "female_positive": {
            "raw": [
                0.5177032564454136,
                4.633035156483712e-34
            ],
            "max": [
                0.09103967046393502,
                0.046894920237020486
            ],
            "len": [
                0.4668958253212673,
                3.377804897610623e-27
            ],
            "norm": [
                0.17086642741759261,
                0.00017711877595321464
            ]
        },
        "male_positive": {
            "raw": [
                0.08105601348625942,
                0.09753040424531075
            ],
            "max": [
                0.27936918340649397,
                5.966439095369956e-09
            ],
            "len": [
                -0.11906426928447865,
                0.014744921648083062
            ],
            "norm": [
                0.30187881589248633,
                2.8153296110170894e-10
            ]
        },
        "female_negative": {
            "raw": [
                -0.5104678593929091,
                7.85105888939804e-102
            ],
            "max": [
                0.0898229526372749,
                0.00044875499334326603
            ],
            "len": [
                -0.3515816730464744,
                1.5285697670678048e-45
            ],
            "norm": [
                0.012451989957941363,
                0.6272744690544277
            ]
        },
        "male_negative": {
            "raw": [
                0.42372332146838826,
                6.638524149573462e-70
            ],
            "max": [
                -0.13819791351698338,
                3.44555959151608e-08
            ],
            "len": [
                0.3899083383168397,
                1.4695875619280685e-58
            ],
            "norm": [
                -0.06203318417701493,
                0.013625959564802285
            ]
        }
    },
    "DeepLift_mean": {
        "abs_average": {
            "raw": 0.27073866099355703,
            "max": 0.0950147619868235,
            "len": 0.2555696350763522,
            "norm": 0.1120551992462068
        },
        "positive_abs_average": {
            "raw": 0.21260283018380058,
            "max": 0.14701353016262636,
            "len": 0.22823196113364172,
            "norm": 0.18562684915316202
        },
        "negative_abs_average": {
            "raw": 0.32887449180331346,
            "max": 0.043015993811020656,
            "len": 0.2829073090190628,
            "norm": 0.03848354933925159
        },
        "female_abs_average": {
            "raw": 0.3405248438378818,
            "max": 0.04288586175536027,
            "len": 0.3285370175747914,
            "norm": 0.07217954285290214
        },
        "male_abs_average": {
            "raw": 0.20095247814923226,
            "max": 0.14714366221828673,
            "len": 0.18260225257791307,
            "norm": 0.15193085563951148
        },
        "female_positive": {
            "raw": [
                -0.3001026863765195,
                2.201316334512401e-11
            ],
            "max": [
                -0.05976718691627855,
                0.19254903912784568
            ],
            "len": [
                -0.3545754729922597,
                1.4096105814709796e-15
            ],
            "norm": [
                -0.09790486867863699,
                0.03253276827763278
            ]
        },
        "male_positive": {
            "raw": [
                -0.12510297399108167,
                0.010370596234505876
            ],
            "max": [
                0.23425987340897417,
                1.2440858273904195e-06
            ],
            "len": [
                -0.1018884492750237,
                0.03708725094603382
            ],
            "norm": [
                0.2733488296276871,
                1.29088136593758e-08
            ]
        },
        "female_negative": {
            "raw": [
                0.3809470012992441,
                8.747998710150135e-54
            ],
            "max": [
                0.026004536594441987,
                0.3104960376652433
            ],
            "len": [
                0.3024985621573231,
                1.3534707538677369e-33
            ],
            "norm": [
                0.046454217027167295,
                0.06992516024893818
            ]
        },
        "male_negative": {
            "raw": [
                -0.27680198230738284,
                3.35261282538393e-29
            ],
            "max": [
                0.06002745102759932,
                0.016983540727987627
            ],
            "len": [
                -0.2633160558808024,
                1.7411583671126524e-26
            ],
            "norm": [
                0.030512881651335887,
                0.22529443554927595
            ]
        }
    }
}