{
    "raw_attention": {
        "abs_average": {
            "raw": 0.16450469562303238,
            "max": 0.183874574149759,
            "len": 0.12357475488219055,
            "norm": 0.18239788236476456
        },
        "positive_abs_average": {
            "raw": 0.24136129128285538,
            "max": 0.2672972446446239,
            "len": 0.17669488909724132,
            "norm": 0.27243042911136184
        },
        "negative_abs_average": {
            "raw": 0.08764809996320932,
            "max": 0.10045190365489406,
            "len": 0.07045462066713981,
            "norm": 0.09236533561816734
        },
        "female_abs_average": {
            "raw": 0.20886132454036804,
            "max": 0.20246792821337917,
            "len": 0.1671361486892302,
            "norm": 0.20237049870314375
        },
        "male_abs_average": {
            "raw": 0.1201480667056967,
            "max": 0.1652812200861388,
            "len": 0.08001336107515089,
            "norm": 0.1624252660263854
        },
        "female_positive": {
            "raw": [
                0.34606010591083886,
                7.257764469177105e-15
            ],
            "max": [
                0.31345878676321526,
                2.4627631002873355e-12
            ],
            "len": [
                0.29835383638389845,
                2.9085858654037884e-11
            ],
            "norm": [
                0.3207001556394017,
                7.165891798347555e-13
            ]
        },
        "male_positive": {
            "raw": [
                0.13666247665487194,
                0.005075339157152012
            ],
            "max": [
                0.22113570252603257,
                4.884044863253525e-06
            ],
            "len": [
                -0.055035941810584174,
                0.2609942541183682
            ],
            "norm": [
                0.22416070258332196,
                3.589328873754058e-06
            ]
        },
        "female_negative": {
            "raw": [
                -0.0716625431698972,
                0.005142366183028412
            ],
            "max": [
                -0.09147706966354308,
                0.00035087628457085936
            ],
            "len": [
                -0.035918460994561995,
                0.16120156489949228
            ],
            "norm": [
                -0.0840408417668858,
                0.0010275857059250922
            ]
        },
        "male_negative": {
            "raw": [
                0.10363365675652145,
                3.651038546793911e-05
            ],
            "max": [
                0.10942673764624504,
                1.2966944015608911e-05
            ],
            "len": [
                0.10499078033971762,
                2.8783357020653972e-05
            ],
            "norm": [
                0.10068982946944888,
                6.05550145188453e-05
            ]
        }
    },
    "attention_rollout": {
        "abs_average": {
            "raw": 0.1316985525283706,
            "max": 0.08330230077657641,
            "len": 0.120322021845812,
            "norm": 0.10898775617808518
        },
        "positive_abs_average": {
            "raw": 0.16856966490364186,
            "max": 0.1380821636131469,
            "len": 0.1614875846452549,
            "norm": 0.16234633762352063
        },
        "negative_abs_average": {
            "raw": 0.09482744015309938,
            "max": 0.028522437940005897,
            "len": 0.07915645904636912,
            "norm": 0.055629174732649715
        },
        "female_abs_average": {
            "raw": 0.1840789122137721,
            "max": 0.08943206051572417,
            "len": 0.1597468408501297,
            "norm": 0.12470170590786761
        },
        "male_abs_average": {
            "raw": 0.07931819284296912,
            "max": 0.07717254103742864,
            "len": 0.08089720284149432,
            "norm": 0.09327380644830274
        },
        "female_positive": {
            "raw": [
                0.2588328113189242,
                9.682409123842325e-09
            ],
            "max": [
                0.12786864634787382,
                0.005160258898752751
            ],
            "len": [
                0.2597932450598785,
                8.499281195999279e-09
            ],
            "norm": [
                0.17013383209120198,
                0.00018900096409777643
            ]
        },
        "male_positive": {
            "raw": [
                0.0783065184883595,
                0.10947341073443663
            ],
            "max": [
                0.14829568087842,
                0.0023398933857640453
            ],
            "len": [
                -0.06318192423063129,
                0.19679800474401016
            ],
            "norm": [
                0.15455884315583931,
                0.0015067589806214757
            ]
        },
        "female_negative": {
            "raw": [
                -0.10932501310862,
                1.904552824589373e-05
            ],
            "max": [
                -0.05099547468357451,
                0.04661392676923883
            ],
            "len": [
                -0.05970043664038087,
                0.019805476420671066
            ],
            "norm": [
                -0.07926957972453326,
                0.0019623102193534704
            ]
        },
        "male_negative": {
            "raw": [
                0.08032986719757876,
                0.0013900937247978936
            ],
            "max": [
                0.006049401196437285,
                0.8100612791316927
            ],
            "len": [
                0.09861248145235735,
                8.583931749438967e-05
            ],
            "norm": [
                0.03198876974076617,
                0.2036396921119035
            ]
        }
    },
    "attention_flow": {
        "abs_average": {
            "raw": 0.11575198332575076,
            "max": 0.07446441455948277,
            "len": 0.11272478120024133,
            "norm": 0.0871819097684349
        },
        "positive_abs_average": {
            "raw": 0.18690126448688282,
            "max": 0.09953224257758425,
            "len": 0.19206412974704665,
            "norm": 0.14524537197634363
        },
        "negative_abs_average": {
            "raw": 0.04460270216461869,
            "max": 0.04939658654138131,
            "len": 0.03338543265343603,
            "norm": 0.02911844756052616
        },
        "female_abs_average": {
            "raw": 0.18023916010004482,
            "max": 0.06833127949781584,
            "len": 0.14627869799141288,
            "norm": 0.09698485059257078
        },
        "male_abs_average": {
            "raw": 0.05126480655145671,
            "max": 0.08059754962114972,
            "len": 0.07917086440906979,
            "norm": 0.07737896894429902
        },
        "female_positive": {
            "raw": [
                0.3418119724584695,
                1.6137533247049482e-14
            ],
            "max": [
                0.07930462467522445,
                0.08359085151517988
            ],
            "len": [
                0.2913887991839286,
                8.660083250471341e-11
            ],
            "norm": [
                0.15652954745959188,
                0.000601674261093074
            ]
        },
        "male_positive": {
            "raw": [
                -0.03199055651529615,
                0.5137296631673491
            ],
            "max": [
                0.11975986047994404,
                0.014169636254858255
            ],
            "len": [
                -0.09273946031016468,
                0.05786124035225539
            ],
            "norm": [
                0.1339611964930954,
                0.0060269018874813274
            ]
        },