{
    "InputXGradient_L2": {
        "abs_average": {
            "raw": 0.5186717311812507,
            "max": 0.1582396630087804,
            "len": 0.3838281891188855,
            "norm": 0.22809419293012848
        },
        "positive_abs_average": {
            "raw": 0.5183007097824689,
            "max": 0.20075361892438223,
            "len": 0.4109946494323777,
            "norm": 0.22800446102300792
        },
        "negative_abs_average": {
            "raw": 0.5190427525800323,
            "max": 0.11572570709317852,
            "len": 0.35666172880539326,
            "norm": 0.22818392483724903
        },
        "black_abs_average": {
            "raw": 0.5322731054358238,
            "max": 0.20375586810277918,
            "len": 0.3718277792319061,
            "norm": 0.2692060171929729
        },
        "white_abs_average": {
            "raw": 0.5050703569266775,
            "max": 0.11272345791478158,
            "len": 0.39582859900586487,
            "norm": 0.18698236866728407
        },
        "black_positive": {
            "raw": [
                0.5955118720475059,
                2.1973612240753131e-60
            ],
            "max": [
                0.3285927419986481,
                5.641529596404563e-17
            ],
            "len": [
                0.47968395770496375,
                9.126487577383752e-37
            ],
            "norm": [
                0.3612812859043784,
                1.9829624575780477e-20
            ]
        },
        "white_positive": {
            "raw": [
                -0.44108954751743185,
                6.66135145144671e-38
            ],
            "max": [
                -0.0729144958501164,
                0.04337676287340837
            ],
            "len": [
                -0.3423053411597916,
                1.5540917833108173e-22
            ],
            "norm": [
                -0.0947276361416374,
                0.008619140833910412
            ]
        },
        "black_negative": {
            "raw": [
                -0.4690343388241417,
                1.2568392050564825e-76
            ],
            "max": [
                -0.07891899420691029,
                0.0033045791934848685
            ],
            "len": [
                -0.2639716007588484,
                1.700558773491363e-23
            ],
            "norm": [
                -0.17713074848156732,
                3.2180367738943975e-11
            ]
        },
        "white_negative": {
            "raw": [
                0.569051166335923,
                1.2292679714389088e-106
            ],
            "max": [
                0.15253241997944675,
                7.451009891834496e-08
            ],
            "len": [
                0.4493518568519382,
                2.9003920842744765e-62
            ],
            "norm": [
                0.2792371011929307,
                1.6752787690938414e-23
            ]
        }
    },
    "InputXGradient_mean": {
        "abs_average": {
            "raw": 0.38961136562378484,
            "max": 0.12699801930285476,
            "len": 0.3155701452658262,
            "norm": 0.15612646352969733
        },
        "positive_abs_average": {
            "raw": 0.4093820656495374,
            "max": 0.1309868208418128,
            "len": 0.33156446250659355,
            "norm": 0.14024605846513485
        },
        "negative_abs_average": {
            "raw": 0.3698406655980323,
            "max": 0.12300921776389673,
            "len": 0.29957582802505894,
            "norm": 0.1720068685942598
        },
        "black_abs_average": {
            "raw": 0.39848496588144655,
            "max": 0.17116474097388376,
            "len": 0.3108005698971561,
            "norm": 0.19184195347184008
        },
        "white_abs_average": {
            "raw": 0.38073776536612314,
            "max": 0.08283129763182576,
            "len": 0.32033972063449634,
            "norm": 0.12041097358755457
        },
        "black_positive": {
            "raw": [
                0.448973659462646,
                6.889601674874886e-32
            ],
            "max": [
                0.23582749546258766,
                3.1236624673270055e-09
            ],
            "len": [
                0.3831997819619004,
                5.575511875669592e-23
            ],
            "norm": [
                0.2364017690056786,
                2.8534503400020243e-09
            ]
        },
        "white_positive": {
            "raw": [
                -0.36979047183642877,
                2.688476782140456e-26
            ],
            "max": [
                -0.026146146221037912,
                0.46935633646055314
            ],
            "len": [
                -0.27992914305128663,
                2.711105844809189e-15
            ],
            "norm": [
                -0.0440903479245911,
                0.22228641688616962
            ]
        },
        "black_negative": {
            "raw": [
                0.34799627230024704,
                1.120661858744097e-40
            ],
            "max": [
                0.10650198648517988,
                7.192749514488151e-05
            ],
            "len": [
                0.23840135783241181,
                2.450512522220732e-19
            ],
            "norm": [
                0.14728213793800152,
                3.7062898114539104e-08
            ]
        },
        "white_negative": {
            "raw": [
                -0.39168505889581756,
                1.899979514624886e-46
            ],
            "max": [
                -0.1395164490426136,
                8.828609863057967e-07
            ],
            "len": [
                -0.3607502982177061,
                3.618140017107503e-39
            ],
            "norm": [
                -0.19673159925051803,
                3.250859140218809e-12
            ]
        }
    }
}