{
    "DeepLift_L2": {
        "abs_average": {
            "raw": 0.5442730608098115,
            "max": 0.16891051639869464,
            "len": 0.4047047903591261,
            "norm": 0.24549127546981067
        },
        "positive_abs_average": {
            "raw": 0.540045544166534,
            "max": 0.23805652380843245,
            "len": 0.42474931531965177,
            "norm": 0.273731730026807
        },
        "negative_abs_average": {
            "raw": 0.5485005774530891,
            "max": 0.09976450898895686,
            "len": 0.3846602653986004,
            "norm": 0.21725082091281436
        },
        "black_abs_average": {
            "raw": 0.561624647498526,
            "max": 0.21318288097767854,
            "len": 0.3924304807224913,
            "norm": 0.2807329261331567
        },
        "white_abs_average": {
            "raw": 0.526921474121097,
            "max": 0.12463815181971076,
            "len": 0.4169790999957608,
            "norm": 0.21024962480646464
        },
        "black_positive": {
            "raw": [
                0.6165264889847304,
                9.083871079067928e-66
            ],
            "max": [
                0.3728019025917119,
                9.567690958455664e-22
            ],
            "len": [
                0.4989761434258253,
                4.295441392113655e-40
            ],
            "norm": [
                0.404800747255196,
                1.0863841866303314e-25
            ]
        },
        "white_positive": {
            "raw": [
                -0.4635645993483377,
                3.5437547135620586e-42
            ],
            "max": [
                -0.10331114502515296,
                0.004156268887590953
            ],
            "len": [
                -0.3505224872134782,
                1.2743101153864303e-23
            ],
            "norm": [
                -0.14266271279841805,
                7.2643978720295e-05
            ]
        },
        "black_negative": {
            "raw": [
                -0.5067228060123218,
                3.740184004116007e-91
            ],
            "max": [
                -0.05356385936364515,
                0.04633589614123027
            ],
            "len": [
                -0.28588481801915727,
                1.9251340397825337e-27
            ],
            "norm": [
                -0.15666510501111747,
                4.650244665015897e-09
            ]
        },
        "white_negative": {
            "raw": [
                0.5902783488938564,
                1.485432058184816e-116
            ],
            "max": [
                0.14596515861426856,
                2.6647062023872136e-07
            ],
            "len": [
                0.4834357127780435,
                3.7426023534014926e-73
            ],
            "norm": [
                0.27783653681451126,
                2.832329094213893e-23
            ]
        }
    },
    "DeepLift_mean": {
        "abs_average": {
            "raw": 0.3961670472980166,
            "max": 0.11015518171719255,
            "len": 0.31960902942959935,
            "norm": 0.15037764529179817
        },
        "positive_abs_average": {
            "raw": 0.3938418577641021,
            "max": 0.14856251869774567,
            "len": 0.3360052799419602,
            "norm": 0.17184244813755123
        },
        "negative_abs_average": {
            "raw": 0.398492236831931,
            "max": 0.07174784473663944,
            "len": 0.3032127789172384,
            "norm": 0.12891284244604512
        },
        "black_abs_average": {
            "raw": 0.4355745784005369,
            "max": 0.16339057010347846,
            "len": 0.3432263685603745,
            "norm": 0.20579719400876312
        },
        "white_abs_average": {
            "raw": 0.3567595161954963,
            "max": 0.056919793330906646,
            "len": 0.29599169029882416,
            "norm": 0.09495809657483323
        },
        "black_positive": {
            "raw": [
                -0.4621233965075402,
                6.457036593044306e-34
            ],
            "max": [
                -0.24339040567775957,
                9.310716935144684e-10
            ],
            "len": [
                -0.42802413892091445,
                7.796323567231342e-29
            ],
            "norm": [
                -0.28444601262752395,
                6.266065284881873e-13
            ]
        },
        "white_positive": {
            "raw": [
                -0.325560319020664,
                2.0259372179868175e-20
            ],
            "max": [
                0.053734631717731796,
                0.13680701226995287
            ],
            "len": [
                -0.24398642096300596,
                7.161884069054984e-12
            ],
            "norm": [
                0.0592388836475785,
                0.10091310959460463
            ]
        },
        "black_negative": {
            "raw": [
                -0.4090257602935336,
                5.958816311879894e-57
            ],
            "max": [
                -0.08339073452919736,
                0.0019032999695597474
            ],
            "len": [
                -0.25842859819983444,
                1.4867576568556244e-22
            ],
            "norm": [
                -0.1271483753900023,
                2.0831079590792833e-06
            ]
        },
        "white_negative": {
            "raw": [
                0.3879587133703285,
                1.5771233790121913e-45
            ],
            "max": [
                -0.0601049549440815,
                0.03490652128299456
            ],
            "len": [
                -0.3479969596346424,
                2.162719160504157e-36
            ],
            "norm": [
                -0.13067730950208795,
                4.187647673145853e-06
            ]
        }
    }
}