{
    "Occlusion": {
        "abs_average": {
            "raw": 0.6513490298739731,
            "max": 0.4433304500644861,
            "len": 0.5206412329144932,
            "norm": 0.3677080240137448
        },
        "positive_abs_average": {
            "raw": 0.6022496088069544,
            "max": 0.60298504766622,
            "len": 0.4641257853765306,
            "norm": 0.48181704482090143
        },
        "negative_abs_average": {
            "raw": 0.7004484509409918,
            "max": 0.28367585246275234,
            "len": 0.5771566804524556,
            "norm": 0.25359900320658824
        },
        "black_abs_average": {
            "raw": 0.8455137228069807,
            "max": 0.5970429970515955,
            "len": 0.642663329188019,
            "norm": 0.4987706592169463
        },
        "white_abs_average": {
            "raw": 0.45718433694096555,
            "max": 0.2896179030773768,
            "len": 0.3986191366409672,
            "norm": 0.2366453888105433
        },
        "black_positive": {
            "raw": [
                0.7982965673927742,
                2.480378639019344e-137
            ],
            "max": [
                0.7335042107090659,
                4.7704091698613625e-105
            ],
            "len": [
                0.602843251089318,
                3.229380944090362e-62
            ],
            "norm": [
                0.6011539628269906,
                8.622588460150362e-62
            ]
        },
        "white_positive": {
            "raw": [
                -0.40620265022113455,
                7.143762396516645e-32
            ],
            "max": [
                -0.47246588462337397,
                5.843267316049544e-44
            ],
            "len": [
                -0.3254083196637431,
                2.1146210813785642e-20
            ],
            "norm": [
                -0.36248012681481223,
                2.926129547431844e-25
            ]
        },
        "black_negative": {
            "raw": [
                0.8927308782211871,
                0.0
            ],
            "max": [
                0.46058178339412503,
                1.3035317670392601e-73
            ],
            "len": [
                0.68248340728672,
                2.2374433458177627e-190
            ],
            "norm": [
                0.396387355606902,
                2.722122253155359e-53
            ]
        },
        "white_negative": {
            "raw": [
                -0.5081660236607966,
                7.319978168574249e-82
            ],
            "max": [
                -0.10676992153137965,
                0.00017365893847446072
            ],
            "len": [
                -0.4718299536181913,
                2.631512448389812e-69
            ],
            "norm": [
                -0.11081065080627439,
                9.719152742690473e-05
            ]
        }
    }
}