{
    "raw_attention": {
        "abs_average": {
            "raw": 0.26077101206868436,
            "max": 0.2679198358791165,
            "len": 0.17554987027407726,
            "norm": 0.270893489152906
        },
        "positive_abs_average": {
            "raw": 0.24046172877140365,
            "max": 0.2343782507074189,
            "len": 0.18791722677654382,
            "norm": 0.2453200193094745
        },
        "negative_abs_average": {
            "raw": 0.2810802953659651,
            "max": 0.3014614210508141,
            "len": 0.16318251377161067,
            "norm": 0.2964669589963375
        },
        "black_abs_average": {
            "raw": 0.29856197915012594,
            "max": 0.30962607697582756,
            "len": 0.19464479503114196,
            "norm": 0.31261268520096197
        },
        "white_abs_average": {
            "raw": 0.22298004498724283,
            "max": 0.22621359478240544,
            "len": 0.15645494551701256,
            "norm": 0.22917429310485002
        },
        "black_positive": {
            "raw": [
                0.3471900949835535,
                6.859709524114541e-19
            ],
            "max": [
                0.35239370704395045,
                1.8922251807802433e-19
            ],
            "len": [
                0.23272129272199032,
                5.075020478989988e-09
            ],
            "norm": [
                0.36179589606770196,
                1.736357581973404e-20
            ]
        },
        "white_positive": {
            "raw": [
                -0.13373336255925375,
                0.00020176303304612246
            ],
            "max": [
                -0.11636279437088734,
                0.0012358778609960622
            ],
            "len": [
                -0.14311316083109735,
                6.888248875871884e-05
            ],
            "norm": [
                -0.12884414255124704,
                0.0003439249586446785
            ]
        },
        "black_negative": {
            "raw": [
                -0.2499338633166983,
                3.731896775478746e-21
            ],
            "max": [
                -0.2668584469077046,
                5.385565289159306e-24
            ],
            "len": [
                -0.1565682973402936,
                4.753999368485079e-09
            ],
            "norm": [
                -0.26342947433422204,
                2.107087485585525e-23
            ]
        },
        "white_negative": {
            "raw": [
                0.31222672741523194,
                2.9076470077699894e-29
            ],
            "max": [
                0.3360643951939235,
                6.592662137147943e-34
            ],
            "len": [
                0.16979673020292774,
                2.005127830595644e-09
            ],
            "norm": [
                0.329504443658453,
                1.3768736428868956e-32
            ]
        }
    },
    "attention_rollout": {
        "abs_average": {
            "raw": 0.2749923644348754,
            "max": 0.1692099150381176,
            "len": 0.2091032357731538,
            "norm": 0.2274145434196181
        },
        "positive_abs_average": {
            "raw": 0.2304384907185959,
            "max": 0.16517492200744,
            "len": 0.1932711711721014,
            "norm": 0.20279351402056175
        },
        "negative_abs_average": {
            "raw": 0.31954623815115485,
            "max": 0.17324490806879522,
            "len": 0.22493530037420617,
            "norm": 0.2520355728186744
        },
        "black_abs_average": {
            "raw": 0.3130910212696588,
            "max": 0.19731295602489576,
            "len": 0.21326721977998897,
            "norm": 0.2631190105967102
        },
        "white_abs_average": {
            "raw": 0.23689370760009193,
            "max": 0.14110687405133945,
            "len": 0.2049392517663186,
            "norm": 0.19171007624252595
        },
        "black_positive": {
            "raw": [
                0.36488374187358535,
                7.786794097662654e-21
            ],
            "max": [
                0.2751505149257859,
                3.658814725599016e-12
            ],
            "len": [
                0.2378681700305232,
                2.2624094835875808e-09
            ],
            "norm": [
                0.34242842557109904,
                2.182954638973522e-18
            ]
        },
        "white_positive": {
            "raw": [
                -0.09599323956360642,
                0.0077664177411869905
            ],
            "max": [
                -0.05519932908909407,
                0.12641265143886837
            ],
            "len": [
                -0.14867417231367963,
                3.526766843413042e-05
            ],
            "norm": [
                -0.06315860247002447,
                0.08025676254056698
            ]
        },
        "black_negative": {
            "raw": [
                -0.26129830066573223,
                4.870160173928414e-23
            ],
            "max": [
                -0.11947539712400562,
                8.323193538591147e-06
            ],
            "len": [
                -0.18866626952945473,
                1.4828106451700409e-12
            ],
            "norm": [
                -0.18380959562232138,
                5.5509234989287086e-12
            ]
        },
        "white_negative": {
            "raw": [
                0.37779417563657747,
                4.419550416439517e-43
            ],
            "max": [
                0.22701441901358482,
                7.286772363909098e-16
            ],
            "len": [
                0.2612043312189576,
                1.1501501796200233e-20
            ],
            "norm": [
                0.32026155001502743,
                8.799895377396537e-31
            ]
        }
    },
    "attention_flow": {
        "abs_average": {
            "raw": 0.21478201413168696,
            "max": 0.07796215671073373,
            "len": 0.17095622159576065,
            "norm": 0.12254629497925693
        },
        "positive_abs_average": {
            "raw": 0.21872481783622558,
            "max": 0.11467822149230986,
            "len": 0.2005972493636839,
            "norm": 0.17029607947304065
        },
        "negative_abs_average": {
            "raw": 0.21083921042714837,
            "max": 0.04124609192915758,
            "len": 0.14131519382783744,
            "norm": 0.07479651048547321
        },
        "black_abs_average": {
            "raw": 0.2148201037080315,
            "max": 0.06688842463703262,
            "len": 0.16311227238492138,
            "norm": 0.09967448923716597
        },
        "white_abs_average": {
            "raw": 0.21474392455534244,
            "max": 0.08903588878443482,
            "len": 0.17880017080659993,
            "norm": 0.14541810072134786
        },
        "black_positive": {
            "raw": [
                0.2706362296864553,
                8.41729905946587e-12
            ],
            "max": [
                0.09338629283785627,
                0.020441339871474028
            ],
            "len": [
                0.21024306083135233,
                1.3907128591837413e-07
            ],
            "norm": [
                0.17564909025693853,
                1.1610537073162879e-05
            ]
        },
        "white_positive": {
            "raw": [
                -0.16681340598599587,
                3.3526140119077733e-06
            ],
            "max": [
                -0.13597015014676345,
                0.00015711600056814918
            ],
            "len": [
                -0.19095143789601543,
                9.696476602553487e-08
            ],
            "norm": [
                -0.16494306868914274,
                4.325419498484217e-06
            ]
        },