{
    "Saliency_L2": {
        "abs_average": {
            "raw": 0.5261902158970211,
            "max": 0.16350924300800287,
            "len": 0.38451628073825145,
            "norm": 0.23842521364163446
        },
        "positive_abs_average": {
            "raw": 0.5291015269173375,
            "max": 0.21549105828666695,
            "len": 0.4160922568151618,
            "norm": 0.24552789606021402
        },
        "negative_abs_average": {
            "raw": 0.5232789048767048,
            "max": 0.11152742772933881,
            "len": 0.3529403046613411,
            "norm": 0.2313225312230549
        },
        "black_abs_average": {
            "raw": 0.5352588261681275,
            "max": 0.21177700508537817,
            "len": 0.3716460203374955,
            "norm": 0.27784998722565235
        },
        "white_abs_average": {
            "raw": 0.5171216056259148,
            "max": 0.11524148093062758,
            "len": 0.3973865411390074,
            "norm": 0.19900044005761658
        },
        "black_positive": {
            "raw": [
                0.6057606481040394,
                5.841042518238665e-63
            ],
            "max": [
                0.35061558058261366,
                2.946296928552167e-19
            ],
            "len": [
                0.48953999930665193,
                1.9361777058329864e-38
            ],
            "norm": [
                0.380935275886758,
                1.0445975897470527e-22
            ]
        },
        "white_positive": {
            "raw": [
                -0.4524424057306356,
                5.063526480446202e-40
            ],
            "max": [
                -0.08036653599072023,
                0.025936685324944177
            ],
            "len": [
                -0.34264451432367177,
                1.4037144970471707e-22
            ],
            "norm": [
                -0.11012051623367003,
                0.002242533589110612
            ]
        },
        "black_negative": {
            "raw": [
                -0.4647570042322155,
                4.325178925820095e-75
            ],
            "max": [
                -0.07293842958814267,
                0.0066349658574860896
            ],
            "len": [
                -0.25375204136833907,
                8.897444562114821e-22
            ],
            "norm": [
                -0.17476469856454666,
                5.902412850586764e-11
            ]
        },
        "white_negative": {
            "raw": [
                0.5818008055211941,
                1.6613229947782703e-112
            ],
            "max": [
                0.15011642587053495,
                1.198393866408704e-07
            ],
            "len": [
                0.45212856795434303,
                4.1760603649020875e-63
            ],
            "norm": [
                0.28788036388156313,
                6.128962189143512e-25
            ]
        }
    },
    "Saliency_mean": {
        "abs_average": {
            "raw": 0.3701122360622579,
            "max": 0.11788237564131636,
            "len": 0.2723165631439267,
            "norm": 0.1393484343679926
        },
        "positive_abs_average": {
            "raw": 0.3937527654404549,
            "max": 0.13687938501045058,
            "len": 0.3349005261602225,
            "norm": 0.13933882012807045
        },
        "negative_abs_average": {
            "raw": 0.3464717066840609,
            "max": 0.09888536627218214,
            "len": 0.20973260012763098,
            "norm": 0.13935804860791473
        },
        "black_abs_average": {
            "raw": 0.3893368885176969,
            "max": 0.16605329257947593,
            "len": 0.28103916783716876,
            "norm": 0.18527414896682667
        },
        "white_abs_average": {
            "raw": 0.35088758360681893,
            "max": 0.06971145870315679,
            "len": 0.2635939584506847,
            "norm": 0.0934227197691585
        },
        "black_positive": {
            "raw": [
                -0.4825175694409723,
                3.0533643733913665e-37
            ],
            "max": [
                -0.27094412926642875,
                7.956219508785927e-12
            ],
            "len": [
                -0.4059260697299544,
                7.74895859284456e-26
            ],
            "norm": [
                -0.2668678816020052,
                1.667614918853764e-11
            ]
        },
        "white_positive": {
            "raw": [
                -0.30498796143993756,
                5.37532481519804e-18
            ],
            "max": [
                -0.0028146407544723945,
                0.9379277120338403
            ],
            "len": [
                -0.2638749825904906,
                1.0620958744630625e-13
            ],
            "norm": [
                -0.011809758654135687,
                0.7438494586088918
            ]
        },
        "black_negative": {
            "raw": [
                -0.2961562075944215,
                2.0380709059467492e-29
            ],
            "max": [
                -0.06116245589252309,
                0.022878982218285188
            ],
            "len": [
                -0.15615226594438314,
                5.226081239732797e-09
            ],
            "norm": [
                -0.10368041633164814,
                0.00011151460599533883
            ]
        },
        "white_negative": {
            "raw": [
                -0.39678720577370036,
                1.0022190002712109e-47
            ],
            "max": [
                -0.1366082766518412,
                1.4894801534140534e-06
            ],
            "len": [
                -0.2633129343108788,
                5.4969249941153514e-21
            ],
            "norm": [
                -0.1750356808841813,
                6.198437658267734e-10
            ]
        }
    }
}