{
    "IntegratedGradients_L2": {
        "abs_average": {
            "raw": 0.4009762489334388,
            "max": 0.19885722764485134,
            "len": 0.2857331991444776,
            "norm": 0.24023039338547358
        },
        "positive_abs_average": {
            "raw": 0.2924605792608191,
            "max": 0.27214510349584864,
            "len": 0.2535990165052695,
            "norm": 0.24147781905224505
        },
        "negative_abs_average": {
            "raw": 0.5094919186060586,
            "max": 0.12556935179385403,
            "len": 0.31786738178368573,
            "norm": 0.23898296771870212
        },
        "black_abs_average": {
            "raw": 0.44632528742949085,
            "max": 0.24378688871063492,
            "len": 0.29803825241694465,
            "norm": 0.2767949993227957
        },
        "white_abs_average": {
            "raw": 0.35562721043738676,
            "max": 0.15392756657906775,
            "len": 0.27342814587201053,
            "norm": 0.20366578744815142
        },
        "black_positive": {
            "raw": [
                0.4609820491196189,
                9.763144783868175e-34
            ],
            "max": [
                0.38039310379883545,
                1.213150202908982e-22
            ],
            "len": [
                0.3513764087747338,
                2.438613074601874e-19
            ],
            "norm": [
                0.3538930833980545,
                1.2997618024783682e-19
            ]
        },
        "white_positive": {
            "raw": [
                -0.12393910940201927,
                0.0005766035640434317
            ],
            "max": [
                -0.16389710319286183,
                4.981651429214446e-06
            ],
            "len": [
                -0.15582162423580517,
                1.4395257009660689e-05
            ],
            "norm": [
                -0.12906255470643563,
                0.00033595880446755797
            ]
        },
        "black_negative": {
            "raw": [
                -0.4316685257393629,
                6.486786343893916e-64
            ],
            "max": [
                -0.1071806736224344,
                6.462268606072842e-05
            ],
            "len": [
                -0.24470009605915552,
                2.5611099259826346e-20
            ],
            "norm": [
                -0.19969691524753702,
                6.475494622772423e-14
            ]
        },
        "white_negative": {
            "raw": [
                0.5873153114727543,
                3.9858534977378583e-115
            ],
            "max": [
                0.14395802996527368,
                3.890699165915817e-07
            ],
            "len": [
                0.3910346675082159,
                2.75438305295434e-46
            ],
            "norm": [
                0.2782690201898672,
                2.4091403400619005e-23
            ]
        }
    },
    "IntegratedGradients_mean": {
        "abs_average": {
            "raw": 0.2617387929932192,
            "max": 0.24123808323837376,
            "len": 0.1978092151889886,
            "norm": 0.24553794092192777
        },
        "positive_abs_average": {
            "raw": 0.13794692708145057,
            "max": 0.27003232702056984,
            "len": 0.1468614955897907,
            "norm": 0.24854620116004789
        },
        "negative_abs_average": {
            "raw": 0.3855306589049879,
            "max": 0.2124438394561777,
            "len": 0.2487569347881865,
            "norm": 0.24252968068380762
        },
        "black_abs_average": {
            "raw": 0.3034167906615284,
            "max": 0.2960902330813757,
            "len": 0.24324062895101028,
            "norm": 0.2977856271858069
        },
        "white_abs_average": {
            "raw": 0.2200607953249101,
            "max": 0.1863859333953718,
            "len": 0.15237780142696694,
            "norm": 0.1932902546580486
        },
        "black_positive": {
            "raw": [
                0.2662209892001844,
                1.8732723116802967e-11
            ],
            "max": [
                0.3780131111637519,
                2.331617308139799e-22
            ],
            "len": [
                0.2525289689908717,
                2.041213424650422e-10
            ],
            "norm": [
                0.3626496945932642,
                1.392251103817394e-20
            ]
        },
        "white_positive": {
            "raw": [
                0.009672864962716757,
                0.7889826492964219
            ],
            "max": [
                -0.1620515428773878,
                6.378020597233921e-06
            ],
            "len": [
                -0.04119402218870969,
                0.2541918335165177
            ],
            "norm": [
                -0.1344427077268316,
                0.00018645580458862137
            ]
        },
        "black_negative": {
            "raw": [
                0.3406125921228723,
                6.162442238296423e-39
            ],
            "max": [
                0.21416735499899958,
                8.018816923027546e-16
            ],
            "len": [
                0.23395228891114886,
                1.1618856865768516e-18
            ],
            "norm": [
                0.2329215597783496,
                1.6587051527901186e-18
            ]
        },
        "white_negative": {
            "raw": [
                -0.43044872568710346,
                9.763196734878612e-57
            ],
            "max": [
                -0.21072032391335582,
                7.850270928702024e-14
            ],
            "len": [
                -0.26356158066522417,
                5.03638853615069e-21
            ],
            "norm": [
                -0.25213780158926563,
                2.5500355304224356e-19
            ]
        }
    }
}