{
    "ShapleyValue": {
        "abs_average": {
            "raw": 0.15370234924405923,
            "max": 0.0893468404180391,
            "len": 0.14551498476053507,
            "norm": 0.13926034628049544
        },
        "positive_abs_average": {
            "raw": 0.08354695390112571,
            "max": 0.06379984450427094,
            "len": 0.07009428324147833,
            "norm": 0.10712295557381721
        },
        "negative_abs_average": {
            "raw": 0.22385774458699276,
            "max": 0.11489383633180725,
            "len": 0.22093568627959181,
            "norm": 0.1713977369871737
        },
        "black_abs_average": {
            "raw": 0.16249583981411453,
            "max": 0.1238990746014701,
            "len": 0.1459193040486597,
            "norm": 0.1691367334614467
        },
        "white_abs_average": {
            "raw": 0.14490885867400394,
            "max": 0.054794606234608106,
            "len": 0.14511066547241044,
            "norm": 0.10938395909954421
        },
        "black_positive": {
            "raw": [
                0.13083673956469888,
                0.001135171620686047
            ],
            "max": [
                0.12073845249845609,
                0.002686085839634942
            ],
            "len": [
                0.1374819789683733,
                0.0006226698721834035
            ],
            "norm": [
                0.19179909276494986,
                1.6247300274050516e-06
            ]
        },
        "white_positive": {
            "raw": [
                0.03625716823755253,
                0.31562862309331263
            ],
            "max": [
                0.006861236510085786,
                0.8494371066513625
            ],
            "len": [
                0.002706587514583369,
                0.9403061181190607
            ],
            "norm": [
                -0.022446818382684572,
                0.5345144173830539
            ]
        },
        "black_negative": {
            "raw": [
                0.19415494006353015,
                3.195484673674727e-13
            ],
            "max": [
                0.12705969670448408,
                2.1177192221163765e-06
            ],
            "len": [
                0.15435662912894607,
                7.841336649964591e-09
            ],
            "norm": [
                0.14647437415794354,
                4.405224916423509e-08
            ]
        },
        "white_negative": {
            "raw": [
                -0.25356054911045534,
                1.5807718388101368e-19
            ],
            "max": [
                -0.10272797595913043,
                0.0003042717171066521
            ],
            "len": [
                -0.28751474343023753,
                7.0662436489092425e-25
            ],
            "norm": [
                -0.19632109981640386,
                3.6115731428080038e-12
            ]
        }
    }
}