{
    "ShapleyValue": {
        "abs_average": {
            "raw": 0.15527277705804876,
            "max": 0.18684336342956745,
            "len": 0.18195591450346418,
            "norm": 0.273490976833866
        },
        "positive_abs_average": {
            "raw": 0.0371295605975422,
            "max": 0.17658904141376286,
            "len": 0.09662546597496097,
            "norm": 0.24138317815978122
        },
        "negative_abs_average": {
            "raw": 0.27341599351855533,
            "max": 0.19709768544537204,
            "len": 0.2672863630319674,
            "norm": 0.3055987755079507
        },
        "black_abs_average": {
            "raw": 0.1723700583050852,
            "max": 0.22728728987511018,
            "len": 0.16670931415496532,
            "norm": 0.29810988244120046
        },
        "white_abs_average": {
            "raw": 0.13817549581101232,
            "max": 0.14639943698402472,
            "len": 0.19720251485196305,
            "norm": 0.2488720712265315
        },
        "black_positive": {
            "raw": [
                0.05912886377499751,
                0.1872760485510214
            ],
            "max": [
                0.24156331613390672,
                4.663043157474826e-08
            ],
            "len": [
                0.10299010826066601,
                0.021392953145232953
            ],
            "norm": [
                0.30797876529981494,
                2.0046018390358175e-12
            ]
        },
        "white_positive": {
            "raw": [
                0.015130257420086902,
                0.7022079093103644
            ],
            "max": [
                -0.11161476669361901,
                0.004666607550579818
            ],
            "len": [
                -0.09026082368925592,
                0.022287759052988618
            ],
            "norm": [
                -0.17478759101974747,
                8.549592748316041e-06
            ]
        },
        "black_negative": {
            "raw": [
                0.2856112528351729,
                1.43440981537103e-29
            ],
            "max": [
                0.21301126361631365,
                7.324406690872151e-17
            ],
            "len": [
                0.23042852004926462,
                1.5391396127336754e-19
            ],
            "norm": [
                0.288240999582586,
                4.144506673895192e-30
            ]
        },
        "white_negative": {
            "raw": [
                -0.26122073420193775,
                1.225430008648793e-22
            ],
            "max": [
                -0.18118410727443043,
                1.7094834171617018e-11
            ],
            "len": [
                -0.3041442060146702,
                1.7666489249775807e-30
            ],
            "norm": [
                -0.3229565514333155,
                2.3212556388494527e-34
            ]
        }
    }
}