{
    "DeepLift_L2": {
        "abs_average": {
            "raw": 0.558444684133737,
            "max": 0.3204161804560124,
            "len": 0.38774945883920936,
            "norm": 0.4020111906253042
        },
        "positive_abs_average": {
            "raw": 0.5568922183289351,
            "max": 0.3951545265462749,
            "len": 0.3713238026946449,
            "norm": 0.4398641314098476
        },
        "negative_abs_average": {
            "raw": 0.5599971499385392,
            "max": 0.24567783436574994,
            "len": 0.4041751149837739,
            "norm": 0.3641582498407608
        },
        "black_abs_average": {
            "raw": 0.5105415269804134,
            "max": 0.3123561441852548,
            "len": 0.3618550829865037,
            "norm": 0.387014821616905
        },
        "white_abs_average": {
            "raw": 0.6063478412870607,
            "max": 0.32847621672677,
            "len": 0.413643834691915,
            "norm": 0.4170075596337034
        },
        "black_positive": {
            "raw": [
                0.5536529429429128,
                2.011363019871362e-41
            ],
            "max": [
                0.46979509077259274,
                9.251191676981705e-29
            ],
            "len": [
                0.3710114438061364,
                9.915041857836459e-18
            ],
            "norm": [
                0.5099445339477116,
                2.194455440360352e-34
            ]
        },
        "white_positive": {
            "raw": [
                -0.5601314937149573,
                3.205688257684738e-54
            ],
            "max": [
                -0.32051396231995705,
                8.841234983837386e-17
            ],
            "len": [
                -0.3716361615831534,
                2.0002388506178876e-22
            ],
            "norm": [
                -0.36978372887198363,
                3.343033440977882e-22
            ]
        },
        "black_negative": {
            "raw": [
                -0.4674301110179142,
                2.4962046576164026e-82
            ],
            "max": [
                -0.1549171975979169,
                1.6057051018757025e-09
            ],
            "len": [
                -0.35269872216687104,
                3.342365703810632e-45
            ],
            "norm": [
                -0.2640851092860984,
                2.2754809429866595e-25
            ]
        },
        "white_negative": {
            "raw": [
                0.6525641888591641,
                1.0576737042684638e-165
            ],
            "max": [
                0.336438471133583,
                2.5642761152958203e-37
            ],
            "len": [
                0.4556515078006767,
                1.2669015667849935e-70
            ],
            "norm": [
                0.46423139039542316,
                1.3961902787454672e-73
            ]
        }
    },
    "DeepLift_mean": {
        "abs_average": {
            "raw": 0.3094994192113789,
            "max": 0.1911515285288516,
            "len": 0.2597619147010536,
            "norm": 0.23935136609487553
        },
        "positive_abs_average": {
            "raw": 0.2994976333722544,
            "max": 0.21909798842696127,
            "len": 0.2059278443353471,
            "norm": 0.24960871354678746
        },
        "negative_abs_average": {
            "raw": 0.31950120505050345,
            "max": 0.1632050686307419,
            "len": 0.3135959850667601,
            "norm": 0.22909401864296364
        },
        "black_abs_average": {
            "raw": 0.3004370471100242,
            "max": 0.1945045780303825,
            "len": 0.2707303263936264,
            "norm": 0.2476609193713652
        },
        "white_abs_average": {
            "raw": 0.3185617913127336,
            "max": 0.18779847902732066,
            "len": 0.2487935030084808,
            "norm": 0.23104181281838587
        },
        "black_positive": {
            "raw": [
                -0.3398305550011934,
                5.917233448153625e-15
            ],
            "max": [
                -0.3083134424677222,
                1.8922536012782233e-12
            ],
            "len": [
                -0.23616109704967453,
                9.403121508866772e-08
            ],
            "norm": [
                -0.3510943895222395,
                6.377331864086614e-16
            ]
        },
        "white_positive": {
            "raw": [
                -0.25916471174331535,
                2.684963670854917e-11
            ],
            "max": [
                -0.12988253438620034,
                0.0009810143862645823
            ],
            "len": [
                -0.17569459162101966,
                7.662623053692276e-06
            ],
            "norm": [
                -0.14812303757133544,
                0.0001674603075659729
            ]
        },
        "black_negative": {
            "raw": [
                -0.26104353921885504,
                8.325454384509037e-25
            ],
            "max": [
                -0.08069571359304285,
                0.001754786022100212
            ],
            "len": [
                -0.3052995557375782,
                9.517900020342708e-34
            ],
            "norm": [
                -0.14422744922049094,
                1.9944797761413804e-08
            ]
        },
        "white_negative": {
            "raw": [
                -0.37795887088215185,
                2.159175042709437e-47
            ],
            "max": [
                -0.24571442366844098,
                3.888576576608439e-20
            ],
            "len": [
                -0.32189241439594196,
                3.915616428411249e-34
            ],
            "norm": [
                -0.3139605880654363,
                1.806251697019831e-32
            ]
        }
    }
}