{
    "raw_attention": {
        "abs_average": {
            "raw": 0.5574707297322452,
            "max": 0.5685529742201773,
            "len": 0.35229542472590103,
            "norm": 0.5749694735970163
        },
        "positive_abs_average": {
            "raw": 0.47853476034054365,
            "max": 0.4765065585847878,
            "len": 0.31395026185494224,
            "norm": 0.48922559484853845
        },
        "negative_abs_average": {
            "raw": 0.6364066991239468,
            "max": 0.6605993898555667,
            "len": 0.3906405875968597,
            "norm": 0.6607133523454942
        },
        "black_abs_average": {
            "raw": 0.6394216764080503,
            "max": 0.6519242622477529,
            "len": 0.39753786562314064,
            "norm": 0.6571206024927838
        },
        "white_abs_average": {
            "raw": 0.47551978305644016,
            "max": 0.4851816861926016,
            "len": 0.30705298382866136,
            "norm": 0.49281834470124897
        },
        "black_positive": {
            "raw": [
                0.6026003531486807,
                1.199773841158088e-50
            ],
            "max": [
                0.6019900715799108,
                1.5996939072184415e-50
            ],
            "len": [
                0.39010880755648947,
                1.3818928451736993e-19
            ],
            "norm": [
                0.6124906504368126,
                1.037969714993352e-52
            ]
        },
        "white_positive": {
            "raw": [
                -0.35446916753240665,
                2.0585482196428314e-20
            ],
            "max": [
                -0.3510230455896648,
                5.0465414413616715e-20
            ],
            "len": [
                -0.23779171615339503,
                1.085442687038111e-09
            ],
            "norm": [
                -0.36596053926026423,
                9.548893811497042e-22
            ]
        },
        "black_negative": {
            "raw": [
                -0.6762429996674197,
                3.41469430708754e-201
            ],
            "max": [
                -0.701858452915595,
                4.209198477184032e-223
            ],
            "len": [
                -0.40496692368979176,
                2.508342287612962e-60
            ],
            "norm": [
                -0.7017505545487549,
                5.265114401273173e-223
            ]
        },
        "white_negative": {
            "raw": [
                0.5965703985804737,
                8.627111251820043e-132
            ],
            "max": [
                0.6193403267955384,
                9.404104116490135e-145
            ],
            "len": [
                0.37631425150392767,
                5.785073745058868e-47
            ],
            "norm": [
                0.6196761501422337,
                5.944428218671514e-145
            ]
        }
    },
    "attention_rollout": {
        "abs_average": {
            "raw": 0.5352941687086913,
            "max": 0.4893945365353735,
            "len": 0.35503501660260717,
            "norm": 0.5173325056734206
        },
        "positive_abs_average": {
            "raw": 0.3997973156610734,
            "max": 0.2996175048173795,
            "len": 0.2776910690409511,
            "norm": 0.3334839142687505
        },
        "negative_abs_average": {
            "raw": 0.6707910217563091,
            "max": 0.6791715682533677,
            "len": 0.43237896416426325,
            "norm": 0.7011810970780908
        },
        "black_abs_average": {
            "raw": 0.6267779026642597,
            "max": 0.582358986115795,
            "len": 0.39139146940552416,
            "norm": 0.6182680768788142
        },
        "white_abs_average": {
            "raw": 0.44381043475312293,
            "max": 0.3964300869549521,
            "len": 0.3186785637996902,
            "norm": 0.41639693446802706
        },
        "black_positive": {
            "raw": [
                0.5506465616808922,
                6.626190669503828e-41
            ],
            "max": [
                0.4629449014718315,
                7.14024341681197e-28
            ],
            "len": [
                0.35494479023700065,
                2.9166517807767293e-16
            ],
            "norm": [
                0.5040299996723958,
                1.6499727053401663e-33
            ]
        },
        "white_positive": {
            "raw": [
                -0.24894806964125457,
                1.643173217789791e-10
            ],
            "max": [
                -0.13629010816292747,
                0.0005401504587301287
            ],
            "len": [
                -0.20043734784490158,
                3.1079986089734154e-07
            ],
            "norm": [
                -0.16293782886510522,
                3.3991018210009e-05
            ]
        },
        "black_negative": {
            "raw": [
                -0.7029092436476271,
                4.733836134009409e-224
            ],
            "max": [
                -0.7017730707597585,
                5.024883594802578e-223
            ],
            "len": [
                -0.4278381485740477,
                7.47680214771011e-68
            ],
            "norm": [
                -0.7325061540852328,
                1.2804049406590878e-252
            ]
        },
        "white_negative": {
            "raw": [
                0.6386727998649913,
                1.2543312128703017e-156
            ],
            "max": [
                0.6565700657469767,
                2.0792491718820291e-168
            ],
            "len": [
                0.43691977975447877,
                1.8781084472052965e-64
            ],
            "norm": [
                0.6698560400709489,
                1.0892990627605392e-177
            ]
        }
    },
    "attention_flow": {
        "abs_average": {
            "raw": 0.38066914765592186,
            "max": 0.12369799040503558,
            "len": 0.2698058177925616,
            "norm": 0.2186394426103881
        },
        "positive_abs_average": {
            "raw": 0.32854943831623384,
            "max": 0.022165414220691848,
            "len": 0.26028891791684894,
            "norm": 0.08990697253830199
        },
        "negative_abs_average": {
            "raw": 0.4327888569956099,
            "max": 0.22523056658937934,
            "len": 0.2793227176682742,
            "norm": 0.34737191268247414
        },
        "black_abs_average": {
            "raw": 0.4208669458750741,
            "max": 0.11984925597398305,
            "len": 0.2791624872963606,
            "norm": 0.22366983836157006
        },
        "white_abs_average": {
            "raw": 0.3404713494367696,
            "max": 0.12754672483608812,
            "len": 0.26044914828876253,
            "norm": 0.2136090468592061
        },
        "black_positive": {
            "raw": [
                0.4092592059069165,
                1.4246243654836569e-21
            ],
            "max": [
                -0.015119162657997438,
                0.7361856826953825
            ],
            "len": [
                0.2931708038547728,
                2.3919397558846564e-11
            ],
            "norm": [
                0.09600023939344246,
                0.03202817055516129
            ]
        },
        "white_positive": {
            "raw": [
                -0.24783967072555116,
                1.9905011873987754e-10
            ],
            "max": [
                -0.02921166578338626,
                0.460335610579467
            ],
            "len": [
                -0.22740703197892514,
                5.790260264094432e-09
            ],
            "norm": [
                -0.08381370568316153,
                0.03387253463304167
            ]
        },