{
    "Saliency_L2": {
        "abs_average": {
            "raw": 0.47905197065825345,
            "max": 0.32988822582963917,
            "len": 0.3442572854379093,
            "norm": 0.4033556297685358
        },
        "positive_abs_average": {
            "raw": 0.393452132523043,
            "max": 0.39803289316894797,
            "len": 0.27899309547431117,
            "norm": 0.4432857413778557
        },
        "negative_abs_average": {
            "raw": 0.5646518087934639,
            "max": 0.2617435584903304,
            "len": 0.4095214754015074,
            "norm": 0.36342551815921587
        },
        "black_abs_average": {
            "raw": 0.44588157489115426,
            "max": 0.3191011624911988,
            "len": 0.32136665467943404,
            "norm": 0.39085112717520265
        },
        "white_abs_average": {
            "raw": 0.5122223664253527,
            "max": 0.34067528916807954,
            "len": 0.36714791619638454,
            "norm": 0.41586013236186886
        },
        "black_positive": {
            "raw": [
                0.4204857699463576,
                8.468890967861834e-23
            ],
            "max": [
                0.47639982495120764,
                1.2339355577413059e-29
            ],
            "len": [
                0.29646883548117486,
                1.393945110522732e-11
            ],
            "norm": [
                0.5194622636917502,
                7.85043021867134e-36
            ]
        },
        "white_positive": {
            "raw": [
                -0.3664184950997284,
                8.427062318274967e-22
            ],
            "max": [
                -0.31966596138668835,
                1.0753678345721951e-16
            ],
            "len": [
                -0.2615173554674475,
                1.7492213338990913e-11
            ],
            "norm": [
                -0.3671092190639612,
                6.97663920739347e-22
            ]
        },
        "black_negative": {
            "raw": [
                -0.4712773798359509,
                7.692335674629596e-84
            ],
            "max": [
                -0.16180250003118996,
                2.8812237165130996e-10
            ],
            "len": [
                -0.3462644738776932,
                1.5832452376141098e-43
            ],
            "norm": [
                -0.26223999065865516,
                5.008299987105462e-25
            ]
        },
        "white_negative": {
            "raw": [
                0.6580262377509769,
                2.1075558305564373e-169
            ],
            "max": [
                0.3616846169494708,
                2.9008608650897145e-43
            ],
            "len": [
                0.4727784769253216,
                1.2983577553187334e-76
            ],
            "norm": [
                0.4646110456597765,
                1.0282626259640054e-73
            ]
        }
    },
    "Saliency_mean": {
        "abs_average": {
            "raw": 0.264295787233637,
            "max": 0.17550020491904567,
            "len": 0.23427686031076594,
            "norm": 0.2039543776365466
        },
        "positive_abs_average": {
            "raw": 0.20312443518813517,
            "max": 0.22867370935263243,
            "len": 0.1839537921350628,
            "norm": 0.2321152771580801
        },
        "negative_abs_average": {
            "raw": 0.32546713927913884,
            "max": 0.12232670048545896,
            "len": 0.2845999284864691,
            "norm": 0.1757934781150131
        },
        "black_abs_average": {
            "raw": 0.2661235277506483,
            "max": 0.16249439796264498,
            "len": 0.25254756527297456,
            "norm": 0.20036776972527504
        },
        "white_abs_average": {
            "raw": 0.2624680467166257,
            "max": 0.18850601187544638,
            "len": 0.21600615534855733,
            "norm": 0.2075409855478182
        },
        "black_positive": {
            "raw": [
                -0.2753163109783054,
                3.9502929920350206e-10
            ],
            "max": [
                -0.30182831663448145,
                5.7109348937600885e-12
            ],
            "len": [
                -0.2381557337135763,
                7.272021813070174e-08
            ],
            "norm": [
                -0.32370127025125156,
                1.231693903283624e-13
            ]
        },
        "white_positive": {
            "raw": [
                -0.13093255939796491,
                0.0008912131325534402
            ],
            "max": [
                -0.15551910207078337,
                7.691167858103577e-05
            ],
            "len": [
                -0.12975185055654928,
                0.0009927577699651838
            ],
            "norm": [
                -0.1405292840649087,
                0.00035876129964198405
            ]
        },
        "black_negative": {
            "raw": [
                -0.2569307445229912,
                4.6823117503144176e-24
            ],
            "max": [
                -0.023160479290808514,
                0.3698933311984496
            ],
            "len": [
                -0.26693939683237283,
                6.632914185336869e-26
            ],
            "norm": [
                -0.07703426919929851,
                0.0028221765744766924
            ]
        },
        "white_negative": {
            "raw": [
                -0.3940035340352865,
                1.0649866222028787e-51
            ],
            "max": [
                -0.2214929216801094,
                1.450059425454882e-16
            ],
            "len": [
                -0.30226046014056535,
                4.173383494823338e-30
            ],
            "norm": [
                -0.2745526870307277,
                6.301715021859524e-25
            ]
        }
    }
}