{
    "Occlusion": {
        "abs_average": {
            "raw": 0.6670525042178275,
            "max": 0.5363997033921013,
            "len": 0.510463110080251,
            "norm": 0.574819937859327
        },
        "positive_abs_average": {
            "raw": 0.6245968611729111,
            "max": 0.6425156689125522,
            "len": 0.4621887986766644,
            "norm": 0.6270910662602039
        },
        "negative_abs_average": {
            "raw": 0.7095081472627438,
            "max": 0.43028373787165036,
            "len": 0.5587374214838376,
            "norm": 0.52254880945845
        },
        "black_abs_average": {
            "raw": 0.791310672687831,
            "max": 0.5837923677904803,
            "len": 0.6202663272573683,
            "norm": 0.6439579591702096
        },
        "white_abs_average": {
            "raw": 0.5427943357478241,
            "max": 0.48900703899372233,
            "len": 0.40065989290313375,
            "norm": 0.5056819165484443
        },
        "black_positive": {
            "raw": [
                0.7167149496885872,
                7.89687767905087e-80
            ],
            "max": [
                0.7429570659387128,
                1.0666634079407153e-88
            ],
            "len": [
                0.5575970812780328,
                4.1322087597558644e-42
            ],
            "norm": [
                0.7394041058017807,
                1.9561663632021056e-87
            ]
        },
        "white_positive": {
            "raw": [
                -0.5324787726572352,
                3.2068642233819513e-48
            ],
            "max": [
                -0.5420742718863917,
                3.0690574505778816e-50
            ],
            "len": [
                -0.366780516075296,
                7.63321776293834e-22
            ],
            "norm": [
                -0.5147780267186272,
                1.1615064778732554e-44
            ]
        },
        "black_negative": {
            "raw": [
                0.8659063956870746,
                0.0
            ],
            "max": [
                0.42462766964224774,
                9.238230247983277e-67
            ],
            "len": [
                0.6829355732367037,
                1.0639130882343388e-206
            ],
            "norm": [
                0.5485118125386385,
                1.1817256633096353e-118
            ]
        },
        "white_negative": {
            "raw": [
                -0.553109898838413,
                9.636508131852998e-110
            ],
            "max": [
                -0.435939806101053,
                3.8551998634579847e-64
            ],
            "len": [
                -0.4345392697309715,
                1.0730809595798644e-63
            ],
            "norm": [
                -0.4965858063782615,
                1.5902942660843617e-85
            ]
        }
    }
}