{
    "InputXGradient_L2": {
        "abs_average": {
            "raw": 0.4743131954882367,
            "max": 0.3283655157799258,
            "len": 0.33853015020955796,
            "norm": 0.39570625832966766
        },
        "positive_abs_average": {
            "raw": 0.386525106936208,
            "max": 0.37898036648734695,
            "len": 0.271649053817372,
            "norm": 0.4269980359905487
        },
        "negative_abs_average": {
            "raw": 0.5621012840402653,
            "max": 0.2777506650725047,
            "len": 0.40541124660174394,
            "norm": 0.3644144806687867
        },
        "black_abs_average": {
            "raw": 0.4387388132250149,
            "max": 0.31513094988970847,
            "len": 0.3184766377426401,
            "norm": 0.38158477093628645
        },
        "white_abs_average": {
            "raw": 0.5098875777514584,
            "max": 0.3416000816701431,
            "len": 0.3585836626764758,
            "norm": 0.4098277457230489
        },
        "black_positive": {
            "raw": [
                0.40594808067189647,
                3.2099578901428502e-21
            ],
            "max": [
                0.44848513688631086,
                4.5974155468069476e-26
            ],
            "len": [
                0.28384908106854084,
                1.0602023797140065e-10
            ],
            "norm": [
                0.4960276625301358,
                2.376683813480235e-32
            ]
        },
        "white_positive": {
            "raw": [
                -0.36710213320051954,
                6.9901869016956625e-22
            ],
            "max": [
                -0.30947559608838304,
                1.0778015899930194e-15
            ],
            "len": [
                -0.2594490265662031,
                2.5500442185668633e-11
            ],
            "norm": [
                -0.3579684094509616,
                8.18839600663798e-21
            ]
        },
        "black_negative": {
            "raw": [
                -0.47152954577813333,
                6.114071310168554e-84
            ],
            "max": [
                -0.1817767628931061,
                1.2855128518939539e-12
            ],
            "len": [
                -0.3531041944167394,
                2.6130921166484388e-45
            ],
            "norm": [
                -0.2671418793424371,
                6.074036336213214e-26
            ]
        },
        "white_negative": {
            "raw": [
                0.6526730223023973,
                8.940590941660857e-166
            ],
            "max": [
                0.37372456725190323,
                2.699616079027808e-46
            ],
            "len": [
                0.45771829878674847,
                2.500023700358534e-71
            ],
            "norm": [
                0.46168708199513625,
                1.0736927463920546e-72
            ]
        }
    },
    "InputXGradient_mean": {
        "abs_average": {
            "raw": 0.3600370559397351,
            "max": 0.257812716387522,
            "len": 0.29338900887356967,
            "norm": 0.31948170649406615
        },
        "positive_abs_average": {
            "raw": 0.2994408483783093,
            "max": 0.30025155767415906,
            "len": 0.24687856128726007,
            "norm": 0.3268427911119395
        },
        "negative_abs_average": {
            "raw": 0.42063326350116104,
            "max": 0.21537387510088501,
            "len": 0.3398994564598793,
            "norm": 0.3121206218761928
        },
        "black_abs_average": {
            "raw": 0.35668083517388216,
            "max": 0.2905711856167536,
            "len": 0.29630111838378953,
            "norm": 0.351186266163947
        },
        "white_abs_average": {
            "raw": 0.36339327670558813,
            "max": 0.22505424715829048,
            "len": 0.29047689936334986,
            "norm": 0.2877771468241853
        },
        "black_positive": {
            "raw": [
                0.3429570553486788,
                3.2172805500468283e-15
            ],
            "max": [
                0.38651410509978745,
                3.1563214712055153e-19
            ],
            "len": [
                0.2879757497923312,
                5.5215102281259446e-11
            ],
            "norm": [
                0.4304969973967711,
                6.2387218461034096e-24
            ]
        },
        "white_positive": {
            "raw": [
                -0.25592464140793975,
                4.810574537986054e-11
            ],
            "max": [
                -0.21398901024853065,
                4.482924306445975e-08
            ],
            "len": [
                -0.20578137278218894,
                1.4709902256544824e-07
            ],
            "norm": [
                -0.22318858482710788,
                1.117498264344736e-08
            ]
        },
        "black_negative": {
            "raw": [
                0.3704046149990855,
                5.108526933321388e-50
            ],
            "max": [
                0.19462826613371972,
                2.8051869860489332e-14
            ],
            "len": [
                0.30462648697524786,
                1.3391053734716187e-33
            ],
            "norm": [
                0.2718755349311229,
                7.592713629138436e-27
            ]
        },
        "white_negative": {
            "raw": [
                -0.4708619120032365,
                6.319460688133385e-76
            ],
            "max": [
                -0.2361194840680503,
                1.129685481517608e-18
            ],
            "len": [
                -0.3751724259445107,
                1.142948650445002e-46
            ],
            "norm": [
                -0.3523657088212627,
                5.260477757760616e-41
            ]
        }
    }
}