{
    "IntegratedGradients_L2": {
        "abs_average": {
            "raw": 0.46839669672177675,
            "max": 0.4269190739960167,
            "len": 0.29584356100298015,
            "norm": 0.47657532062189256
        },
        "positive_abs_average": {
            "raw": 0.31548990584772707,
            "max": 0.47659449530222153,
            "len": 0.23893791455099722,
            "norm": 0.4639380143246426
        },
        "negative_abs_average": {
            "raw": 0.6213034875958264,
            "max": 0.37724365268981186,
            "len": 0.3527492074549632,
            "norm": 0.48921262691914247
        },
        "black_abs_average": {
            "raw": 0.5127070395189053,
            "max": 0.41799877485440795,
            "len": 0.33712337454804164,
            "norm": 0.4885755785493239
        },
        "white_abs_average": {
            "raw": 0.4240863539246483,
            "max": 0.43583937313762544,
            "len": 0.2545637474579187,
            "norm": 0.4645750626944612
        },
        "black_positive": {
            "raw": [
                0.39866430528825314,
                1.8570309035177143e-20
            ],
            "max": [
                0.5021884735597315,
                3.0675548705111527e-33
            ],
            "len": [
                0.2894034888129714,
                4.3949052330542416e-11
            ],
            "norm": [
                0.519911298078945,
                6.691418319665387e-36
            ]
        },
        "white_positive": {
            "raw": [
                -0.23231550640720097,
                2.6505051309909303e-09
            ],
            "max": [
                -0.45100051704471156,
                1.9420013843388566e-33
            ],
            "len": [
                -0.18847234028902307,
                1.5432140468389531e-06
            ],
            "norm": [
                -0.4079647305703402,
                4.2188258449436765e-27
            ]
        },
        "black_negative": {
            "raw": [
                -0.6267497737495573,
                1.30434389609007e-164
            ],
            "max": [
                -0.33380907614908434,
                2.15342609747997e-40
            ],
            "len": [
                -0.38484326028311194,
                3.5616176966464125e-54
            ],
            "norm": [
                -0.45723985901970277,
                2.0319204075416814e-78
            ]
        },
        "white_negative": {
            "raw": [
                0.6158572014420955,
                1.0599455111931796e-142
            ],
            "max": [
                0.4206782292305394,
                2.0874392776393706e-59
            ],
            "len": [
                0.3206551546268144,
                7.172549604219598e-34
            ],
            "norm": [
                0.5211853948185822,
                1.6668075022923186e-95
            ]
        }
    },
    "IntegratedGradients_mean": {
        "abs_average": {
            "raw": 0.3973878829298425,
            "max": 0.4137307442016075,
            "len": 0.2901820166866413,
            "norm": 0.43636079941484596
        },
        "positive_abs_average": {
            "raw": 0.28505309831965114,
            "max": 0.45334436358434294,
            "len": 0.24760137492376666,
            "norm": 0.4553727177909795
        },
        "negative_abs_average": {
            "raw": 0.5097226675400338,
            "max": 0.374117124818872,
            "len": 0.33276265844951586,
            "norm": 0.4173488810387124
        },
        "black_abs_average": {
            "raw": 0.4937787488498391,
            "max": 0.44737437792379087,
            "len": 0.41331367944416386,
            "norm": 0.48611174220783626
        },
        "white_abs_average": {
            "raw": 0.3009970170098459,
            "max": 0.3800871104794241,
            "len": 0.16705035392911868,
            "norm": 0.38660985662185565
        },
        "black_positive": {
            "raw": [
                0.36231079677461586,
                6.336783206117565e-17
            ],
            "max": [
                0.49808438917379566,
                1.2054145044922516e-32
            ],
            "len": [
                0.3230422667201038,
                1.3890734507530961e-13
            ],
            "norm": [
                0.51673805667354,
                2.0585948898697782e-35
            ]
        },
        "white_positive": {
            "raw": [
                -0.2077953998646864,
                1.1038339831299692e-07
            ],
            "max": [
                -0.4086043379948902,
                3.447908566655825e-27
            ],
            "len": [
                -0.17216048312742954,
                1.170482583975157e-05
            ],
            "norm": [
                -0.39400737890841897,
                3.0967632402278126e-25
            ]
        },
        "black_negative": {
            "raw": [
                0.6252467009250623,
                1.3295413322713044e-163
            ],
            "max": [
                0.396664366673786,
                9.760087611501383e-58
            ],
            "len": [
                0.5035850921682239,
                2.5361788868430723e-97
            ],
            "norm": [
                0.4554854277421326,
                9.287774128063287e-78
            ]
        },
        "white_negative": {
            "raw": [
                -0.3941986341550054,
                9.407743229093986e-52
            ],
            "max": [
                -0.35156988296395797,
                8.136052557984998e-41
            ],
            "len": [
                -0.16194022473080782,
                1.9246452269322957e-09
            ],
            "norm": [
                -0.3792123343352923,
                1.0148644473551713e-47
            ]
        }
    }
}