{
    "IntegratedGradients_L2": {
        "abs_average": {
            "raw": 0.14306964573305794,
            "max": 0.06734742517541271,
            "len": 0.11090498281503874,
            "norm": 0.09595308989697768
        },
        "positive_abs_average": {
            "raw": 0.17984552855561967,
            "max": 0.0721306388427369,
            "len": 0.18549045408974063,
            "norm": 0.10999493027352984
        },
        "negative_abs_average": {
            "raw": 0.10629376291049626,
            "max": 0.06256421150808851,
            "len": 0.03631951154033686,
            "norm": 0.0819112495204255
        },
        "female_abs_average": {
            "raw": 0.21797026348825355,
            "max": 0.09734626848484378,
            "len": 0.16343267161320776,
            "norm": 0.1304678107099363
        },
        "male_abs_average": {
            "raw": 0.06816902797786235,
            "max": 0.037348581865981646,
            "len": 0.05837729401686971,
            "norm": 0.061438369084019055
        },
        "female_positive": {
            "raw": [
                0.278606099995798,
                6.457504523964707e-10
            ],
            "max": [
                0.1415482523589567,
                0.00198525989023058
            ],
            "len": [
                0.2812305765420485,
                4.3898335888876556e-10
            ],
            "norm": [
                0.1967876898699828,
                1.5609965631296582e-05
            ]
        },
        "male_positive": {
            "raw": [
                -0.08108495711544132,
                0.08268613516951143
            ],
            "max": [
                -0.002713025326517097,
                0.9537755158435596
            ],
            "len": [
                -0.08975033163743272,
                0.05467211390723571
            ],
            "norm": [
                -0.023202170677076885,
                0.6200346473963737
            ]
        },
        "female_negative": {
            "raw": [
                -0.15733442698070912,
                6.509171014504282e-10
            ],
            "max": [
                -0.053144284610730834,
                0.037975841416232455
            ],
            "len": [
                -0.04563476668436701,
                0.07482077096593237
            ],
            "norm": [
                -0.06414793154988976,
                0.012224951476173074
            ]
        },
        "male_negative": {
            "raw": [
                -0.05525309884028339,
                0.03009111921191807
            ],
            "max": [
                -0.0719841384054462,
                0.004696378109610941
            ],
            "len": [
                0.027004256396306707,
                0.2894174059886246
            ],
            "norm": [
                -0.09967456749096122,
                8.878043535989875e-05
            ]
        }
    },
    "IntegratedGradients_mean": {
        "abs_average": {
            "raw": 0.14472828028026122,
            "max": 0.11454834624926266,
            "len": 0.1169283076471124,
            "norm": 0.12463915420762332
        },
        "positive_abs_average": {
            "raw": 0.21472534293614953,
            "max": 0.16195802113954147,
            "len": 0.19084647686527523,
            "norm": 0.18143755269446235
        },
        "negative_abs_average": {
            "raw": 0.07473121762437292,
            "max": 0.06713867135898385,
            "len": 0.0430101384289496,
            "norm": 0.0678407557207843
        },
        "female_abs_average": {
            "raw": 0.1651889978105297,
            "max": 0.12402560091678136,
            "len": 0.16949921546309948,
            "norm": 0.13806265712482563
        },
        "male_abs_average": {
            "raw": 0.12426756274999275,
            "max": 0.10507109158174398,
            "len": 0.06435739983112533,
            "norm": 0.11121565129042102
        },
        "female_positive": {
            "raw": [
                0.306961374664672,
                8.018381429346919e-12
            ],
            "max": [
                0.1928056823008544,
                2.3287018474923508e-05
            ],
            "len": [
                0.32383258513817786,
                4.653976102952422e-13
            ],
            "norm": [
                0.23727424265002317,
                1.6718336458019562e-07
            ]
        },
        "male_positive": {
            "raw": [
                0.1224893112076271,
                0.008614406673525225
            ],
            "max": [
                0.13111035997822854,
                0.0049014436648649315
            ],
            "len": [
                0.057860368592372584,
                0.2159854932414418
            ],
            "norm": [
                0.12560086273890153,
                0.007054756249857966
            ]
        },
        "female_negative": {
            "raw": [
                0.023416620956387437,
                0.36080946546690545
            ],
            "max": [
                0.0552455195327083,
                0.03098345921504135
            ],
            "len": [
                -0.015165845788021116,
                0.5539888004065314
            ],
            "norm": [
                0.03885107159962806,
                0.12939010853887814
            ]
        },
        "male_negative": {
            "raw": [
                0.1260458142923584,
                6.912913563738836e-07
            ],
            "max": [
                0.07903182318525942,
                0.0019042109383446142
            ],
            "len": [
                0.07085443106987808,
                0.005391326951680851
            ],
            "norm": [
                0.09683043984194052,
                0.0001406635161800754
            ]
        }
    }
}