{
    "InputXGradient_L2": {
        "abs_average": {
            "raw": 0.1498333915068005,
            "max": 0.06791848390630506,
            "len": 0.1865936683342983,
            "norm": 0.06568869868928517
        },
        "positive_abs_average": {
            "raw": 0.20671280165653994,
            "max": 0.07771463189537976,
            "len": 0.2682656111037459,
            "norm": 0.06997618175015227
        },
        "negative_abs_average": {
            "raw": 0.09295398135706107,
            "max": 0.05812233591723037,
            "len": 0.10492172556485066,
            "norm": 0.06140121562841805
        },
        "female_abs_average": {
            "raw": 0.21726596639716123,
            "max": 0.0407249200614258,
            "len": 0.21832536332154742,
            "norm": 0.06593786379182805
        },
        "male_abs_average": {
            "raw": 0.08240081661643978,
            "max": 0.09511204775118433,
            "len": 0.15486197334704915,
            "norm": 0.06543953358674229
        },
        "female_positive": {
            "raw": [
                0.2563667635127999,
                1.4476484076398438e-08
            ],
            "max": [
                0.054259079914306056,
                0.23787968516120542
            ],
            "len": [
                0.3710272218182143,
                5.986230134320131e-17
            ],
            "norm": [
                0.10790448297084443,
                0.018652729030947928
            ]
        },
        "male_positive": {
            "raw": [
                -0.15705883980027993,
                0.0007336702417664195
            ],
            "max": [
                0.10117018387645346,
                0.03022328303276902
            ],
            "len": [
                -0.16550400038927754,
                0.00036983632703637337
            ],
            "norm": [
                0.03204788052946013,
                0.49340279788524055
            ]
        },
        "female_negative": {
            "raw": [
                -0.1781651692815225,
                2.41735695388914e-12
            ],
            "max": [
                -0.027190760208545547,
                0.28861781274092313
            ],
            "len": [
                -0.06562350482488054,
                0.010366993841092883
            ],
            "norm": [
                -0.023971244612811658,
                0.34954415237781666
            ]
        },
        "male_negative": {
            "raw": [
                -0.007742793432599613,
                0.761352114255364
            ],
            "max": [
                -0.0890539116259152,
                0.0004652908305400158
            ],
            "len": [
                0.1442199463048208,
                1.2959730310435802e-08
            ],
            "norm": [
                -0.09883118664402443,
                0.00010189119176333215
            ]
        }
    },
    "InputXGradient_mean": {
        "abs_average": {
            "raw": 0.12389606558041226,
            "max": 0.02836074668658147,
            "len": 0.09808598618932685,
            "norm": 0.0427379241211547
        },
        "positive_abs_average": {
            "raw": 0.1886459812440192,
            "max": 0.027011769501786787,
            "len": 0.17742282608123888,
            "norm": 0.046521351002707045
        },
        "negative_abs_average": {
            "raw": 0.0591461499168053,
            "max": 0.029709723871376152,
            "len": 0.01874914629741481,
            "norm": 0.038954497239602356
        },
        "female_abs_average": {
            "raw": 0.15650741260820394,
            "max": 0.029719133645488983,
            "len": 0.11434681001391553,
            "norm": 0.04398101238157366
        },
        "male_abs_average": {
            "raw": 0.09128471855262058,
            "max": 0.027002359727673956,
            "len": 0.08182516236473815,
            "norm": 0.04149483586073574
        },
        "female_positive": {
            "raw": [
                0.21947584007820348,
                1.3668852263112767e-06
            ],
            "max": [
                0.038591006256533826,
                0.4013749979268523
            ],
            "len": [
                0.22828647028859547,
                4.934694825374125e-07
            ],
            "norm": [
                0.0720463578973182,
                0.11685426024005745
            ]
        },
        "male_positive": {
            "raw": [
                -0.15781612240983495,
                0.00069089956223433
            ],
            "max": [
                0.01543253274703975,
                0.7415895646821369
            ],
            "len": [
                -0.12655918187388226,
                0.0066281484050374545
            ],
            "norm": [
                0.0209963441080959,
                0.6536808698276232
            ]
        },
        "female_negative": {
            "raw": [
                0.09353898513820441,
                0.00025434878003621997
            ],
            "max": [
                0.02084726103444414,
                0.41591286618073314
            ],
            "len": [
                -0.0004071497392355901,
                0.9873248054261099
            ],
            "norm": [
                0.015915666865829122,
                0.5345625449324526
            ]
        },
        "male_negative": {
            "raw": [
                0.02475331469540619,
                0.3315154991535029
            ],
            "max": [
                0.038572186708308163,
                0.13015071706508943
            ],
            "len": [
                -0.03709114285559403,
                0.14557147226790842
            ],
            "norm": [
                0.06199332761337559,
                0.014935053946196375
            ]
        }
    }
}