{
    "Occlusion": {
        "abs_average": {
            "raw": 0.1938855780158924,
            "max": 0.1076691351877884,
            "len": 0.17173591212562925,
            "norm": 0.10015808418887867
        },
        "positive_abs_average": {
            "raw": 0.22865677726990782,
            "max": 0.18653871236534147,
            "len": 0.25777384500449185,
            "norm": 0.17904334093733953
        },
        "negative_abs_average": {
            "raw": 0.15911437876187698,
            "max": 0.028799558010235315,
            "len": 0.08569797924676667,
            "norm": 0.02127282744041781
        },
        "female_abs_average": {
            "raw": 0.3007164547071097,
            "max": 0.16535458437386727,
            "len": 0.235997149695955,
            "norm": 0.1505532091985549
        },
        "male_abs_average": {
            "raw": 0.0870547013246751,
            "max": 0.04998368600170951,
            "len": 0.10747467455530349,
            "norm": 0.04976295917920247
        },
        "female_positive": {
            "raw": [
                0.3121312295539997,
                3.4162237427190237e-12
            ],
            "max": [
                0.2747585066491468,
                1.128810033931076e-09
            ],
            "len": [
                0.358814450621769,
                7.038116381039962e-16
            ],
            "norm": [
                0.2641689522564957,
                5.022233933837199e-09
            ]
        },
        "male_positive": {
            "raw": [
                -0.14518232498581596,
                0.0018178387134858175
            ],
            "max": [
                -0.09831891808153612,
                0.03522405735585876
            ],
            "len": [
                -0.15673323938721467,
                0.0007528027920079858
            ],
            "norm": [
                -0.09391772961818336,
                0.04431693324606134
            ]
        },
        "female_negative": {
            "raw": [
                -0.2893016798602197,
                8.698417103870888e-31
            ],
            "max": [
                -0.05595066209858773,
                0.028898881151854156
            ],
            "len": [
                -0.11317984877014102,
                9.404429085243328e-06
            ],
            "norm": [
                -0.036937466140614036,
                0.14936913715770336
            ]
        },
        "male_negative": {
            "raw": [
                0.028927077663534237,
                0.25643187625194896
            ],
            "max": [
                -0.0016484539218828988,
                0.9484458769628649
            ],
            "len": [
                -0.05821610972339232,
                0.02228993018699527
            ],
            "norm": [
                -0.005608188740221583,
                0.8258900444419119
            ]
        }
    }
}