{
    "raw_attention": {
        "abs_average": {
            "raw": 0.11993440991589295,
            "max": 0.11056214838832595,
            "len": 0.0896358782854404,
            "norm": 0.11390019869245868
        },
        "positive_abs_average": {
            "raw": 0.19738202175524475,
            "max": 0.17003886489327488,
            "len": 0.17050489795657126,
            "norm": 0.1758824824660289
        },
        "negative_abs_average": {
            "raw": 0.042486798076541155,
            "max": 0.051085431883377046,
            "len": 0.008766858614309541,
            "norm": 0.05191791491888849
        },
        "female_abs_average": {
            "raw": 0.19008254786231094,
            "max": 0.18046635713739984,
            "len": 0.13304822731464644,
            "norm": 0.18490937363418078
        },
        "male_abs_average": {
            "raw": 0.049786271969474966,
            "max": 0.040657939639252086,
            "len": 0.04622352925623434,
            "norm": 0.042891023750736584
        },
        "female_positive": {
            "raw": [
                0.3381134014182378,
                3.6248922215212686e-14
            ],
            "max": [
                0.31127088978000317,
                3.941969425733315e-12
            ],
            "len": [
                0.25649767160709597,
                1.4225668174004486e-08
            ],
            "norm": [
                0.32211570369342685,
                6.269324354837402e-13
            ]
        },
        "male_positive": {
            "raw": [
                -0.05665064209225168,
                0.22575628256448346
            ],
            "max": [
                -0.0288068400065466,
                0.5381513680989101
            ],
            "len": [
                -0.08451212430604652,
                0.07046465981945801
            ],
            "norm": [
                -0.029649261238630917,
                0.5263278759534809
            ]
        },
        "female_negative": {
            "raw": [
                -0.04205169430638406,
                0.10068314540251087
            ],
            "max": [
                -0.049661824494796517,
                0.0525059108803684
            ],
            "len": [
                -0.009598783022196924,
                0.7079983462214509
            ],
            "norm": [
                -0.04770304357493472,
                0.06254727003751386
            ]
        },
        "male_negative": {
            "raw": [
                -0.042921901846698245,
                0.09211736877587487
            ],
            "max": [
                -0.052509039271957575,
                0.039300974645842986
            ],
            "len": [
                0.007934934206422158,
                0.7556162578063121
            ],
            "norm": [
                -0.05613278626284226,
                0.027561356385508762
            ]
        }
    },
    "attention_rollout": {
        "abs_average": {
            "raw": 0.11405023783437603,
            "max": 0.12128559853906361,
            "len": 0.08379825395980364,
            "norm": 0.11895966299546167
        },
        "positive_abs_average": {
            "raw": 0.1697796581467165,
            "max": 0.13893629263881746,
            "len": 0.14636807891056558,
            "norm": 0.14862739645182485
        },
        "negative_abs_average": {
            "raw": 0.058320817522035565,
            "max": 0.10363490443930973,
            "len": 0.02122842900904171,
            "norm": 0.08929192953909848
        },
        "female_abs_average": {
            "raw": 0.1962906713211862,
            "max": 0.16735251557255676,
            "len": 0.13489700503779026,
            "norm": 0.19557140934417647
        },
        "male_abs_average": {
            "raw": 0.03180980434756587,
            "max": 0.07521868150557046,
            "len": 0.032699502881817034,
            "norm": 0.042347916646746864
        },
        "female_positive": {
            "raw": [
                0.3018692071581698,
                1.828128340665573e-11
            ],
            "max": [
                0.21247021263937757,
                2.9838556001537164e-06
            ],
            "len": [
                0.2311419686718395,
                3.515407312614911e-07
            ],
            "norm": [
                0.261574565447219,
                7.168824956646786e-09
            ]
        },
        "male_positive": {
            "raw": [
                -0.03769010913526322,
                0.42049191535382596
            ],
            "max": [
                0.06540237263825738,
                0.1618500344972366
            ],
            "len": [
                -0.06159418914929164,
                0.18775006662601448
            ],
            "norm": [
                0.03568022745643069,
                0.44571282033666154
            ]
        },
        "female_negative": {
            "raw": [
                -0.09071213548420261,
                0.000389893358520712
            ],
            "max": [
                -0.12223481850573593,
                1.6889655156013741e-06
            ],
            "len": [
                -0.038652041403741,
                0.131366117850345
            ],
            "norm": [
                -0.1295682532411339,
                3.833038818419136e-07
            ]
        },
        "male_negative": {
            "raw": [
                -0.025929499559868525,
                0.3090476375178515
            ],
            "max": [
                -0.08503499037288352,
                0.0008334440389547915
            ],
            "len": [
                -0.003804816614342422,
                0.8813645772050016
            ],
            "norm": [
                -0.04901560583706304,
                0.054388354542075454
            ]
        }
    },
    "attention_flow": {
        "abs_average": {
            "raw": 0.10482158921527414,
            "max": 0.06798967650010716,
            "len": 0.08663884309481654,
            "norm": 0.09019449884360464
        },
        "positive_abs_average": {
            "raw": 0.15619371510189178,
            "max": 0.07950567743243431,
            "len": 0.14801027902929537,
            "norm": 0.1023833979566185
        },
        "negative_abs_average": {
            "raw": 0.053449463328656494,
            "max": 0.056473675567780005,
            "len": 0.02526740716033768,
            "norm": 0.07800559973059078
        },
        "female_abs_average": {
            "raw": 0.14294510638746769,
            "max": 0.045843689519020264,
            "len": 0.11199943664460475,
            "norm": 0.09696791941819166
        },
        "male_abs_average": {
            "raw": 0.06669807204308059,
            "max": 0.09013566348119406,
            "len": 0.06127824954502831,
            "norm": 0.08342107826901761
        },
        "female_positive": {
            "raw": [
                0.23056795923784096,
                3.764750168473732e-07
            ],
            "max": [
                0.08281692491838978,
                0.07134171073579813
            ],
            "len": [
                0.20379179675506467,
                7.573339073139816e-06
            ],
            "norm": [
                0.1596499165989461,
                0.0004780753154335674
            ]
        },
        "male_positive": {
            "raw": [
                -0.0818194709659426,
                0.07993198681730251
            ],
            "max": [
                0.07619442994647885,
                0.10303160795150433
            ],
            "len": [
                -0.09222876130352609,
                0.04829560845294051
            ],
            "norm": [
                0.0451168793142909,
                0.33481915242749105
            ]
        },