{
    "DeepLift_L2": {
        "abs_average": {
            "raw": 0.15991489539178444,
            "max": 0.05751623408647193,
            "len": 0.1869028944323689,
            "norm": 0.061634795661618016
        },
        "positive_abs_average": {
            "raw": 0.21605305952485085,
            "max": 0.06346904542386056,
            "len": 0.26975484555396767,
            "norm": 0.06561337790975336
        },
        "negative_abs_average": {
            "raw": 0.10377673125871806,
            "max": 0.05156342274908332,
            "len": 0.10405094331077014,
            "norm": 0.05765621341348268
        },
        "female_abs_average": {
            "raw": 0.23706380376643005,
            "max": 0.030821123605372577,
            "len": 0.23134188514750662,
            "norm": 0.06898959296182998
        },
        "male_abs_average": {
            "raw": 0.08276598701713883,
            "max": 0.08421134456757129,
            "len": 0.14246390371723117,
            "norm": 0.05427999836140606
        },
        "female_positive": {
            "raw": [
                0.2750383842355915,
                1.0841865044222896e-09
            ],
            "max": [
                0.0388872597591881,
                0.3977675433857169
            ],
            "len": [
                0.3954712497477898,
                3.1186579222066815e-19
            ],
            "norm": [
                0.10927801746600459,
                0.01719445439697149
            ]
        },
        "male_positive": {
            "raw": [
                -0.15706773481411018,
                0.0007331539369861409
            ],
            "max": [
                0.08805083108853301,
                0.05943729306859373
            ],
            "len": [
                -0.1440384413601455,
                0.001977083235814923
            ],
            "norm": [
                0.021948738353502122,
                0.6390622527104197
            ]
        },
        "female_negative": {
            "raw": [
                -0.1990892232972686,
                4.261505746543468e-15
            ],
            "max": [
                -0.022754987451557056,
                0.37454236765116217
            ],
            "len": [
                -0.06721252054722344,
                0.008650912093485966
            ],
            "norm": [
                -0.028701168457655368,
                0.26265915381460336
            ]
        },
        "male_negative": {
            "raw": [
                -0.008464239220167494,
                0.7398855724876926
            ],
            "max": [
                -0.08037185804660958,
                0.0015907788720030311
            ],
            "len": [
                0.14088936607431685,
                2.7931943290062882e-08
            ],
            "norm": [
                -0.08661125836931,
                0.0006650089226023868
            ]
        }
    },
    "DeepLift_mean": {
        "abs_average": {
            "raw": 0.145055335778371,
            "max": 0.04163946882996507,
            "len": 0.19996213953683784,
            "norm": 0.04824554185315441
        },
        "positive_abs_average": {
            "raw": 0.1271293777507834,
            "max": 0.05876622544105826,
            "len": 0.20923315456282132,
            "norm": 0.07319946575763935
        },
        "negative_abs_average": {
            "raw": 0.1629812938059586,
            "max": 0.024512712218871878,
            "len": 0.19069112451085432,
            "norm": 0.023291617948669463
        },
        "female_abs_average": {
            "raw": 0.21420849326119612,
            "max": 0.04684382233659949,
            "len": 0.2346307634894715,
            "norm": 0.07051262993936552
        },
        "male_abs_average": {
            "raw": 0.07590217829554585,
            "max": 0.036435115323330644,
            "len": 0.16529351558420413,
            "norm": 0.025978453766943292
        },
        "female_positive": {
            "raw": [
                -0.20639668441648767,
                5.749887235144107e-06
            ],
            "max": [
                0.05522698429390764,
                0.22959997905696625
            ],
            "len": [
                -0.37174827141908817,
                5.1585006095994565e-17
            ],
            "norm": [
                0.09708582867449207,
                0.03439920025322514
            ]
        },
        "male_positive": {
            "raw": [
                -0.04786207108507913,
                0.30621276014217785
            ],
            "max": [
                0.062305466588208874,
                0.18269423241126118
            ],
            "len": [
                0.04671803770655448,
                0.3179319136121548
            ],
            "norm": [
                0.049313102840786625,
                0.2917644907463112
            ]
        },
        "female_negative": {
            "raw": [
                0.2220203021059046,
                1.7432016683048136e-18
            ],
            "max": [
                0.03846066037929135,
                0.13328814921222337
            ],
            "len": [
                0.09751325555985486,
                0.00013674417509356495
            ],
            "norm": [
                0.04393943120423897,
                0.08628820775354239
            ]
        },
        "male_negative": {
            "raw": [
                0.10394228550601259,
                4.349573565504662e-05
            ],
            "max": [
                0.010564764058452407,
                0.6785805342178828
            ],
            "len": [
                -0.2838689934618538,
                5.961731947864566e-30
            ],
            "norm": [
                0.002643804693099959,
                0.9174074013602718
            ]
        }
    }
}