{
    "Saliency_L2": {
        "abs_average": {
            "raw": 0.17505602153062474,
            "max": 0.06732114618666413,
            "len": 0.20001248687561296,
            "norm": 0.06359893356729211
        },
        "positive_abs_average": {
            "raw": 0.2516442607116426,
            "max": 0.07459905781083655,
            "len": 0.2877248599406695,
            "norm": 0.062203447518660394
        },
        "negative_abs_average": {
            "raw": 0.09846778234960687,
            "max": 0.06004323456249172,
            "len": 0.11230011381055646,
            "norm": 0.06499441961592382
        },
        "female_abs_average": {
            "raw": 0.2380015577353826,
            "max": 0.04789886725478652,
            "len": 0.2219938334392395,
            "norm": 0.07958103486193974
        },
        "male_abs_average": {
            "raw": 0.1121104853258669,
            "max": 0.08674342511854174,
            "len": 0.1780311403119864,
            "norm": 0.04761683227264449
        },
        "female_positive": {
            "raw": [
                0.28929182872954246,
                1.3077106837331119e-10
            ],
            "max": [
                0.06020843858398416,
                0.19021486913011518
            ],
            "len": [
                0.3775604442019597,
                1.5332512427361563e-17
            ],
            "norm": [
                0.12170810004493408,
                0.0079201281687562
            ]
        },
        "male_positive": {
            "raw": [
                -0.21399669269374277,
                3.729384074278203e-06
            ],
            "max": [
                0.08898967703768894,
                0.05676411165764702
            ],
            "len": [
                -0.19788927567937922,
                1.9514139042839552e-05
            ],
            "norm": [
                -0.002698794992386711,
                0.9540177036382431
            ]
        },
        "female_negative": {
            "raw": [
                -0.18671128674122273,
                1.9812505983846692e-13
            ],
            "max": [
                -0.03558929592558888,
                0.16480025620728295
            ],
            "len": [
                -0.06642722267651929,
                0.009464454926160177
            ],
            "norm": [
                -0.03745396967894538,
                0.14375823138009444
            ]
        },
        "male_negative": {
            "raw": [
                0.010224277957991013,
                0.6883872282191293
            ],
            "max": [
                -0.08449717319939455,
                0.0008994252157848712
            ],
            "len": [
                0.15817300494459363,
                4.279539841053042e-10
            ],
            "norm": [
                -0.09253486955290227,
                0.000275438221549304
            ]
        }
    },
    "Saliency_mean": {
        "abs_average": {
            "raw": 0.23269348886121446,
            "max": 0.10506941700039829,
            "len": 0.21458464695866952,
            "norm": 0.10546292915227427
        },
        "positive_abs_average": {
            "raw": 0.2720182727555023,
            "max": 0.11447325961743643,
            "len": 0.2990358486822115,
            "norm": 0.1058147521124498
        },
        "negative_abs_average": {
            "raw": 0.1933687049669266,
            "max": 0.09566557438336012,
            "len": 0.13013344523512752,
            "norm": 0.10511110619209875
        },
        "female_abs_average": {
            "raw": 0.2961409993314328,
            "max": 0.08107271090162178,
            "len": 0.2792277237155145,
            "norm": 0.08728391472169224
        },
        "male_abs_average": {
            "raw": 0.16924597839099614,
            "max": 0.12906612309917478,
            "len": 0.14994157020182453,
            "norm": 0.12364194358285631
        },
        "female_positive": {
            "raw": [
                -0.4062786842233661,
                2.6431813721066323e-20
            ],
            "max": [
                -0.11400436155885464,
                0.012910392319941406
            ],
            "len": [
                -0.4736331415306993,
                6.231020018436265e-28
            ],
            "norm": [
                -0.13546484178659596,
                0.003093848534671812
            ]
        },
        "male_positive": {
            "raw": [
                0.1377578612876385,
                0.0031021705931799015
            ],
            "max": [
                -0.11494215767601822,
                0.013739213510584129
            ],
            "len": [
                0.12443855583372374,
                0.007605041275681293
            ],
            "norm": [
                -0.07616466243830364,
                0.10316661391213587
            ]
        },
        "female_negative": {
            "raw": [
                -0.1860033144394994,
                2.448714235299866e-13
            ],
            "max": [
                -0.04814106024438892,
                0.06017397101738995
            ],
            "len": [
                -0.08482230590032971,
                0.0009142121895578656
            ],
            "norm": [
                -0.039102987656788525,
                0.12692219696796866
            ]
        },
        "male_negative": {
            "raw": [
                -0.2007340954943538,
                1.796589076716644e-15
            ],
            "max": [
                -0.14319008852233134,
                1.6464197719496617e-08
            ],
            "len": [
                -0.17544458456992532,
                4.0493366168164e-12
            ],
            "norm": [
                -0.17111922472740898,
                1.362272107256491e-11
            ]
        }
    }
}