{
    "ShapleyValue": {
        "abs_average": {
            "raw": 0.03454459547373344,
            "max": 0.0623493685808431,
            "len": 0.06993882050761661,
            "norm": 0.10124961482169986
        },
        "positive_abs_average": {
            "raw": 0.019161439850997778,
            "max": 0.046836843323441034,
            "len": 0.11812411925312362,
            "norm": 0.12205750261036158
        },
        "negative_abs_average": {
            "raw": 0.0499277510964691,
            "max": 0.07786189383824517,
            "len": 0.02175352176210962,
            "norm": 0.08044172703303815
        },
        "female_abs_average": {
            "raw": 0.03610739641427746,
            "max": 0.038585180314603285,
            "len": 0.07354276242942076,
            "norm": 0.08770032864623205
        },
        "male_abs_average": {
            "raw": 0.032981794533189425,
            "max": 0.08611355684708291,
            "len": 0.06633487858581247,
            "norm": 0.11479890099716766
        },
        "female_positive": {
            "raw": [
                0.011316105251268907,
                0.8056924025365034
            ],
            "max": [
                -0.002658010937536808,
                0.9539258804823668
            ],
            "len": [
                0.12773316412317914,
                0.005303888716605938
            ],
            "norm": [
                0.09391029970647509,
                0.04077034304166757
            ]
        },
        "male_positive": {
            "raw": [
                -0.02700677445072665,
                0.5638527017439953
            ],
            "max": [
                -0.09101567570934525,
                0.05133425020147239
            ],
            "len": [
                -0.1085150743830681,
                0.020051156751666986
            ],
            "norm": [
                -0.15020470551424805,
                0.001248407681445092
            ]
        },
        "female_negative": {
            "raw": [
                0.06089868757728601,
                0.01738665939657399
            ],
            "max": [
                0.07451234969166975,
                0.003597413704765719
            ],
            "len": [
                -0.019352360735662384,
                0.4501380616341312
            ],
            "norm": [
                0.081490357585989,
                0.0014475953192490594
            ]
        },
        "male_negative": {
            "raw": [
                0.038956814615652195,
                0.12636081302781735
            ],
            "max": [
                0.08121143798482058,
                0.0014193549942909344
            ],
            "len": [
                -0.024154682788556855,
                0.34334600040310537
            ],
            "norm": [
                0.07939309648008727,
                0.0018145562403621964
            ]
        }
    }
}