{
    "ShapleyValue": {
        "abs_average": {
            "raw": 0.05258841998290278,
            "max": 0.030860972377069012,
            "len": 0.05853817942749072,
            "norm": 0.02946860815002051
        },
        "positive_abs_average": {
            "raw": 0.016098931206465508,
            "max": 0.02859177316845357,
            "len": 0.027953403497384503,
            "norm": 0.021261755073138836
        },
        "negative_abs_average": {
            "raw": 0.08907790875934005,
            "max": 0.03313017158568445,
            "len": 0.08912295535759693,
            "norm": 0.037675461226902185
        },
        "female_abs_average": {
            "raw": 0.024448238751772405,
            "max": 0.028643998042805485,
            "len": 0.04496622127485214,
            "norm": 0.01804532753236158
        },
        "male_abs_average": {
            "raw": 0.08072860121403315,
            "max": 0.03307794671133254,
            "len": 0.0721101375801293,
            "norm": 0.04089188876767944
        },
        "female_positive": {
            "raw": [
                -0.017488257535967024,
                0.7065195866704026
            ],
            "max": [
                -0.0508315404478158,
                0.2734889796185537
            ],
            "len": [
                0.05295785832116735,
                0.2538976119567014
            ],
            "norm": [
                0.02744172298751929,
                0.5545836122300585
            ]
        },
        "male_positive": {
            "raw": [
                -0.014709604876963992,
                0.7670590951661024
            ],
            "max": [
                0.006352005889091344,
                0.8982187126537101
            ],
            "len": [
                0.00294894867360165,
                0.9526468769534412
            ],
            "norm": [
                -0.01508178715875838,
                0.7613413718097654
            ]
        },
        "female_negative": {
            "raw": [
                0.03140821996757778,
                0.21890512793102165
            ],
            "max": [
                -0.006456455637795173,
                0.8005216454044994
            ],
            "len": [
                0.03697458422853692,
                0.14776461848082234
            ],
            "norm": [
                0.008648932077203868,
                0.7350037813671738
            ]
        },
        "male_negative": {
            "raw": [
                -0.1467475975511023,
                4.041538082334827e-09
            ],
            "max": [
                -0.05980388753357373,
                0.01701286936151404
            ],
            "len": [
                -0.14127132648665694,
                1.5076386614100196e-08
            ],
            "norm": [
                -0.0667019903766005,
                0.007761424096743553
            ]
        }
    }
}