{
    "Saliency_L2": {
        "abs_average": {
            "raw": 0.20840051395149706,
            "max": 0.08682937299434487,
            "len": 0.16301952092330352,
            "norm": 0.09417832849703947
        },
        "positive_abs_average": {
            "raw": 0.2381487515942786,
            "max": 0.13857059100694463,
            "len": 0.20791955597917058,
            "norm": 0.13581455603103298
        },
        "negative_abs_average": {
            "raw": 0.1786522763087155,
            "max": 0.0350881549817451,
            "len": 0.11811948586743647,
            "norm": 0.05254210096304597
        },
        "female_abs_average": {
            "raw": 0.2051309693163696,
            "max": 0.09587364173333568,
            "len": 0.19841762945918873,
            "norm": 0.11174260246422663
        },
        "male_abs_average": {
            "raw": 0.21167005858662452,
            "max": 0.07778510425535407,
            "len": 0.12762141238741834,
            "norm": 0.07661405452985232
        },
        "female_positive": {
            "raw": [
                0.3440381028457848,
                2.1502070452372535e-14
            ],
            "max": [
                0.12906881576124776,
                0.005264132031125992
            ],
            "len": [
                0.38949733033582595,
                2.485332165355122e-18
            ],
            "norm": [
                0.14034075675265167,
                0.0023938603951190983
            ]
        },
        "male_positive": {
            "raw": [
                -0.1322594003427724,
                0.007471281712922847
            ],
            "max": [
                -0.1480723662526415,
                0.002715051571198614
            ],
            "len": [
                0.026341781622515225,
                0.5957392922004023
            ],
            "norm": [
                -0.13128835530941427,
                0.007924706959543875
            ]
        },
        "female_negative": {
            "raw": [
                0.06622383578695437,
                0.009473482389940554
            ],
            "max": [
                0.06267846770542358,
                0.014076798035967826
            ],
            "len": [
                -0.007337928582551496,
                0.7739827779612164
            ],
            "norm": [
                0.08314444817580156,
                0.0011162778921216237
            ]
        },
        "male_negative": {
            "raw": [
                0.29108071683047665,
                1.8478119582038802e-32
            ],
            "max": [
                0.007497842258066621,
                0.7649917871570332
            ],
            "len": [
                0.22890104315232143,
                2.2657503182217502e-20
            ],
            "norm": [
                0.021939753750290378,
                0.3816766788518722
            ]
        }
    },
    "Saliency_mean": {
        "abs_average": {
            "raw": 0.15148848418285615,
            "max": 0.07409075027687119,
            "len": 0.14673913936202668,
            "norm": 0.04800088529891825
        },
        "positive_abs_average": {
            "raw": 0.10914435605759795,
            "max": 0.10091252640599216,
            "len": 0.1355319378010107,
            "norm": 0.05073758883611478
        },
        "negative_abs_average": {
            "raw": 0.19383261230811438,
            "max": 0.04726897414775022,
            "len": 0.15794634092304266,
            "norm": 0.045264181761721714
        },
        "female_abs_average": {
            "raw": 0.1137176356823163,
            "max": 0.05167110664799865,
            "len": 0.15189421978309928,
            "norm": 0.017039373517565
        },
        "male_abs_average": {
            "raw": 0.18925933268339604,
            "max": 0.09651039390574373,
            "len": 0.14158405894095408,
            "norm": 0.0789623970802715
        },
        "female_positive": {
            "raw": [
                -0.13089060870172375,
                0.004652817162134249
            ],
            "max": [
                -0.07186280740494293,
                0.1213476222998589
            ],
            "len": [
                -0.1920800685667918,
                2.9899011320437995e-05
            ],
            "norm": [
                -0.0032779371449179096,
                0.9437391252069035
            ]
        },
        "male_positive": {
            "raw": [
                0.08739810341347214,
                0.0778474758396751
            ],
            "max": [
                0.1299622454070414,
                0.00858355328687169
            ],
            "len": [
                -0.07898380703522956,
                0.11116256204865888
            ],
            "norm": [
                0.09819724052731166,
                0.04745747549780476
            ]
        },
        "female_negative": {
            "raw": [
                -0.09654466266290886,
                0.0001524370684775874
            ],
            "max": [
                -0.031479405891054364,
                0.21786222278510772
            ],
            "len": [
                -0.11170837099940675,
                1.1578865520720817e-05
            ],
            "norm": [
                -0.03080080989021209,
                0.22794985126502457
            ]
        },
        "male_negative": {
            "raw": [
                0.2911205619533199,
                1.810707220523512e-32
            ],
            "max": [
                0.06305854240444607,
                0.011850791897414191
            ],
            "len": [
                0.2041843108466786,
                1.913963003946424e-16
            ],
            "norm": [
                0.059727553633231345,
                0.017154569943920086
            ]
        }
    }
}