{
    "DeepLift_L2": {
        "abs_average": {
            "raw": 0.1453514816473815,
            "max": 0.09424804380988393,
            "len": 0.15667896006588636,
            "norm": 0.10012802831227977
        },
        "positive_abs_average": {
            "raw": 0.1599381900422551,
            "max": 0.14922880299605915,
            "len": 0.19817543775250826,
            "norm": 0.14569379357861453
        },
        "negative_abs_average": {
            "raw": 0.1307647732525079,
            "max": 0.0392672846237087,
            "len": 0.11518248237926447,
            "norm": 0.054562263045945
        },
        "female_abs_average": {
            "raw": 0.13884729195713535,
            "max": 0.10170551484536382,
            "len": 0.17868579324847536,
            "norm": 0.11962599316824754
        },
        "male_abs_average": {
            "raw": 0.15185567133762765,
            "max": 0.08679057277440404,
            "len": 0.13467212688329736,
            "norm": 0.08063006345631199
        },
        "female_positive": {
            "raw": [
                0.26440010820221854,
                6.802013567668733e-09
            ],
            "max": [
                0.13976523742320668,
                0.002495647386928077
            ],
            "len": [
                0.3217645163975752,
                1.0995333552810235e-12
            ],
            "norm": [
                0.1556166894663836,
                0.0007493998385782966
            ]
        },
        "male_positive": {
            "raw": [
                -0.05547627188229166,
                0.2635717158184161
            ],
            "max": [
                -0.1586923685689116,
                0.0012999238878521465
            ],
            "len": [
                0.07458635910744131,
                0.13257003914356694
            ],
            "norm": [
                -0.13577089769084547,
                0.006018838184477687
            ]
        },
        "female_negative": {
            "raw": [
                -0.013294475712052148,
                0.6028585924131411
            ],
            "max": [
                0.06364579226752096,
                0.01265736329892577
            ],
            "len": [
                -0.03560707009937552,
                0.16334696057911516
            ],
            "norm": [
                0.08363529687011147,
                0.0010426368580087593
            ]
        },
        "male_negative": {
            "raw": [
                0.24823507079296364,
                8.772269864094617e-24
            ],
            "max": [
                0.014888776979896452,
                0.5527618675197511
            ],
            "len": [
                0.1947578946591534,
                4.509105539806608e-15
            ],
            "norm": [
                0.02548922922177852,
                0.3094468701655593
            ]
        }
    },
    "DeepLift_mean": {
        "abs_average": {
            "raw": 0.11322631159951785,
            "max": 0.06926387722539579,
            "len": 0.09583367924867271,
            "norm": 0.058735539701852274
        },
        "positive_abs_average": {
            "raw": 0.12570050873997177,
            "max": 0.11772429342113627,
            "len": 0.11166151409052562,
            "norm": 0.10770833303853508
        },
        "negative_abs_average": {
            "raw": 0.1007521144590639,
            "max": 0.020803461029655315,
            "len": 0.08000584440681979,
            "norm": 0.009762746365169462
        },
        "female_abs_average": {
            "raw": 0.0629916846035549,
            "max": 0.06266194970185344,
            "len": 0.1214224672455585,
            "norm": 0.028283834419071178
        },
        "male_abs_average": {
            "raw": 0.16346093859548078,
            "max": 0.07586580474893814,
            "len": 0.07024489125178693,
            "norm": 0.08918724498463337
        },
        "female_positive": {
            "raw": [
                -0.062144073670945425,
                0.18050625045861932
            ],
            "max": [
                -0.10678972679766252,
                0.021128589195818566
            ],
            "len": [
                -0.17164688919101087,
                0.00019682054115376533
            ],
            "norm": [
                -0.0402120776665681,
                0.3864471524456478
            ]
        },
        "male_positive": {
            "raw": [
                0.18925694380899813,
                0.00012011737326930848
            ],
            "max": [
                0.12865886004461002,
                0.009278208000226917
            ],
            "len": [
                0.05167613899004037,
                0.29773622110011433
            ],
            "norm": [
                0.17520458841050207,
                0.00037705705262956144
            ]
        },
        "female_negative": {
            "raw": [
                -0.06383929553616438,
                0.012389117243424211
            ],
            "max": [
                0.018534172606044372,
                0.4682154129953942
            ],
            "len": [
                -0.07119804530010612,
                0.005273528837970396
            ],
            "norm": [
                0.016355591171574257,
                0.522101859195366
            ]
        },
        "male_negative": {
            "raw": [
                -0.13766493338196342,
                3.492264579667121e-08
            ],
            "max": [
                0.023072749453266258,
                0.3575731856043479
            ],
            "len": [
                -0.08881364351353348,
                0.0003883411504792371
            ],
            "norm": [
                -0.0031699015587646645,
                0.8994314110731952
            ]
        }
    }
}