{
    "IntegratedGradients_L2": {
        "abs_average": {
            "raw": 0.15428265477836367,
            "max": 0.07832590260495696,
            "len": 0.11547289045913729,
            "norm": 0.08609402439533052
        },
        "positive_abs_average": {
            "raw": 0.17350665840020915,
            "max": 0.1253643586557417,
            "len": 0.11329402922792409,
            "norm": 0.14330861042518278
        },
        "negative_abs_average": {
            "raw": 0.13505865115651816,
            "max": 0.03128744655417223,
            "len": 0.11765175169035053,
            "norm": 0.02887943836547826
        },
        "female_abs_average": {
            "raw": 0.15222865065214944,
            "max": 0.07648592159725867,
            "len": 0.14105488489989626,
            "norm": 0.09476483840188926
        },
        "male_abs_average": {
            "raw": 0.15633665890457787,
            "max": 0.08016588361265525,
            "len": 0.08989089601837832,
            "norm": 0.07742321038877178
        },
        "female_positive": {
            "raw": [
                0.2570899984174142,
                1.804106261833035e-08
            ],
            "max": [
                0.10349187262078115,
                0.025477525855338554
            ],
            "len": [
                0.2150135114045959,
                2.814234552683206e-06
            ],
            "norm": [
                0.1525998359003395,
                0.0009507634562878221
            ]
        },
        "male_positive": {
            "raw": [
                -0.0899233183830041,
                0.06960589268862456
            ],
            "max": [
                -0.14723684469070222,
                0.002871421424652204
            ],
            "len": [
                0.011574547051252257,
                0.8156954762944667
            ],
            "norm": [
                -0.13401738495002607,
                0.006709019036271144
            ]
        },
        "female_negative": {
            "raw": [
                -0.04736730288688466,
                0.06363459982194197
            ],
            "max": [
                0.04947997057373619,
                0.05267753231528563
            ],
            "len": [
                -0.06709625839519665,
                0.008570351159165235
            ],
            "norm": [
                0.03692984090343903,
                0.14825582135572823
            ]
        },
        "male_negative": {
            "raw": [
                0.22274999942615167,
                2.3851104565075335e-19
            ],
            "max": [
                0.013094922534608273,
                0.6016022653995974
            ],
            "len": [
                0.1682072449855044,
                1.4347138401846096e-11
            ],
            "norm": [
                0.020829035827517484,
                0.4062486662757667
            ]
        }
    },
    "IntegratedGradients_mean": {
        "abs_average": {
            "raw": 0.046519272175086626,
            "max": 0.03924036891951902,
            "len": 0.06130221616507197,
            "norm": 0.045249757075443396
        },
        "positive_abs_average": {
            "raw": 0.06912580824035919,
            "max": 0.0570415406245804,
            "len": 0.081626944613444,
            "norm": 0.06269536915461717
        },
        "negative_abs_average": {
            "raw": 0.023912736109814058,
            "max": 0.02143919721445764,
            "len": 0.040977487716699935,
            "norm": 0.027804144996269636
        },
        "female_abs_average": {
            "raw": 0.07954631645112123,
            "max": 0.059026379694129424,
            "len": 0.06380076867963697,
            "norm": 0.07366353726285588
        },
        "male_abs_average": {
            "raw": 0.01349222789905202,
            "max": 0.019454358144908614,
            "len": 0.058803663650506974,
            "norm": 0.016835976888030915
        },
        "female_positive": {
            "raw": [
                0.12445773515976537,
                0.007146840440383658
            ],
            "max": [
                0.0895786546131189,
                0.053306412806106644
            ],
            "len": [
                0.10242405763145905,
                0.02704202191103974
            ],
            "norm": [
                0.10295293017542304,
                0.026257112225673097
            ]
        },
        "male_positive": {
            "raw": [
                0.013793881320953008,
                0.7811803756862926
            ],
            "max": [
                -0.024504426636041906,
                0.6216447245862007
            ],
            "len": [
                0.06082983159542895,
                0.22017297418890025
            ],
            "norm": [
                -0.022437808133811295,
                0.6513497443982861
            ]
        },
        "female_negative": {
            "raw": [
                -0.034634897742477085,
                0.17515575028521937
            ],
            "max": [
                -0.028474104775139956,
                0.2650464998931063
            ],
            "len": [
                0.025177479727814877,
                0.3243974865807206
            ],
            "norm": [
                -0.04437414435028873,
                0.0823147124946623
            ]
        },
        "male_negative": {
            "raw": [
                -0.013190574477151029,
                0.5989495191545445
            ],
            "max": [
                -0.014404289653775324,
                0.5657595869078073
            ],
            "len": [
                -0.056777495705585,
                0.023484271571546193
            ],
            "norm": [
                0.011234145642250538,
                0.6542231588875225
            ]
        }
    }
}