{
    "Occlusion": {
        "abs_average": {
            "raw": 0.2261454592739345,
            "max": 0.11730772544397997,
            "len": 0.15012605066233892,
            "norm": 0.11249630501214553
        },
        "positive_abs_average": {
            "raw": 0.1910399024861852,
            "max": 0.19125283277517313,
            "len": 0.12147742913208148,
            "norm": 0.17596184123701208
        },
        "negative_abs_average": {
            "raw": 0.26125101606168377,
            "max": 0.0433626181127868,
            "len": 0.17877467219259635,
            "norm": 0.049030768787278946
        },
        "female_abs_average": {
            "raw": 0.18287863182732372,
            "max": 0.13081449131998787,
            "len": 0.11426001746848902,
            "norm": 0.1251015320205033
        },
        "male_abs_average": {
            "raw": 0.2694122867205453,
            "max": 0.10380095956797206,
            "len": 0.18599208385618882,
            "norm": 0.09989107800378773
        },
        "female_positive": {
            "raw": [
                0.2753961392350048,
                1.481847698328305e-09
            ],
            "max": [
                0.22372534010937073,
                1.0685812218997612e-06
            ],
            "len": [
                0.2035528919960034,
                9.477990690416544e-06
            ],
            "norm": [
                0.20810295390106842,
                5.8998244355344435e-06
            ]
        },
        "male_positive": {
            "raw": [
                -0.1066836657373656,
                0.031205295135940288
            ],
            "max": [
                -0.15878032544097553,
                0.0012917695143463874
            ],
            "len": [
                0.039401966268159554,
                0.4273426280657143
            ],
            "norm": [
                -0.14382072857295575,
                0.0035995941948944923
            ]
        },
        "female_negative": {
            "raw": [
                -0.09036112441964267,
                0.0003948863139250789
            ],
            "max": [
                -0.03790364253060502,
                0.13784369013737297
            ],
            "len": [
                0.024967142940974643,
                0.3284572253098205
            ],
            "norm": [
                -0.042100110139938175,
                0.09929262227786946
            ]
        },
        "male_negative": {
            "raw": [
                0.43214090770372493,
                1.969261441501517e-73
            ],
            "max": [
                -0.048821593694968586,
                0.05146202510284746
            ],
            "len": [
                0.3325822014442181,
                2.0187509447924262e-42
            ],
            "norm": [
                -0.055961427434619716,
                0.025558840394843792
            ]
        }
    }
}