{
    "InputXGradient_L2": {
        "abs_average": {
            "raw": 0.20603320649127166,
            "max": 0.08533540678041701,
            "len": 0.16594133291433033,
            "norm": 0.09298761361984417
        },
        "positive_abs_average": {
            "raw": 0.22455285458916155,
            "max": 0.13004110896730475,
            "len": 0.21933768843410337,
            "norm": 0.13030398276709496
        },
        "negative_abs_average": {
            "raw": 0.18751355839338177,
            "max": 0.04062970459352925,
            "len": 0.11254497739455728,
            "norm": 0.0556712444725934
        },
        "female_abs_average": {
            "raw": 0.2183294898618551,
            "max": 0.0922034044158567,
            "len": 0.20586830228651246,
            "norm": 0.11313203254799717
        },
        "male_abs_average": {
            "raw": 0.19373692312068821,
            "max": 0.07846740914497731,
            "len": 0.1260143635421482,
            "norm": 0.07284319469169119
        },
        "female_positive": {
            "raw": [
                0.3309317216763269,
                2.2631675879423877e-13
            ],
            "max": [
                0.11419494999582096,
                0.013640906041875771
            ],
            "len": [
                0.4050504695660587,
                7.947452098974488e-20
            ],
            "norm": [
                0.13112330654483006,
                0.0045795339197041915
            ]
        },
        "male_positive": {
            "raw": [
                -0.11817398750199619,
                0.01693815874687717
            ],
            "max": [
                -0.14588726793878853,
                0.0031413701810618267
            ],
            "len": [
                0.033624907302148,
                0.49821715968953273
            ],
            "norm": [
                -0.12948465898935985,
                0.00883252006805312
            ]
        },
        "female_negative": {
            "raw": [
                0.1057272580473833,
                3.33631799561711e-05
            ],
            "max": [
                0.07021185883589243,
                0.005939668709071212
            ],
            "len": [
                0.006686135006966166,
                0.7935830377901505
            ],
            "norm": [
                0.09514075855116426,
                0.00019015972294014698
            ]
        },
        "male_negative": {
            "raw": [
                0.2692998587393802,
                7.4771649687289245e-28
            ],
            "max": [
                0.011047550351166075,
                0.6596017409637586
            ],
            "len": [
                0.2184038197821484,
                1.2069889273487681e-18
            ],
            "norm": [
                0.016201730394022534,
                0.5182912381908888
            ]
        }
    },
    "InputXGradient_mean": {
        "abs_average": {
            "raw": 0.19290643343460334,
            "max": 0.0611209456715413,
            "len": 0.14997597063393228,
            "norm": 0.07117823145060964
        },
        "positive_abs_average": {
            "raw": 0.27097332301040816,
            "max": 0.10356435471340003,
            "len": 0.19665478052682347,
            "norm": 0.11687096747703624
        },
        "negative_abs_average": {
            "raw": 0.11483954385879849,
            "max": 0.018677536629682575,
            "len": 0.10329716074104109,
            "norm": 0.025485495424183057
        },
        "female_abs_average": {
            "raw": 0.2012094098116275,
            "max": 0.046200025344881365,
            "len": 0.21041137583923852,
            "norm": 0.04747685069924325
        },
        "male_abs_average": {
            "raw": 0.1846034570575792,
            "max": 0.07604186599820123,
            "len": 0.08954056542862605,
            "norm": 0.09487961220197605
        },
        "female_positive": {
            "raw": [
                0.39940247585906974,
                2.8335429519886607e-19
            ],
            "max": [
                0.07133995489341594,
                0.12408728906891195
            ],
            "len": [
                0.38689629733926156,
                4.342995336825036e-18
            ],
            "norm": [
                0.08337470078880338,
                0.0721595180458434
            ]
        },
        "male_positive": {
            "raw": [
                0.1425441701617466,
                0.00391209759624765
            ],
            "max": [
                0.13578875453338413,
                0.006012150318986764
            ],
            "len": [
                0.006413263714385413,
                0.897242547531998
            ],
            "norm": [
                0.1503672341652691,
                0.0023246153236810858
            ]
        },
        "female_negative": {
            "raw": [
                -0.003016343764185231,
                0.9060335660640877
            ],
            "max": [
                -0.021060095796346802,
                0.4097888261390779
            ],
            "len": [
                0.03392645433921548,
                0.18415391737499429
            ],
            "norm": [
                -0.011579000609683117,
                0.6504391084305436
            ]
        },
        "male_negative": {
            "raw": [
                -0.22666274395341177,
                5.379107551754188e-20
            ],
            "max": [
                -0.016294977463018348,
                0.5158860160902325
            ],
            "len": [
                -0.1726678671428667,
                4.028624501383495e-12
            ],
            "norm": [
                -0.039391990238683,
                0.11615693022635365
            ]
        }
    }
}