{
    "raw_attention": {
        "abs_average": {
            "raw": 0.05773241417540537,
            "max": 0.05737004485201285,
            "len": 0.06598210672928675,
            "norm": 0.06083130108180235
        },
        "positive_abs_average": {
            "raw": 0.0780623559617969,
            "max": 0.06524210501396309,
            "len": 0.09966745703313118,
            "norm": 0.07102969579668164
        },
        "negative_abs_average": {
            "raw": 0.037402472389013834,
            "max": 0.04949798469006262,
            "len": 0.032296756425442316,
            "norm": 0.05063290636692305
        },
        "female_abs_average": {
            "raw": 0.07717795491460445,
            "max": 0.06808592189484047,
            "len": 0.07531501768740637,
            "norm": 0.07592343316349215
        },
        "male_abs_average": {
            "raw": 0.038286873436206285,
            "max": 0.04665416780918523,
            "len": 0.05664919577116713,
            "norm": 0.045739169000112545
        },
        "female_positive": {
            "raw": [
                0.14204028863639034,
                0.0021149904588921137
            ],
            "max": [
                0.10563865509045821,
                0.022567070448371633
            ],
            "len": [
                0.12768963807642816,
                0.005774034261970278
            ],
            "norm": [
                0.11401130040155023,
                0.013793745089554141
            ]
        },
        "male_positive": {
            "raw": [
                -0.014084423287203461,
                0.7766919209032653
            ],
            "max": [
                -0.024845554937467963,
                0.6167982809674748
            ],
            "len": [
                0.0716452759898342,
                0.1485757252677111
            ],
            "norm": [
                -0.028048091191813042,
                0.5721304670233265
            ]
        },
        "female_negative": {
            "raw": [
                0.012315621192818553,
                0.6298183510137539
            ],
            "max": [
                0.03053318869922275,
                0.2320181920433611
            ],
            "len": [
                -0.02294039729838457,
                0.36925139883919356
            ],
            "norm": [
                0.03783556592543405,
                0.1385527676765687
            ]
        },
        "male_negative": {
            "raw": [
                0.06248932358520911,
                0.012638544192240237
            ],
            "max": [
                0.06846278068090249,
                0.006281418550085337
            ],
            "len": [
                0.04165311555250006,
                0.09663921785368901
            ],
            "norm": [
                0.06343024680841206,
                0.011360161000502756
            ]
        }
    },
    "attention_rollout": {
        "abs_average": {
            "raw": 0.07901582874130206,
            "max": 0.07428320858005394,
            "len": 0.06760580702377465,
            "norm": 0.08167084816295161
        },
        "positive_abs_average": {
            "raw": 0.10090152873794436,
            "max": 0.09062122892372051,
            "len": 0.09032118981244722,
            "norm": 0.10458065166426839
        },
        "negative_abs_average": {
            "raw": 0.057130128744659774,
            "max": 0.05794518823638736,
            "len": 0.04489042423510209,
            "norm": 0.058761044661634836
        },
        "female_abs_average": {
            "raw": 0.0969912774680747,
            "max": 0.055523034604856136,
            "len": 0.08011555152769531,
            "norm": 0.07937961289877946
        },
        "male_abs_average": {
            "raw": 0.061040380014529425,
            "max": 0.09304338255525174,
            "len": 0.055096062519853994,
            "norm": 0.08396208342712377
        },
        "female_positive": {
            "raw": [
                0.1667262031549926,
                0.0003005914272992503
            ],
            "max": [
                0.10514359560968518,
                0.023211374178423515
            ],
            "len": [
                0.1256150636166405,
                0.006624854499963081
            ],
            "norm": [
                0.1408569717109374,
                0.0023057999912595843
            ]
        },
        "male_positive": {
            "raw": [
                -0.03507685432089612,
                0.47983907458204916
            ],
            "max": [
                -0.07609886223775585,
                0.12487432235540694
            ],
            "len": [
                0.055027316008253946,
                0.2674614418865801
            ],
            "norm": [
                -0.06830433161759938,
                0.16849505391647593
            ]
        },
        "female_negative": {
            "raw": [
                -0.027256351781156814,
                0.2860356197865422
            ],
            "max": [
                -0.005902473600027083,
                0.8173212611901216
            ],
            "len": [
                -0.03461603943875012,
                0.17539095048956815
            ],
            "norm": [
                -0.017902254086621525,
                0.48352156140734015
            ]
        },
        "male_negative": {
            "raw": [
                0.08700390570816273,
                0.0005102634555630039
            ],
            "max": [
                0.10998790287274764,
                1.0904846456970413e-05
            ],
            "len": [
                0.05516480903145405,
                0.027734876857888387
            ],
            "norm": [
                0.09961983523664815,
                6.845157908473631e-05
            ]
        }
    },
    "attention_flow": {
        "abs_average": {
            "raw": 0.08131362122831426,
            "max": 0.067728437124779,
            "len": 0.04527141327404148,
            "norm": 0.07688282049103409
        },
        "positive_abs_average": {
            "raw": 0.13404688200514486,
            "max": 0.10775412014760435,
            "len": 0.06603103652348799,
            "norm": 0.11669344762285881
        },
        "negative_abs_average": {
            "raw": 0.028580360451483655,
            "max": 0.027702754101953646,
            "len": 0.024511790024594967,
            "norm": 0.03707219335920935
        },
        "female_abs_average": {
            "raw": 0.09838317066890986,
            "max": 0.05953873523679269,
            "len": 0.07494883264984245,
            "norm": 0.06775986684835043
        },
        "male_abs_average": {
            "raw": 0.06424407178771867,
            "max": 0.07591813901276531,
            "len": 0.015593993898240512,
            "norm": 0.08600577413371774
        },
        "female_positive": {
            "raw": [
                0.18144806982005712,
                8.177041234770089e-05
            ],
            "max": [
                0.09784527784103358,
                0.03472201542521806
            ],
            "len": [
                0.1305637787703091,
                0.004757532721500715
            ],
            "norm": [
                0.10709428343381888,
                0.02076157480089539
            ]
        },
        "male_positive": {
            "raw": [
                -0.08664569419023263,
                0.08045078943941862
            ],
            "max": [
                -0.11766296245417512,
                0.017423443324844214
            ],
            "len": [
                0.0014982942766668785,
                0.9759304963661976
            ],
            "norm": [
                -0.12629261181189874,
                0.010667979883831103
            ]
        },