{
    "IntegratedGradients_L2": {
        "abs_average": {
            "raw": 0.24677434836227724,
            "max": 0.13089788328245294,
            "len": 0.1528903768194516,
            "norm": 0.136507270967122
        },
        "positive_abs_average": {
            "raw": 0.23942965695804735,
            "max": 0.2197940842034537,
            "len": 0.15551138676939238,
            "norm": 0.21133227775613356
        },
        "negative_abs_average": {
            "raw": 0.2541190397665071,
            "max": 0.04200168236145218,
            "len": 0.15026936686951084,
            "norm": 0.06168226417811046
        },
        "female_abs_average": {
            "raw": 0.22003399778143223,
            "max": 0.13070871335459588,
            "len": 0.16959992352758316,
            "norm": 0.13776642588206336
        },
        "male_abs_average": {
            "raw": 0.27351469894312225,
            "max": 0.13108705321030997,
            "len": 0.13618083011132007,
            "norm": 0.13524811605218062
        },
        "female_positive": {
            "raw": [
                0.3736502520776187,
                5.929161929631132e-17
            ],
            "max": [
                0.2092252720810965,
                5.000935788720825e-06
            ],
            "len": [
                0.30055844301145473,
                3.162560444818005e-11
            ],
            "norm": [
                0.22123565557960015,
                1.3430212932318187e-06
            ]
        },
        "male_positive": {
            "raw": [
                0.105209061838476,
                0.024657738073063144
            ],
            "max": [
                0.23036289632581086,
                6.601341432861006e-07
            ],
            "len": [
                -0.010464330527330049,
                0.8236524596984232
            ],
            "norm": [
                0.20142889993266694,
                1.463973462069857e-05
            ]
        },
        "female_negative": {
            "raw": [
                -0.06641774348524578,
                0.009311747216107625
            ],
            "max": [
                0.052192154628095275,
                0.04109542483700584
            ],
            "len": [
                -0.03864140404371156,
                0.13058870305928527
            ],
            "norm": [
                0.0542971961845266,
                0.03358100818070441
            ]
        },
        "male_negative": {
            "raw": [
                0.4418203360477685,
                8.804109923589684e-75
            ],
            "max": [
                0.031811210094809084,
                0.21156046930773778
            ],
            "len": [
                0.2618973296953101,
                1.2402590305650387e-25
            ],
            "norm": [
                0.06906733217169432,
                0.006628376283766723
            ]
        }
    },
    "IntegratedGradients_mean": {
        "abs_average": {
            "raw": 0.14735310766112414,
            "max": 0.12022229837592939,
            "len": 0.11474915304973698,
            "norm": 0.11674058241599827
        },
        "positive_abs_average": {
            "raw": 0.12161032509820285,
            "max": 0.15552140251696336,
            "len": 0.09900737911108846,
            "norm": 0.14617491866256943
        },
        "negative_abs_average": {
            "raw": 0.17309589022404542,
            "max": 0.08492319423489542,
            "len": 0.1304909269883855,
            "norm": 0.08730624616942712
        },
        "female_abs_average": {
            "raw": 0.09125290178606114,
            "max": 0.12060670739872018,
            "len": 0.09755456229335746,
            "norm": 0.12322499722078628
        },
        "male_abs_average": {
            "raw": 0.20345331353618712,
            "max": 0.1198378893531386,
            "len": 0.1319437438061165,
            "norm": 0.11025616761121027
        },
        "female_positive": {
            "raw": [
                0.12369075784074941,
                0.0073847014498733396
            ],
            "max": [
                0.16201016299017937,
                0.000433641208770067
            ],
            "len": [
                0.13893304899706735,
                0.002593919226756512
            ],
            "norm": [
                0.1553637709974764,
                0.0007447706390675899
            ]
        },
        "male_positive": {
            "raw": [
                0.11952989235565628,
                0.010630407839454807
            ],
            "max": [
                0.14903264204374736,
                0.00141500483923381
            ],
            "len": [
                0.05908170922510957,
                0.20793011792747343
            ],
            "norm": [
                0.13698606632766247,
                0.003378489444733802
            ]
        },
        "female_negative": {
            "raw": [
                -0.058815045731372875,
                0.021325006493269415
            ],
            "max": [
                0.07920325180726097,
                0.0019194497161848646
            ],
            "len": [
                -0.056176075589647566,
                0.027898081686562604
            ],
            "norm": [
                0.09108622344409618,
                0.0003573935193350133
            ]
        },
        "male_negative": {
            "raw": [
                -0.287376734716718,
                9.647705753001293e-31
            ],
            "max": [
                0.09064313666252985,
                0.0003622382896831786
            ],
            "len": [
                0.20480577838712344,
                4.3870307444332467e-16
            ],
            "norm": [
                0.08352626889475806,
                0.0010192977530389606
            ]
        }
    }
}