{
    "raw_attention": {
        "abs_average": {
            "raw": 0.1088525942673684,
            "max": 0.12077890607664747,
            "len": 0.06309953901647683,
            "norm": 0.12028751136991997
        },
        "positive_abs_average": {
            "raw": 0.1566758063021903,
            "max": 0.16054051926758633,
            "len": 0.10327921096483166,
            "norm": 0.16504373746884218
        },
        "negative_abs_average": {
            "raw": 0.06102938223254649,
            "max": 0.08101729288570862,
            "len": 0.022919867068121998,
            "norm": 0.07553128527099776
        },
        "female_abs_average": {
            "raw": 0.16505839957643909,
            "max": 0.16118650756318187,
            "len": 0.108711083427037,
            "norm": 0.16330833855776863
        },
        "male_abs_average": {
            "raw": 0.05264678895829771,
            "max": 0.08037130459011307,
            "len": 0.017487994605916657,
            "norm": 0.07726668418207129
        },
        "female_positive": {
            "raw": [
                0.26941572901285094,
                3.1683694232693927e-09
            ],
            "max": [
                0.2513015352299855,
                3.575672609156965e-08
            ],
            "len": [
                0.19442421943676805,
                2.282743380339797e-05
            ],
            "norm": [
                0.2591140224423259,
                1.2858671912924523e-08
            ]
        },
        "male_positive": {
            "raw": [
                0.04393588359152969,
                0.34922648460435546
            ],
            "max": [
                0.06977950330518719,
                0.13680189736780396
            ],
            "len": [
                -0.012134202492895265,
                0.7960874279902198
            ],
            "norm": [
                0.07097345249535847,
                0.13019653666652498
            ]
        },
        "female_negative": {
            "raw": [
                0.060701070140027236,
                0.017494884674047306
            ],
            "max": [
                0.07107147989637827,
                0.005385187657149415
            ],
            "len": [
                0.022997947417305948,
                0.3683642286954521
            ],
            "norm": [
                0.06750265467321138,
                0.008218369366403
            ]
        },
        "male_negative": {
            "raw": [
                0.061357694325065736,
                0.0158960140789268
            ],
            "max": [
                0.09096310587503897,
                0.0003451628782693372
            ],
            "len": [
                0.02284178671893805,
                0.3697563135513634
            ],
            "norm": [
                0.08355991586878411,
                0.0010145037256407655
            ]
        }
    },
    "attention_rollout": {
        "abs_average": {
            "raw": 0.11567741552120521,
            "max": 0.0964975068299869,
            "len": 0.06521092021011046,
            "norm": 0.11130730297277044
        },
        "positive_abs_average": {
            "raw": 0.15106165654774745,
            "max": 0.10855728691946881,
            "len": 0.09821341851689165,
            "norm": 0.1296498741850023
        },
        "negative_abs_average": {
            "raw": 0.08029317449466299,
            "max": 0.08443772674050498,
            "len": 0.03220842190332926,
            "norm": 0.0929647317605386
        },
        "female_abs_average": {
            "raw": 0.1382356333712415,
            "max": 0.09170011965426042,
            "len": 0.10607890558908063,
            "norm": 0.11417819466819926
        },
        "male_abs_average": {
            "raw": 0.09311919767116891,
            "max": 0.10129489400571337,
            "len": 0.024342934831140278,
            "norm": 0.10843641127734165
        },
        "female_positive": {
            "raw": [
                0.2178431642918476,
                1.9618222306025953e-06
            ],
            "max": [
                0.12477758573635984,
                0.006877813491882147
            ],
            "len": [
                0.19033760926846183,
                3.404524379143141e-05
            ],
            "norm": [
                0.16681180112060634,
                0.0002895584392755619
            ]
        },
        "male_positive": {
            "raw": [
                0.08428014880364726,
                0.07217829858513047
            ],
            "max": [
                0.09233698810257779,
                0.04877214420140757
            ],
            "len": [
                0.006089227765321481,
                0.8968238540326459
            ],
            "norm": [
                0.09248794724939825,
                0.04840293111155158
            ]
        },
        "female_negative": {
            "raw": [
                0.05862810245063539,
                0.021741710626148044
            ],
            "max": [
                0.058622653572160996,
                0.021753961846078595
            ],
            "len": [
                0.02182020190969944,
                0.393402024076506
            ],
            "norm": [
                0.06154458821579217,
                0.015986637487139715
            ]
        },
        "male_negative": {
            "raw": [
                0.10195824653869058,
                5.981440507870906e-05
            ],
            "max": [
                0.11025279990884897,
                1.412032566648931e-05
            ],
            "len": [
                0.042596641896959074,
                0.09429062447254917
            ],
            "norm": [
                0.12438487530528504,
                9.455622142295537e-07
            ]
        }
    },
    "attention_flow": {
        "abs_average": {
            "raw": 0.10101264363826742,
            "max": 0.07352285328518227,
            "len": 0.06042423784005467,
            "norm": 0.09675876573020388
        },
        "positive_abs_average": {
            "raw": 0.15332022940755316,
            "max": 0.12464667477947705,
            "len": 0.10199120044390726,
            "norm": 0.1545606794734028
        },
        "negative_abs_average": {
            "raw": 0.04870505786898172,
            "max": 0.022399031790887473,
            "len": 0.018857275236202075,
            "norm": 0.03895685198700497
        },
        "female_abs_average": {
            "raw": 0.15151870194765826,
            "max": 0.07580001887056949,
            "len": 0.10352030773951024,
            "norm": 0.11076952711384186
        },
        "male_abs_average": {
            "raw": 0.0505065853288766,
            "max": 0.07124568769979504,
            "len": 0.017328167940599097,
            "norm": 0.0827480043465659
        },
        "female_positive": {
            "raw": [
                0.27078246304458664,
                2.6191675891487406e-09
            ],
            "max": [
                0.12308507280563948,
                0.007681455559057103
            ],
            "len": [
                0.1983360814156316,
                1.54478949018801e-05
            ],
            "norm": [
                0.17672054246171368,
                0.0001214826027185877
            ]
        },
        "male_positive": {
            "raw": [
                0.03585799577051966,
                0.444949916830048
            ],
            "max": [
                0.12620827675331464,
                0.006965856395217119
            ],
            "len": [
                -0.005646319472182915,
                0.9042911199047586
            ],
            "norm": [
                0.13240081648509192,
                0.004625418119872869
            ]
        },