{
    "DeepLift_L2": {
        "abs_average": {
            "raw": 0.32003870254283306,
            "max": 0.1440077702246056,
            "len": 0.2511456050576553,
            "norm": 0.1575107219202443
        },
        "positive_abs_average": {
            "raw": 0.3638003175972618,
            "max": 0.2334712519319744,
            "len": 0.29962918773455327,
            "norm": 0.25074002746784574
        },
        "negative_abs_average": {
            "raw": 0.27627708748840435,
            "max": 0.05454428851723678,
            "len": 0.20266202238075734,
            "norm": 0.06428141637264287
        },
        "female_abs_average": {
            "raw": 0.3642129555238704,
            "max": 0.13920076291918987,
            "len": 0.30222221590810405,
            "norm": 0.15674324924558586
        },
        "male_abs_average": {
            "raw": 0.27586444956179573,
            "max": 0.1488147775300213,
            "len": 0.20006899420720656,
            "norm": 0.15827819459490275
        },
        "female_positive": {
            "raw": [
                0.6633934124820097,
                1.1375441704407501e-60
            ],
            "max": [
                0.19310526414890705,
                2.599461127231633e-05
            ],
            "len": [
                0.5546283172519523,
                4.1957098781875937e-39
            ],
            "norm": [
                0.22329721617580392,
                1.0636380606244993e-06
            ]
        },
        "male_positive": {
            "raw": [
                0.06420722271251393,
                0.1710804057573862
            ],
            "max": [
                0.27383723971504176,
                2.7555644764095196e-09
            ],
            "len": [
                -0.04463005821715427,
                0.34165751548636925
            ],
            "norm": [
                0.27818283875988753,
                1.5056642108697534e-09
            ]
        },
        "female_negative": {
            "raw": [
                0.0650324985657311,
                0.01089527238912229
            ],
            "max": [
                0.08529626168947267,
                0.0008319856663856434
            ],
            "len": [
                0.049816114564255824,
                0.05124050979406367
            ],
            "norm": [
                0.0901892823153678,
                0.00040869965906533285
            ]
        },
        "male_negative": {
            "raw": [
                0.4875216764110776,
                5.596978840311832e-93
            ],
            "max": [
                0.023792315345000876,
                0.35016734407830713
            ],
            "len": [
                0.35550793019725885,
                3.254603381591223e-47
            ],
            "norm": [
                0.038373550429917955,
                0.13176575130012932
            ]
        }
    },
    "DeepLift_mean": {
        "abs_average": {
            "raw": 0.30672190611969846,
            "max": 0.09780263974001431,
            "len": 0.2525797414712736,
            "norm": 0.10775589792981805
        },
        "positive_abs_average": {
            "raw": 0.3388326978966402,
            "max": 0.16137805518396608,
            "len": 0.262103945450894,
            "norm": 0.17347875477557292
        },
        "negative_abs_average": {
            "raw": 0.27461111434275676,
            "max": 0.03422722429606255,
            "len": 0.24305553749165326,
            "norm": 0.04203304108406317
        },
        "female_abs_average": {
            "raw": 0.3881130773661461,
            "max": 0.13107403971400874,
            "len": 0.30241150600603833,
            "norm": 0.16206365097519765
        },
        "male_abs_average": {
            "raw": 0.22533073487325087,
            "max": 0.06453123976601988,
            "len": 0.20274797693650892,
            "norm": 0.053448144884438456
        },
        "female_positive": {
            "raw": [
                -0.6261482574216085,
                2.5626199614265126e-52
            ],
            "max": [
                -0.19966847987980044,
                1.3500234473706248e-05
            ],
            "len": [
                -0.4716766835338222,
                2.6706951150170444e-27
            ],
            "norm": [
                -0.2402841485606938,
                1.4287004277165538e-07
            ]
        },
        "male_positive": {
            "raw": [
                0.05151713837167189,
                0.2722854162911534
            ],
            "max": [
                -0.1230876304881317,
                0.008507626693673831
            ],
            "len": [
                0.05253120736796578,
                0.2629465926968923
            ],
            "norm": [
                -0.10667336099045203,
                0.022716377231778412
            ]
        },
        "female_negative": {
            "raw": [
                0.1500778973106836,
                3.5731674740313157e-09
            ],
            "max": [
                -0.062479599548217045,
                0.014449367599555524
            ],
            "len": [
                -0.13314632847825447,
                1.6905212311726527e-07
            ],
            "norm": [
                -0.08384315338970147,
                0.0010205766796392481
            ]
        },
        "male_negative": {
            "raw": [
                0.39914433137482985,
                3.953866533950957e-60
            ],
            "max": [
                0.005974849043908057,
                0.8145298673856567
            ],
            "len": [
                -0.35296474650505205,
                1.6049545546507604e-46
            ],
            "norm": [
                0.00022292877842487846,
                0.9930165113118562
            ]
        }
    }
}