{
    "Occlusion": {
        "abs_average": {
            "raw": 0.2839798412227378,
            "max": 0.17185051608882815,
            "len": 0.1837191776038972,
            "norm": 0.15041308821214783
        },
        "positive_abs_average": {
            "raw": 0.28895922395127943,
            "max": 0.26791306488987826,
            "len": 0.20436746755840424,
            "norm": 0.24184492441976274
        },
        "negative_abs_average": {
            "raw": 0.2790004584941962,
            "max": 0.07578796728777804,
            "len": 0.16307088764939015,
            "norm": 0.0589812520045329
        },
        "female_abs_average": {
            "raw": 0.2862474787633575,
            "max": 0.24106249233915916,
            "len": 0.19783759391794964,
            "norm": 0.18521728026868267
        },
        "male_abs_average": {
            "raw": 0.28171220368211813,
            "max": 0.10263853983849713,
            "len": 0.16960076128984475,
            "norm": 0.11560889615561298
        },
        "female_positive": {
            "raw": [
                0.5625355505565838,
                2.0768968440822836e-40
            ],
            "max": [
                0.4737480553124481,
                1.477638556753792e-27
            ],
            "len": [
                0.38729138518922657,
                3.38546050837977e-18
            ],
            "norm": [
                0.3265915225051048,
                4.2927609516241734e-13
            ]
        },
        "male_positive": {
            "raw": [
                0.015382897345975102,
                0.743209144463025
            ],
            "max": [
                0.06207807446730839,
                0.18574792636222823
            ],
            "len": [
                -0.02144354992758188,
                0.6478833698284914
            ],
            "norm": [
                0.1570983263344207,
                0.0007615047269425956
            ]
        },
        "female_negative": {
            "raw": [
                0.009959406970131202,
                0.6968986559463995
            ],
            "max": [
                0.008376929365870202,
                0.7432008124347915
            ],
            "len": [
                0.008383802646672735,
                0.74299754138931
            ],
            "norm": [
                0.043843038032260535,
                0.08625826237973606
            ]
        },
        "male_negative": {
            "raw": [
                0.5480415100182612,
                9.369762038915894e-122
            ],
            "max": [
                0.14319900520968587,
                1.591279816951124e-08
            ],
            "len": [
                0.3177579726521076,
                1.4558257657146404e-37
            ],
            "norm": [
                0.07411946597680527,
                0.0035673494862506006
            ]
        }
    }
}