{
    "ShapleyValue": {
        "abs_average": {
            "raw": 0.14497748722260057,
            "max": 0.07229710002350334,
            "len": 0.09766674872504373,
            "norm": 0.08672469465531239
        },
        "positive_abs_average": {
            "raw": 0.051811411819440704,
            "max": 0.07380858440090465,
            "len": 0.039620905296259154,
            "norm": 0.11134468650456025
        },
        "negative_abs_average": {
            "raw": 0.23814356262576042,
            "max": 0.070785615646102,
            "len": 0.1557125921538283,
            "norm": 0.06210470280606453
        },
        "female_abs_average": {
            "raw": 0.08442204067335966,
            "max": 0.058297704771005585,
            "len": 0.061542863031004175,
            "norm": 0.09049346031966268
        },
        "male_abs_average": {
            "raw": 0.20553293377184145,
            "max": 0.08629649527600108,
            "len": 0.1337906344190833,
            "norm": 0.0829559289909621
        },
        "female_positive": {
            "raw": [
                0.013347117088106994,
                0.7733597854625918
            ],
            "max": [
                0.06984369351853101,
                0.1313620654538114
            ],
            "len": [
                0.04476507672496847,
                0.3338883935124548
            ],
            "norm": [
                0.13217445326173594,
                0.004179313379073199
            ]
        },
        "male_positive": {
            "raw": [
                0.09027570655077441,
                0.05405376686314792
            ],
            "max": [
                0.07777347528327831,
                0.09716782682727647
            ],
            "len": [
                0.03447673386754984,
                0.46269327287012596
            ],
            "norm": [
                0.09051491974738456,
                0.05341740863501969
            ]
        },
        "female_negative": {
            "raw": [
                0.15549696425861234,
                9.442754878092464e-10
            ],
            "max": [
                -0.04675171602348017,
                0.06733896668903136
            ],
            "len": [
                0.07832064933703987,
                0.0021568300652471725
            ],
            "norm": [
                -0.048812467377589416,
                0.05611559814913679
            ]
        },
        "male_negative": {
            "raw": [
                0.32079016099290847,
                2.736067395736077e-38
            ],
            "max": [
                0.09481951526872384,
                0.0001905642314696167
            ],
            "len": [
                0.23310453497061673,
                1.690510835155182e-20
            ],
            "norm": [
                0.07539693823453965,
                0.0030322407691032466
            ]
        }
    }
}