{
    "InputXGradient_L2": {
        "abs_average": {
            "raw": 0.3200316504115286,
            "max": 0.14248766682243882,
            "len": 0.2629228117631556,
            "norm": 0.16102022128742047
        },
        "positive_abs_average": {
            "raw": 0.369432750198084,
            "max": 0.22700492107814924,
            "len": 0.32263948248006435,
            "norm": 0.2539499288727969
        },
        "negative_abs_average": {
            "raw": 0.2706305506249731,
            "max": 0.057970412566728385,
            "len": 0.20320614104624685,
            "norm": 0.06809051370204408
        },
        "female_abs_average": {
            "raw": 0.38968585863268923,
            "max": 0.13047403991655981,
            "len": 0.32495825600247386,
            "norm": 0.15969578580149643
        },
        "male_abs_average": {
            "raw": 0.25037744219036795,
            "max": 0.15450129372831783,
            "len": 0.20088736752383732,
            "norm": 0.1623446567733445
        },
        "female_positive": {
            "raw": [
                0.6874377943975031,
                9.851850005363319e-67
            ],
            "max": [
                0.16617807474341098,
                0.0003056049008613914
            ],
            "len": [
                0.5848188793158831,
                2.775495984297749e-44
            ],
            "norm": [
                0.2173563940488698,
                2.070426705468608e-06
            ]
        },
        "male_positive": {
            "raw": [
                0.051427705998664995,
                0.273119745481999
            ],
            "max": [
                0.2878317674128875,
                3.7873503669881147e-10
            ],
            "len": [
                -0.060460085644245654,
                0.1974990294297219
            ],
            "norm": [
                0.2905434636967239,
                2.545220684237635e-10
            ]
        },
        "female_negative": {
            "raw": [
                0.09193392286787538,
                0.0003144929386051569
            ],
            "max": [
                0.09477000508970863,
                0.00020343960555951098
            ],
            "len": [
                0.06509763268906471,
                0.01081577091175111
            ],
            "norm": [
                0.10203517755412306,
                6.309623460836867e-05
            ]
        },
        "male_negative": {
            "raw": [
                0.44932717838207087,
                1.3882914409426503e-77
            ],
            "max": [
                0.02117082004374814,
                0.4058037953191318
            ],
            "len": [
                0.341314649403429,
                1.9927433528872417e-43
            ],
            "norm": [
                0.034145849849965104,
                0.17991285056411718
            ]
        }
    },
    "InputXGradient_mean": {
        "abs_average": {
            "raw": 0.2917194855636869,
            "max": 0.07609257760943959,
            "len": 0.25942099971899046,
            "norm": 0.08269068845040552
        },
        "positive_abs_average": {
            "raw": 0.30881135686811284,
            "max": 0.10497039211132445,
            "len": 0.2985955119822608,
            "norm": 0.09576833736130358
        },
        "negative_abs_average": {
            "raw": 0.27462761425926085,
            "max": 0.047214763107554736,
            "len": 0.22024648745572012,
            "norm": 0.06961303953950745
        },
        "female_abs_average": {
            "raw": 0.33130595814275965,
            "max": 0.053864637004398135,
            "len": 0.28732807219080153,
            "norm": 0.0808832669205665
        },
        "male_abs_average": {
            "raw": 0.25213301298461405,
            "max": 0.09832051821448105,
            "len": 0.23151392724717937,
            "norm": 0.08449810998024454
        },
        "female_positive": {
            "raw": [
                0.5680408627423873,
                2.4412791686106943e-41
            ],
            "max": [
                0.04386193318444631,
                0.34374228604709195
            ],
            "len": [
                0.48659191565188903,
                3.4347800972398973e-29
            ],
            "norm": [
                0.07027187875630891,
                0.1290081291569388
            ]
        },
        "male_positive": {
            "raw": [
                0.0495818509938384,
                0.2907295678033537
            ],
            "max": [
                -0.16607885103820258,
                0.00036873734074060864
            ],
            "len": [
                0.11059910831263255,
                0.01815114488916499
            ],
            "norm": [
                -0.12126479596629826,
                0.009542758909290888
            ]
        },
        "female_negative": {
            "raw": [
                -0.09457105354313199,
                0.00020983401647571727
            ],
            "max": [
                -0.06386734082434996,
                0.012407785022266254
            ],
            "len": [
                -0.08806422872971403,
                0.0005589391063479035
            ],
            "norm": [
                -0.09149465508482409,
                0.0003360831346512208
            ]
        },
        "male_negative": {
            "raw": [
                0.4546841749753897,
                1.2572151805980633e-79
            ],
            "max": [
                0.03056218539075952,
                0.23005736474457708
            ],
            "len": [
                0.3524287461817262,
                2.242344188523622e-46
            ],
            "norm": [
                0.04773142399419082,
                0.060779357260977995
            ]
        }
    }
}