{
    "Saliency_L2": {
        "abs_average": {
            "raw": 0.31799938132678934,
            "max": 0.14060129047552314,
            "len": 0.26227472982607747,
            "norm": 0.1577555418089504
        },
        "positive_abs_average": {
            "raw": 0.3609047395949625,
            "max": 0.22539620722411774,
            "len": 0.3298129580446719,
            "norm": 0.24999139041898966
        },
        "negative_abs_average": {
            "raw": 0.2750940230586162,
            "max": 0.05580637372692853,
            "len": 0.19473650160748301,
            "norm": 0.06551969319891117
        },
        "female_abs_average": {
            "raw": 0.38281224970021716,
            "max": 0.12736798964684878,
            "len": 0.31258147585338075,
            "norm": 0.15660589873960476
        },
        "male_abs_average": {
            "raw": 0.25318651295336153,
            "max": 0.1538345913041975,
            "len": 0.21196798379877424,
            "norm": 0.15890518487829608
        },
        "female_positive": {
            "raw": [
                0.6976817661137875,
                1.6888440608156412e-69
            ],
            "max": [
                0.16790136665781624,
                0.0002637952047434664
            ],
            "len": [
                0.5793626801693024,
                2.6274818014168494e-43
            ],
            "norm": [
                0.22149472579473997,
                1.3043898404348216e-06
            ]
        },
        "male_positive": {
            "raw": [
                0.024127713076137442,
                0.6073305512553369
            ],
            "max": [
                0.28289104779041924,
                7.729047745672861e-10
            ],
            "len": [
                -0.08026323592004152,
                0.08689438189570498
            ],
            "norm": [
                0.27848805504323937,
                1.4425112958462904e-09
            ]
        },
        "female_negative": {
            "raw": [
                0.06794273328664677,
                0.007808620941690134
            ],
            "max": [
                0.08683461263588131,
                0.0006678998826143601
            ],
            "len": [
                0.04580027153745909,
                0.07311131299777804
            ],
            "norm": [
                0.09171707168446953,
                0.00032498378454382627
            ]
        },
        "male_negative": {
            "raw": [
                0.48224531283058564,
                9.832329619107839e-91
            ],
            "max": [
                0.024778134817975746,
                0.33055972988453936
            ],
            "len": [
                0.34367273167750695,
                4.827962579097795e-44
            ],
            "norm": [
                0.0393223147133528,
                0.12247505376860503
            ]
        }
    },
    "Saliency_mean": {
        "abs_average": {
            "raw": 0.2729298279262231,
            "max": 0.10231913153322068,
            "len": 0.2369661993456934,
            "norm": 0.11543694689570741
        },
        "positive_abs_average": {
            "raw": 0.31710824640105106,
            "max": 0.18242193468553036,
            "len": 0.3111803878002573,
            "norm": 0.19655808143520032
        },
        "negative_abs_average": {
            "raw": 0.2287514094513951,
            "max": 0.022216328380911025,
            "len": 0.1627520108911295,
            "norm": 0.0343158123562145
        },
        "female_abs_average": {
            "raw": 0.3082562700464041,
            "max": 0.10491422322873051,
            "len": 0.27357424476403364,
            "norm": 0.1262512504263364
        },
        "male_abs_average": {
            "raw": 0.2376033858060421,
            "max": 0.09972403983771086,
            "len": 0.20035815392735315,
            "norm": 0.10462264336507843
        },
        "female_positive": {
            "raw": [
                -0.6155184735045293,
                3.8853515337745265e-50
            ],
            "max": [
                -0.1969833431248015,
                1.769669848973255e-05
            ],
            "len": [
                -0.542271975988606,
                3.927809114579517e-37
            ],
            "norm": [
                -0.22779629234084803,
                6.344098765375259e-07
            ]
        },
        "male_positive": {
            "raw": [
                0.018698019297572865,
                0.6904685079261739
            ],
            "max": [
                -0.1678605262462592,
                0.0003179001967092863
            ],
            "len": [
                0.08008879961190864,
                0.08758446091105462
            ],
            "norm": [
                -0.16531987052955258,
                0.00039261438659667774
            ]
        },
        "female_negative": {
            "raw": [
                -0.0009940665882788987,
                0.968988625912924
            ],
            "max": [
                -0.012845103332659516,
                0.6154019292724243
            ],
            "len": [
                0.004876513539461311,
                0.8487482267057636
            ],
            "norm": [
                -0.024706208511824743,
                0.33385494203762894
            ]
        },
        "male_negative": {
            "raw": [
                0.4565087523145113,
                2.4841347122444807e-80
            ],
            "max": [
                -0.031587553429162536,
                0.21479116915676025
            ],
            "len": [
                0.3206275082427977,
                2.9942133345755277e-38
            ],
            "norm": [
                0.043925416200604264,
                0.08445002104966665
            ]
        }
    }
}