{
    "Saliency_L2": {
        "abs_average": {
            "raw": 0.0691782297045305,
            "max": 0.049214395956539314,
            "len": 0.049008243715234545,
            "norm": 0.045224578835423135
        },
        "positive_abs_average": {
            "raw": 0.11320682831271696,
            "max": 0.06729773929935043,
            "len": 0.0539719028041737,
            "norm": 0.05849616797186841
        },
        "negative_abs_average": {
            "raw": 0.025149631096344056,
            "max": 0.03113105261372821,
            "len": 0.0440445846262954,
            "norm": 0.03195298969897788
        },
        "black_abs_average": {
            "raw": 0.06494664759991985,
            "max": 0.056345300441317456,
            "len": 0.05330350826069194,
            "norm": 0.029513518974535385
        },
        "white_abs_average": {
            "raw": 0.07340981180914116,
            "max": 0.04208349147176118,
            "len": 0.04471297916977716,
            "norm": 0.06093563869631089
        },
        "black_positive": {
            "raw": [
                0.11263934979729137,
                0.01130755329250409
            ],
            "max": [
                -0.06562016649017062,
                0.14086888785481955
            ],
            "len": [
                -0.05159457995921885,
                0.24713276939766857
            ],
            "norm": [
                -0.03388140582239526,
                0.4474212178536684
            ]
        },
        "white_positive": {
            "raw": [
                0.11377430682814255,
                0.0017286485433999081
            ],
            "max": [
                0.06897531210853022,
                0.05800932785010385
            ],
            "len": [
                -0.056349225649128545,
                0.1216189375626021
            ],
            "norm": [
                0.08311093012134155,
                0.02229252531489678
            ]
        },
        "black_negative": {
            "raw": [
                0.017253945402548324,
                0.5050152925001113
            ],
            "max": [
                0.047070434392464285,
                0.06883893605812022
            ],
            "len": [
                -0.055012436562165035,
                0.03342838928256979
            ],
            "norm": [
                0.025145632126675515,
                0.3312485727365183
            ]
        },
        "white_negative": {
            "raw": [
                0.03304531679013979,
                0.24415364614757615
            ],
            "max": [
                0.015191670834992135,
                0.5924366831671839
            ],
            "len": [
                0.03307673269042577,
                0.2437053246614775
            ],
            "norm": [
                0.038760347271280235,
                0.17186633809646037
            ]
        }
    },
    "Saliency_mean": {
        "abs_average": {
            "raw": 0.06205432002700925,
            "max": 0.03393931372840335,
            "len": 0.037534398211394975,
            "norm": 0.036641799022007995
        },
        "positive_abs_average": {
            "raw": 0.08483823766379517,
            "max": 0.04763229889505681,
            "len": 0.043988605186727765,
            "norm": 0.0562608803372215
        },
        "negative_abs_average": {
            "raw": 0.03927040239022333,
            "max": 0.020246328561749884,
            "len": 0.031080191236062184,
            "norm": 0.017022717706794494
        },
        "black_abs_average": {
            "raw": 0.10556777130828293,
            "max": 0.02964059787640169,
            "len": 0.04636062543515816,
            "norm": 0.023398505939872496
        },
        "white_abs_average": {
            "raw": 0.01854086874573557,
            "max": 0.03823802958040501,
            "len": 0.02870817098763179,
            "norm": 0.04988509210414349
        },
        "black_positive": {
            "raw": [
                -0.1695898014713018,
                0.00012846344141879815
            ],
            "max": [
                -0.0413599131223326,
                0.35364511992606457
            ],
            "len": [
                -0.03435464230025559,
                0.4410989186587625
            ],
            "norm": [
                -0.04542532814162197,
                0.3082962048286584
            ]
        },
        "white_positive": {
            "raw": [
                -8.667385628855092e-05,
                0.9981016798908083
            ],
            "max": [
                -0.053904684667781026,
                0.13867107228906056
            ],
            "len": [
                0.05362256807319994,
                0.14075182397590547
            ],
            "norm": [
                -0.06709643253282102,
                0.06520173412550083
            ]
        },
        "black_negative": {
            "raw": [
                -0.04154574114526407,
                0.1083342868018212
            ],
            "max": [
                0.017921282630470776,
                0.48868207262818203
            ],
            "len": [
                -0.05836660857006073,
                0.024020903401121098
            ],
            "norm": [
                0.001371683738123018,
                0.9577381782422072
            ]
        },
        "white_negative": {
            "raw": [
                0.03699506363518259,
                0.19224560202865004
            ],
            "max": [
                0.02257137449302899,
                0.42637965704226527
            ],
            "len": [
                -0.003793773902063641,
                0.8936605011603975
            ],
            "norm": [
                0.03267375167546597,
                0.24949998339562557
            ]
        }
    }
}