{
    "ShapleyValue": {
        "abs_average": {
            "raw": 0.035819122606125506,
            "max": 0.026322446860529685,
            "len": 0.038801383083173525,
            "norm": 0.036561627495963284
        },
        "positive_abs_average": {
            "raw": 0.03681716109584095,
            "max": 0.04666037115342166,
            "len": 0.02516638877344196,
            "norm": 0.05406179957238471
        },
        "negative_abs_average": {
            "raw": 0.034821084116410064,
            "max": 0.005984522567637705,
            "len": 0.05243637739290509,
            "norm": 0.019061455419541854
        },
        "black_abs_average": {
            "raw": 0.0515729333831471,
            "max": 0.019295960898385693,
            "len": 0.051225849309834655,
            "norm": 0.028848579894698082
        },
        "white_abs_average": {
            "raw": 0.02006531182910391,
            "max": 0.03334893282267368,
            "len": 0.026376916856512396,
            "norm": 0.04427467509722848
        },
        "black_positive": {
            "raw": [
                0.07156636682413088,
                0.10820165807276552
            ],
            "max": [
                0.03045881186350161,
                0.4946454202884085
            ],
            "len": [
                0.033255085503988535,
                0.45586711210975517
            ],
            "norm": [
                0.045777961121460896,
                0.3045519609061928
            ]
        },
        "white_positive": {
            "raw": [
                0.0020679553675510185,
                0.9547321180061356
            ],
            "max": [
                -0.06286193044334172,
                0.08411992873265856
            ],
            "len": [
                -0.017077692042895384,
                0.6392010840953544
            ],
            "norm": [
                -0.062345638023308524,
                0.0867030034141855
            ]
        },
        "black_negative": {
            "raw": [
                0.031579499942163324,
                0.22234675389122874
            ],
            "max": [
                -0.008133109933269775,
                0.7533609962325732
            ],
            "len": [
                0.06919661311568077,
                0.007440143451820089
            ],
            "norm": [
                0.01191919866793527,
                0.645164955711367
            ]
        },
        "white_negative": {
            "raw": [
                0.0380626682906568,
                0.17971874761781317
            ],
            "max": [
                -0.0038359352020056357,
                0.8924858504197759
            ],
            "len": [
                -0.035676141670129405,
                0.20859198269659102
            ],
            "norm": [
                -0.026203712171148436,
                0.3557756352190863
            ]
        }
    }
}