{
    "Occlusion": {
        "abs_average": {
            "raw": 0.08443352578818898,
            "max": 0.06310219113001944,
            "len": 0.06708806265201815,
            "norm": 0.04584598394139176
        },
        "positive_abs_average": {
            "raw": 0.13235684584867988,
            "max": 0.11853561276791372,
            "len": 0.04220735736702355,
            "norm": 0.06877719924477618
        },
        "negative_abs_average": {
            "raw": 0.0365102057276981,
            "max": 0.007668769492125182,
            "len": 0.09196876793701275,
            "norm": 0.022914768638007347
        },
        "black_abs_average": {
            "raw": 0.05570220110181693,
            "max": 0.05885839440269693,
            "len": 0.04158772305035462,
            "norm": 0.025332273105186397
        },
        "white_abs_average": {
            "raw": 0.11316485047456104,
            "max": 0.06734598785734196,
            "len": 0.09258840225368167,
            "norm": 0.06635969477759712
        },
        "black_positive": {
            "raw": [
                0.11030819805357274,
                0.013127230870118082
            ],
            "max": [
                0.11087376016269972,
                0.012663517698616794
            ],
            "len": [
                -0.007574973925536603,
                0.8651619448514435
            ],
            "norm": [
                0.050612964109718064,
                0.2562521075689704
            ]
        },
        "white_positive": {
            "raw": [
                0.154405493643787,
                2.0078076740432998e-05
            ],
            "max": [
                0.1261974653731277,
                0.0005051151366337196
            ],
            "len": [
                0.0768397408085105,
                0.034654606683604865
            ],
            "norm": [
                0.08694143437983429,
                0.016799459936146555
            ]
        },
        "black_negative": {
            "raw": [
                0.001096204150061117,
                0.9662200490377311
            ],
            "max": [
                -0.006843028642694145,
                0.7914955513069813
            ],
            "len": [
                -0.07560047217517264,
                0.003446211434723128
            ],
            "norm": [
                -5.158210065472707e-05,
                0.9984100041857968
            ]
        },
        "white_negative": {
            "raw": [
                -0.07192420730533508,
                0.011163744204331989
            ],
            "max": [
                -0.00849451034155622,
                0.764704399598159
            ],
            "len": [
                0.10833706369885286,
                0.0001289152240142331
            ],
            "norm": [
                -0.045777955175359965,
                0.10656452467848118
            ]
        }
    }
}