{
    "DeepLift_L2": {
        "abs_average": {
            "raw": 0.0717294549494055,
            "max": 0.05293832782566621,
            "len": 0.044037346770674564,
            "norm": 0.0502804706367819
        },
        "positive_abs_average": {
            "raw": 0.12026138776616835,
            "max": 0.07500197336429681,
            "len": 0.044807382820734654,
            "norm": 0.06661081262697494
        },
        "negative_abs_average": {
            "raw": 0.023197522132642628,
            "max": 0.03087468228703561,
            "len": 0.04326731072061447,
            "norm": 0.03395012864658888
        },
        "black_abs_average": {
            "raw": 0.06270029665391448,
            "max": 0.06196900287547818,
            "len": 0.048826776797798815,
            "norm": 0.033264516336175116
        },
        "white_abs_average": {
            "raw": 0.0807586132448965,
            "max": 0.04390765277585424,
            "len": 0.03924791674355031,
            "norm": 0.06729642493738869
        },
        "black_positive": {
            "raw": [
                0.10819086921975145,
                0.014998879136468215
            ],
            "max": [
                -0.07469472352890962,
                0.09359362327063717
            ],
            "len": [
                -0.0425702006061244,
                0.33972514245814434
            ],
            "norm": [
                -0.04059103724382623,
                0.36267228737461077
            ]
        },
        "white_positive": {
            "raw": [
                0.13233190631258526,
                0.00026371175349500795
            ],
            "max": [
                0.075309223199684,
                0.03843592117049823
            ],
            "len": [
                -0.04704456503534491,
                0.1963271005057125
            ],
            "norm": [
                0.09263058801012362,
                0.010828466294943155
            ]
        },
        "black_negative": {
            "raw": [
                0.01720972408807751,
                0.5061076797028917
            ],
            "max": [
                0.04924328222204674,
                0.056966846587045
            ],
            "len": [
                -0.05508335298947323,
                0.03320085082624141
            ],
            "norm": [
                0.025937995428523996,
                0.3162333421970249
            ]
        },
        "white_negative": {
            "raw": [
                0.029185320177207746,
                0.30368566867284846
            ],
            "max": [
                0.01250608235202448,
                0.6594532688086661
            ],
            "len": [
                0.03145126845175571,
                0.26766433968710684
            ],
            "norm": [
                0.041962261864653766,
                0.13908986891662645
            ]
        }
    },
    "DeepLift_mean": {
        "abs_average": {
            "raw": 0.04457158021012723,
            "max": 0.006899160472817623,
            "len": 0.042969259157947456,
            "norm": 0.0076105336856042306
        },
        "positive_abs_average": {
            "raw": 0.06623429711117734,
            "max": 0.005430331541325257,
            "len": 0.04589331357510794,
            "norm": 0.010274187976871133
        },
        "negative_abs_average": {
            "raw": 0.022908863309077113,
            "max": 0.00836798940430999,
            "len": 0.04004520474078698,
            "norm": 0.004946879394337327
        },
        "black_abs_average": {
            "raw": 0.07349587093853296,
            "max": 0.009037445702642723,
            "len": 0.054071022981538486,
            "norm": 0.00488206396415511
        },
        "white_abs_average": {
            "raw": 0.015647289481721487,
            "max": 0.004760875242992524,
            "len": 0.031867495334356434,
            "norm": 0.01033900340705335
        },
        "black_positive": {
            "raw": [
                -0.11463867031409482,
                0.009928635289856054
            ],
            "max": [
                -0.00576029851621127,
                0.8972572348643572
            ],
            "len": [
                -0.047620281011480615,
                0.28548132425404404
            ],
            "norm": [
                -0.007528073208991126,
                0.8659889031978173
            ]
        },
        "white_positive": {
            "raw": [
                -0.017829923908259854,
                0.6245092983054014
            ],
            "max": [
                -0.005100364566439245,
                0.8886554859087041
            ],
            "len": [
                0.04416634613873526,
                0.22514655001177689
            ],
            "norm": [
                0.01302030274475114,
                0.7207759786511173
            ]
        },
        "black_negative": {
            "raw": [
                0.032353071562971104,
                0.21121923419808158
            ],
            "max": [
                0.012314592889074176,
                0.6342408563140197
            ],
            "len": [
                -0.06052176495159636,
                0.019269490714700754
            ],
            "norm": [
                0.0022360547193190933,
                0.9311600837163734
            ]
        },
        "white_negative": {
            "raw": [
                -0.013464655055183121,
                0.6351807217182047
            ],
            "max": [
                0.004421385919545803,
                0.8762001511987025
            ],
            "len": [
                0.019568644529977603,
                0.4904672850790858
            ],
            "norm": [
                0.007657704069355561,
                0.7872967336413208
            ]
        }
    }
}