{
    "InputXGradient_L2": {
        "abs_average": {
            "raw": 0.05996602395739046,
            "max": 0.04935703896300597,
            "len": 0.05472016945247755,
            "norm": 0.0440841928452136
        },
        "positive_abs_average": {
            "raw": 0.09451305473468653,
            "max": 0.07175240999610771,
            "len": 0.055307754821280114,
            "norm": 0.06222010847313256
        },
        "negative_abs_average": {
            "raw": 0.025418993180094374,
            "max": 0.02696166792990423,
            "len": 0.05413258408367498,
            "norm": 0.025948277217294643
        },
        "black_abs_average": {
            "raw": 0.05084248915649138,
            "max": 0.06784943037626301,
            "len": 0.057912681695846804,
            "norm": 0.03618534177641869
        },
        "white_abs_average": {
            "raw": 0.06908955875828954,
            "max": 0.030864647549748936,
            "len": 0.05152765720910829,
            "norm": 0.051983043914008514
        },
        "black_positive": {
            "raw": [
                0.08892239918108598,
                0.04579384772230018
            ],
            "max": [
                -0.08276524500455196,
                0.06309830200324308
            ],
            "len": [
                -0.05210494467744887,
                0.2424820198885059
            ],
            "norm": [
                -0.046808338935340726,
                0.2937845686548485
            ]
        },
        "white_positive": {
            "raw": [
                0.10010371028828709,
                0.005873433335889779
            ],
            "max": [
                0.06073957498766346,
                0.09514913433622804
            ],
            "len": [
                -0.05851056496511137,
                0.10794695329315616
            ],
            "norm": [
                0.07763187801092439,
                0.032825320552108225
            ]
        },
        "black_negative": {
            "raw": [
                0.012762579131896776,
                0.6219593270630679
            ],
            "max": [
                0.052933615747974054,
                0.04071573139403477
            ],
            "len": [
                -0.06372041871424473,
                0.013731628421632348
            ],
            "norm": [
                0.025562344617496652,
                0.3232953800156878
            ]
        },
        "white_negative": {
            "raw": [
                0.038075407228291974,
                0.1795730225121291
            ],
            "max": [
                0.0009897201118344075,
                0.9721812299065168
            ],
            "len": [
                0.04454474945310522,
                0.11634289780304138
            ],
            "norm": [
                0.026334209817092634,
                0.35338427475857936
            ]
        }
    },
    "InputXGradient_mean": {
        "abs_average": {
            "raw": 0.06904852105817794,
            "max": 0.0241199019116788,
            "len": 0.05159427853246357,
            "norm": 0.0241705726417732
        },
        "positive_abs_average": {
            "raw": 0.10594031393762998,
            "max": 0.027702145505131767,
            "len": 0.025770473366477465,
            "norm": 0.03482948256454582
        },
        "negative_abs_average": {
            "raw": 0.03215672817872592,
            "max": 0.020537658318225835,
            "len": 0.07741808369844967,
            "norm": 0.01351166271900058
        },
        "black_abs_average": {
            "raw": 0.061959448220725646,
            "max": 0.021959565452411654,
            "len": 0.05157604412490073,
            "norm": 0.008292101876634834
        },
        "white_abs_average": {
            "raw": 0.07613759389563024,
            "max": 0.026280238370945952,
            "len": 0.0516125129400264,
            "norm": 0.040049043406911566
        },
        "black_positive": {
            "raw": [
                0.10443987064664396,
                0.018894727094076896
            ],
            "max": [
                -0.00963444232329866,
                0.829006723425915
            ],
            "len": [
                0.019645394550667723,
                0.6596301661648045
            ],
            "norm": [
                -0.007624509792791835,
                0.8642886830933342
            ]
        },
        "white_positive": {
            "raw": [
                -0.10744075722861599,
                0.003098330692516011
            ],
            "max": [
                -0.045769848686964876,
                0.20873943687220625
            ],
            "len": [
                -0.03189555218228721,
                0.3811635787011382
            ],
            "norm": [
                -0.0620344553362998,
                0.08829051255773712
            ]
        },
        "black_negative": {
            "raw": [
                -0.01947902579480733,
                0.45168885309580986
            ],
            "max": [
                0.03428468858152465,
                0.18520231472787402
            ],
            "len": [
                0.08350669369913374,
                0.001230343618800342
            ],
            "norm": [
                -0.008959693960477834,
                0.7292331402799124
            ]
        },
        "white_negative": {
            "raw": [
                -0.04483443056264451,
                0.11398492720203346
            ],
            "max": [
                0.006790628054927025,
                0.8108961920481113
            ],
            "len": [
                -0.0713294736977656,
                0.01185286789836789
            ],
            "norm": [
                0.018063631477523327,
                0.5244358074999108
            ]
        }
    }
}