{
    "IntegratedGradients_L2": {
        "abs_average": {
            "raw": 0.05900225618878794,
            "max": 0.041610032058933925,
            "len": 0.049824336978249624,
            "norm": 0.03793994510580905
        },
        "positive_abs_average": {
            "raw": 0.06295036723360214,
            "max": 0.048505272486480976,
            "len": 0.0635715633437869,
            "norm": 0.040567907531504105
        },
        "negative_abs_average": {
            "raw": 0.055054145143973734,
            "max": 0.034714791631386875,
            "len": 0.03607711061271235,
            "norm": 0.035311982680114005
        },
        "black_abs_average": {
            "raw": 0.053811896497300046,
            "max": 0.046777436826782426,
            "len": 0.06141923463823032,
            "norm": 0.02376923358763745
        },
        "white_abs_average": {
            "raw": 0.06419261588027583,
            "max": 0.036442627291085425,
            "len": 0.03822943931826893,
            "norm": 0.05211065662398066
        },
        "black_positive": {
            "raw": [
                -0.03298810126110682,
                0.4594943848276411
            ],
            "max": [
                -0.027275104911212943,
                0.5408509884249519
            ],
            "len": [
                -0.11102393138119618,
                0.012542844883257338
            ],
            "norm": [
                -0.0015024171452932078,
                0.9731331418152888
            ]
        },
        "white_positive": {
            "raw": [
                0.09291263320609748,
                0.010588960570674242
            ],
            "max": [
                0.069735440061749,
                0.05529277052854582
            ],
            "len": [
                0.01611919530637761,
                0.6581274485881584
            ],
            "norm": [
                0.079633397917715,
                0.028566963477689476
            ]
        },
        "black_negative": {
            "raw": [
                0.07463569173349327,
                0.003884150847061344
            ],
            "max": [
                0.0662797687423519,
                0.010365316601841217
            ],
            "len": [
                -0.011814537895264453,
                0.6480695407943011
            ],
            "norm": [
                0.04603605002998169,
                0.0751661735100431
            ]
        },
        "white_negative": {
            "raw": [
                0.03547259855445419,
                0.21120169809468697
            ],
            "max": [
                -0.003149814520421842,
                0.9116292241116394
            ],
            "len": [
                0.06033968333016025,
                0.03333679376846286
            ],
            "norm": [
                0.02458791533024632,
                0.3862245763554833
            ]
        }
    },
    "IntegratedGradients_mean": {
        "abs_average": {
            "raw": 0.08012014994631866,
            "max": 0.04130983151420876,
            "len": 0.060940271267464874,
            "norm": 0.04550823902504282
        },
        "positive_abs_average": {
            "raw": 0.08728851915528195,
            "max": 0.05407005058644174,
            "len": 0.0970904348654613,
            "norm": 0.060720186531787394
        },
        "negative_abs_average": {
            "raw": 0.07295178073735539,
            "max": 0.028549612441975777,
            "len": 0.02479010766946844,
            "norm": 0.03029629151829824
        },
        "black_abs_average": {
            "raw": 0.11076816939203679,
            "max": 0.057792274002871236,
            "len": 0.09489781969648481,
            "norm": 0.0617675591793585
        },
        "white_abs_average": {
            "raw": 0.04947213050060055,
            "max": 0.024827389025546282,
            "len": 0.02698272283844494,
            "norm": 0.029248918870727135
        },
        "black_positive": {
            "raw": [
                -0.12783886376702483,
                0.0040081799348697066
            ],
            "max": [
                -0.06222951785560397,
                0.16261735951701936
            ],
            "len": [
                -0.1568403301170784,
                0.00040357967819432
            ],
            "norm": [
                -0.0804181300343168,
                0.07097776569044696
            ]
        },
        "white_positive": {
            "raw": [
                -0.04673817454353907,
                0.19926008658455013
            ],
            "max": [
                -0.045910583317279506,
                0.20734182528980363
            ],
            "len": [
                -0.037340539613844204,
                0.3051962664657062
            ],
            "norm": [
                -0.041022243029257985,
                0.25993995872377873
            ]
        },
        "black_negative": {
            "raw": [
                -0.09369747501704874,
                0.0002858605697880308
            ],
            "max": [
                -0.0533550301501385,
                0.039138453076806745
            ],
            "len": [
                -0.03295530927589121,
                0.2028390075733608
            ],
            "norm": [
                -0.04311698832440019,
                0.0956121144057689
            ]
        },
        "white_negative": {
            "raw": [
                0.05220608645766203,
                0.06566070120446901
            ],
            "max": [
                0.0037441947338130604,
                0.8950421181213746
            ],
            "len": [
                0.016624906063045675,
                0.5579979335604813
            ],
            "norm": [
                0.01747559471219629,
                0.538027628475491
            ]
        }
    }
}