{
    "raw_attention": {
        "abs_average": {
            "raw": 0.0166472805874079,
            "max": 0.01550587635566359,
            "len": 0.058040643946320525,
            "norm": 0.015591052808686333
        },
        "positive_abs_average": {
            "raw": 0.0003631872723314261,
            "max": 0.01389247630435175,
            "len": 0.054117723215976174,
            "norm": 0.013228966803243886
        },
        "negative_abs_average": {
            "raw": 0.03293137390248437,
            "max": 0.017119276406975432,
            "len": 0.061963564676664876,
            "norm": 0.01795313881412878
        },
        "black_abs_average": {
            "raw": 0.007270761112060311,
            "max": 0.004324741006514159,
            "len": 0.05482520995459851,
            "norm": 0.0030218929224816553
        },
        "white_abs_average": {
            "raw": 0.026023800062755488,
            "max": 0.026687011704813024,
            "len": 0.06125607793804254,
            "norm": 0.02816021269489101
        },
        "black_positive": {
            "raw": [
                0.000433778195602353,
                0.9922416548489678
            ],
            "max": [
                0.0069805220335484395,
                0.8756539736494438
            ],
            "len": [
                -0.04083266209774967,
                0.3598200586589495
            ],
            "norm": [
                0.0007399941011937592,
                0.9867652237762393
            ]
        },
        "white_positive": {
            "raw": [
                -0.00029259634906049915,
                0.9935916535832485
            ],
            "max": [
                0.020804430575155058,
                0.5679030172305662
            ],
            "len": [
                -0.06740278433420269,
                0.06398126086056052
            ],
            "norm": [
                0.025717939505294014,
                0.48014265883459184
            ]
        },
        "black_negative": {
            "raw": [
                -0.01410774402851827,
                0.5857191110809808
            ],
            "max": [
                0.001668959979479878,
                0.9485905876150804
            ],
            "len": [
                -0.06881775781144736,
                0.007772755711827981
            ],
            "norm": [
                0.0053037917437695516,
                0.8376485075679786
            ]
        },
        "white_negative": {
            "raw": [
                0.051755003776450474,
                0.06803018849380192
            ],
            "max": [
                0.03256959283447099,
                0.25101324837965616
            ],
            "len": [
                0.05510937154188239,
                0.05198577333719041
            ],
            "norm": [
                0.03060248588448801,
                0.2807977628978515
            ]
        }
    },
    "attention_rollout": {
        "abs_average": {
            "raw": 0.03215897216609918,
            "max": 0.07412375569167468,
            "len": 0.04719086718508231,
            "norm": 0.06691591793587846
        },
        "positive_abs_average": {
            "raw": 0.034488820264607194,
            "max": 0.08393180242514642,
            "len": 0.04618238027393739,
            "norm": 0.08145581040731335
        },
        "negative_abs_average": {
            "raw": 0.02982912406759116,
            "max": 0.06431570895820293,
            "len": 0.048199354096227234,
            "norm": 0.05237602546444357
        },
        "black_abs_average": {
            "raw": 0.03112008255485448,
            "max": 0.0711671019704387,
            "len": 0.049368578286015104,
            "norm": 0.0718457559049844
        },
        "white_abs_average": {
            "raw": 0.03319786177734387,
            "max": 0.07708040941291067,
            "len": 0.04501315608414952,
            "norm": 0.061986079966772516
        },
        "black_positive": {
            "raw": [
                -0.03236309160012078,
                0.46804851607135173
            ],
            "max": [
                -0.09295358312351393,
                0.03677812738727734
            ],
            "len": [
                -0.05888328939593889,
                0.18646643137377727
            ],
            "norm": [
                -0.0940053014040985,
                0.03469072525934031
            ]
        },
        "white_positive": {
            "raw": [
                0.036614548929093604,
                0.31470189809733945
            ],
            "max": [
                0.07491002172677891,
                0.03947788523102215
            ],
            "len": [
                -0.033481471151935886,
                0.35792680025275747
            ],
            "norm": [
                0.0689063194105282,
                0.05826128212946417
            ]
        },
        "black_negative": {
            "raw": [
                0.029877073509588174,
                0.24829713486878224
            ],
            "max": [
                0.04938062081736347,
                0.05627749702179126
            ],
            "len": [
                -0.039853867176091316,
                0.1234916418322756
            ],
            "norm": [
                0.049686210405870304,
                0.054768508239942004
            ]
        },
        "white_negative": {
            "raw": [
                0.029781174625594143,
                0.293915709290085
            ],
            "max": [
                -0.07925079709904241,
                0.005161212728039455
            ],
            "len": [
                0.056544841016363145,
                0.04615765230506051
            ],
            "norm": [
                -0.05506584052301683,
                0.05217170522917041
            ]
        }
    },
    "attention_flow": {
        "abs_average": {
            "raw": 0.03292546511142228,
            "max": 0.03425059687816314,
            "len": 0.06778010697622601,
            "norm": 0.024107536778750924
        },
        "positive_abs_average": {
            "raw": 0.010712119714806354,
            "max": 0.03989899537847988,
            "len": 0.06864926468867799,
            "norm": 0.0295220565058159
        },
        "negative_abs_average": {
            "raw": 0.05513881050803821,
            "max": 0.02860219837784641,
            "len": 0.06691094926377403,
            "norm": 0.018693017051685946
        },
        "black_abs_average": {
            "raw": 0.02085714097739814,
            "max": 0.019023630550503125,
            "len": 0.06649376699512868,
            "norm": 0.012328467257378158
        },
        "white_abs_average": {
            "raw": 0.044993789245446426,
            "max": 0.04947756320582316,
            "len": 0.06906644695732334,
            "norm": 0.03588660630012369
        },
        "black_positive": {
            "raw": [
                0.01911065809048789,
                0.6683355199690741
            ],
            "max": [
                -0.007702859783257292,
                0.8629077984435592
            ],
            "len": [
                -0.0749651644693853,
                0.09240869033917123
            ],
            "norm": [
                -0.00025564653977555926,
                0.9954275838412336
            ]
        },
        "white_positive": {
            "raw": [
                -0.0023135813391248175,
                0.9493621527501812
            ],
            "max": [
                0.07209513097370246,
                0.047525437661769795
            ],
            "len": [
                -0.06233336490797067,
                0.08676517645445285
            ],
            "norm": [
                0.058788466471856246,
                0.10628081728995785
            ]
        },