{
    "ShapleyValue": {
        "abs_average": {
            "raw": 0.1577548269447963,
            "max": 0.17501430152794967,
            "len": 0.22601753994649332,
            "norm": 0.27331586834073973
        },
        "positive_abs_average": {
            "raw": 0.04298999806230067,
            "max": 0.1384519184216105,
            "len": 0.14923536921920894,
            "norm": 0.23824373227478224
        },
        "negative_abs_average": {
            "raw": 0.27251965582729193,
            "max": 0.21157668463428883,
            "len": 0.30279971067377776,
            "norm": 0.3083880044066971
        },
        "black_abs_average": {
            "raw": 0.17178381757287065,
            "max": 0.21012367684376188,
            "len": 0.20647267763549237,
            "norm": 0.28704023355569197
        },
        "white_abs_average": {
            "raw": 0.14372583631672195,
            "max": 0.13990492621213746,
            "len": 0.24556240225749426,
            "norm": 0.25959150312578744
        },
        "black_positive": {
            "raw": [
                0.08257267327106155,
                0.0724856330975096
            ],
            "max": [
                0.201834945072113,
                9.497397523131279e-06
            ],
            "len": [
                0.1392535609841482,
                0.002376981681446613
            ],
            "norm": [
                0.29109584558316765,
                1.0379361166334813e-10
            ]
        },
        "white_positive": {
            "raw": [
                -0.003407322853539797,
                0.9333458596726272
            ],
            "max": [
                -0.07506889177110801,
                0.06500317784886288
            ],
            "len": [
                -0.15921717745426964,
                8.380742639055559e-05
            ],
            "norm": [
                -0.1853916189663968,
                4.4228664684859965e-06
            ]
        },
        "black_negative": {
            "raw": [
                0.26099496187467974,
                3.4900070029228462e-25
            ],
            "max": [
                0.21841240861541078,
                6.163576537060215e-18
            ],
            "len": [
                0.27369179428683654,
                1.2672667217572032e-27
            ],
            "norm": [
                0.28298462152821624,
                1.7093989813634805e-29
            ]
        },
        "white_negative": {
            "raw": [
                -0.2840443497799041,
                2.6741920688846518e-27
            ],
            "max": [
                -0.20474096065316688,
                1.1442783768476823e-14
            ],
            "len": [
                -0.3319076270607189,
                3.1712945365841275e-37
            ],
            "norm": [
                -0.33379138728517804,
                1.180934012473504e-37
            ]
        }
    }
}