{
    "Saliency_L2": {
        "abs_average": {
            "raw": 0.4958899991122899,
            "max": 0.3294909756903265,
            "len": 0.365069113348482,
            "norm": 0.3884325520805081
        },
        "positive_abs_average": {
            "raw": 0.4677427334818465,
            "max": 0.41870811615148606,
            "len": 0.3473062088134856,
            "norm": 0.45313779337273147
        },
        "negative_abs_average": {
            "raw": 0.5240372647427335,
            "max": 0.240273835229167,
            "len": 0.38283201788347837,
            "norm": 0.32372731078828465
        },
        "black_abs_average": {
            "raw": 0.446613434553595,
            "max": 0.3130387218240056,
            "len": 0.32570089358675935,
            "norm": 0.3719336355461146
        },
        "white_abs_average": {
            "raw": 0.5451665636709849,
            "max": 0.3459432295566474,
            "len": 0.40443733311020463,
            "norm": 0.40493146861490154
        },
        "black_positive": {
            "raw": [
                0.4776891660747538,
                2.1647557818504963e-28
            ],
            "max": [
                0.49118453291984754,
                3.735072341416942e-30
            ],
            "len": [
                0.32444782793179106,
                4.424372860303232e-13
            ],
            "norm": [
                0.5271357495648377,
                2.974409387011238e-35
            ]
        },
        "white_positive": {
            "raw": [
                -0.45779630088893913,
                1.1293993115011213e-32
            ],
            "max": [
                -0.34623169938312454,
                1.7661667225207733e-18
            ],
            "len": [
                -0.3701645896951801,
                4.392792896414527e-21
            ],
            "norm": [
                -0.37913983718062527,
                4.056566615865928e-22
            ]
        },
        "black_negative": {
            "raw": [
                -0.41553770303243615,
                9.1412279283607e-65
            ],
            "max": [
                -0.13489291072816373,
                1.227605402745432e-07
            ],
            "len": [
                -0.3269539592417276,
                2.3978529264274207e-39
            ],
            "norm": [
                -0.21673152152739147,
                1.1147606519781685e-17
            ]
        },
        "white_negative": {
            "raw": [
                0.6325368264530308,
                9.09561651509565e-157
            ],
            "max": [
                0.3456547597301703,
                1.998972092162766e-40
            ],
            "len": [
                0.43871007652522914,
                1.0561418106763343e-66
            ],
            "norm": [
                0.4307231000491778,
                4.1846642428150986e-64
            ]
        }
    },
    "Saliency_mean": {
        "abs_average": {
            "raw": 0.2844155428489594,
            "max": 0.1601633577456078,
            "len": 0.23816285765516307,
            "norm": 0.18957571128157688
        },
        "positive_abs_average": {
            "raw": 0.25131398222206924,
            "max": 0.214736645617554,
            "len": 0.21974023381723728,
            "norm": 0.22761314029409396
        },
        "negative_abs_average": {
            "raw": 0.31751710347584966,
            "max": 0.10559006987366161,
            "len": 0.2565854814930889,
            "norm": 0.15153828226905983
        },
        "black_abs_average": {
            "raw": 0.2696230316507018,
            "max": 0.13162526038440756,
            "len": 0.25145176272972974,
            "norm": 0.16515227443309882
        },
        "white_abs_average": {
            "raw": 0.2992080540472171,
            "max": 0.18870145510680808,
            "len": 0.2248739525805964,
            "norm": 0.21399914813005494
        },
        "black_positive": {
            "raw": [
                -0.2908205546033224,
                1.0826814047496398e-10
            ],
            "max": [
                -0.26017232940709234,
                8.993783872128396e-09
            ],
            "len": [
                -0.22816296739046246,
                5.147849883414659e-07
            ],
            "norm": [
                -0.28325918570481995,
                3.39060948104925e-10
            ]
        },
        "white_positive": {
            "raw": [
                0.21180740984081606,
                1.450153309843033e-07
            ],
            "max": [
                0.1693009618280157,
                2.840449211326071e-05
            ],
            "len": [
                0.2113175002440121,
                1.5515669048316343e-07
            ],
            "norm": [
                0.17196709488336795,
                2.1110912608639804e-05
            ]
        },
        "black_negative": {
            "raw": [
                -0.24842550869808117,
                6.760379103157234e-23
            ],
            "max": [
                0.003078191361722788,
                0.9043656158147917
            ],
            "len": [
                -0.27474055806899705,
                7.859842414473604e-28
            ],
            "norm": [
                -0.047045363161377675,
                0.06616653828885574
            ]
        },
        "white_negative": {
            "raw": [
                -0.38660869825361815,
                5.90220153705715e-51
            ],
            "max": [
                -0.20810194838560042,
                4.104706062769392e-15
            ],
            "len": [
                -0.2384304049171807,
                1.7511072991966096e-19
            ],
            "norm": [
                -0.25603120137674196,
                2.564044544691166e-22
            ]
        }
    }
}