{
    "raw_attention": {
        "abs_average": {
            "raw": 0.5705200920460957,
            "max": 0.5853413949084663,
            "len": 0.3594445312710894,
            "norm": 0.5911759894579001
        },
        "positive_abs_average": {
            "raw": 0.5252653174556579,
            "max": 0.5293321691621496,
            "len": 0.3581237063703519,
            "norm": 0.5399423735235893
        },
        "negative_abs_average": {
            "raw": 0.6157748666365335,
            "max": 0.641350620654783,
            "len": 0.3607653561718269,
            "norm": 0.6424096053922108
        },
        "black_abs_average": {
            "raw": 0.6441356176083148,
            "max": 0.6621452879923351,
            "len": 0.3961037626926721,
            "norm": 0.6674651908816049
        },
        "white_abs_average": {
            "raw": 0.49690456648387654,
            "max": 0.5085375018245976,
            "len": 0.32278529984950666,
            "norm": 0.5148867880341952
        },
        "black_positive": {
            "raw": [
                0.6213739725192546,
                5.7550008593196646e-52
            ],
            "max": [
                0.6286475131184159,
                1.6815581727415977e-53
            ],
            "len": [
                0.41345619014567814,
                5.36434210068938e-21
            ],
            "norm": [
                0.6379547969305004,
                1.591826360278354e-55
            ]
        },
        "white_positive": {
            "raw": [
                -0.4291566623920612,
                1.668358472226356e-28
            ],
            "max": [
                -0.43001682520588336,
                1.2669717926043384e-28
            ],
            "len": [
                -0.30279122259502567,
                2.7056574679371257e-14
            ],
            "norm": [
                -0.44192995011667835,
                2.580189379570944e-30
            ]
        },
        "black_negative": {
            "raw": [
                -0.6668972626973751,
                6.096540570272529e-197
            ],
            "max": [
                -0.6956430628662543,
                3.618515399102558e-221
            ],
            "len": [
                -0.37875133523966614,
                3.0684346483718267e-53
            ],
            "norm": [
                -0.6969755848327094,
                2.320643246072733e-222
            ]
        },
        "white_negative": {
            "raw": [
                0.5646524705756919,
                2.746856081831703e-118
            ],
            "max": [
                0.5870581784433118,
                5.497067102324074e-130
            ],
            "len": [
                0.3427793771039877,
                9.630535478162355e-40
            ],
            "norm": [
                0.5878436259517121,
                2.0573986930342914e-130
            ]
        }
    },
    "attention_rollout": {
        "abs_average": {
            "raw": 0.5613154481656311,
            "max": 0.5495339614524348,
            "len": 0.36597394609963746,
            "norm": 0.5733067854721735
        },
        "positive_abs_average": {
            "raw": 0.46232697059036354,
            "max": 0.4447370358893654,
            "len": 0.3275450921855254,
            "norm": 0.4607119520314339
        },
        "negative_abs_average": {
            "raw": 0.6603039257408986,
            "max": 0.6543308870155042,
            "len": 0.4044028000137495,
            "norm": 0.6859016189129132
        },
        "black_abs_average": {
            "raw": 0.6366439829543166,
            "max": 0.6294923924948017,
            "len": 0.3907987147227201,
            "norm": 0.6578189042685956
        },
        "white_abs_average": {
            "raw": 0.48598691337694555,
            "max": 0.469575530410068,
            "len": 0.3411491774765548,
            "norm": 0.48879466667575144
        },
        "black_positive": {
            "raw": [
                0.5700264139767806,
                3.4139921245128774e-42
            ],
            "max": [
                0.5761867435106598,
                2.8245692832353502e-43
            ],
            "len": [
                0.37620336687993666,
                2.203824997763705e-17
            ],
            "norm": [
                0.590181026627868,
                8.038450693960941e-46
            ]
        },
        "white_positive": {
            "raw": [
                -0.3546275272039466,
                2.283072948893452e-19
            ],
            "max": [
                -0.31328732826807104,
                3.0369805305483875e-15
            ],
            "len": [
                -0.27888681749111416,
                2.8573211708775633e-12
            ],
            "norm": [
                -0.3312428774349998,
                5.858911827713345e-17
            ]
        },
        "black_negative": {
            "raw": [
                -0.7032615519318526,
                4.448403455597991e-228
            ],
            "max": [
                -0.6827980414789435,
                5.371142273275066e-210
            ],
            "len": [
                -0.40539406256550353,
                1.931563192995474e-61
            ],
            "norm": [
                -0.7254567819093233,
                1.555217240343555e-249
            ]
        },
        "white_negative": {
            "raw": [
                0.6173462995499446,
                2.4801506764521547e-147
            ],
            "max": [
                0.625863732552065,
                1.4733052684763296e-152
            ],
            "len": [
                0.40341153746199543,
                9.873392360531775e-56
            ],
            "norm": [
                0.6463464559165031,
                8.1398131823147e-166
            ]
        }
    },
    "attention_flow": {
        "abs_average": {
            "raw": 0.3874326278425325,
            "max": 0.17154026668101524,
            "len": 0.27434792653332335,
            "norm": 0.26373479329688015
        },
        "positive_abs_average": {
            "raw": 0.33390198934893006,
            "max": 0.09722184055659527,
            "len": 0.280973446307853,
            "norm": 0.17431749785572967
        },
        "negative_abs_average": {
            "raw": 0.4409632663361349,
            "max": 0.24585869280543518,
            "len": 0.2677224067587937,
            "norm": 0.3531520887380306
        },
        "black_abs_average": {
            "raw": 0.40754700288510826,
            "max": 0.14640143349811263,
            "len": 0.27446891368609555,
            "norm": 0.2427376351228042
        },
        "white_abs_average": {
            "raw": 0.3673182527999568,
            "max": 0.19667909986391782,
            "len": 0.27422693938055115,
            "norm": 0.2847319514709561
        },
        "black_positive": {
            "raw": [
                0.38486245650644535,
                3.497268237871436e-18
            ],
            "max": [
                0.07839685666403888,
                0.0882058679634055
            ],
            "len": [
                0.2940494997059833,
                6.580473147223278e-11
            ],
            "norm": [
                0.17332361756500925,
                0.00014925917423212363
            ]
        },
        "white_positive": {
            "raw": [
                -0.2829415221914148,
                1.3368625531872118e-12
            ],
            "max": [
                -0.11604682444915167,
                0.0042614131176124965
            ],
            "len": [
                -0.26789739290972264,
                2.104265009984502e-11
            ],
            "norm": [
                -0.1753113781464501,
                1.4457057448103975e-05
            ]
        },