{
    "Occlusion": {
        "abs_average": {
            "raw": 0.7070836331743077,
            "max": 0.5705530096391067,
            "len": 0.5275688260664355,
            "norm": 0.60077141123513
        },
        "positive_abs_average": {
            "raw": 0.6854475246952918,
            "max": 0.6758422366849767,
            "len": 0.5034536595328792,
            "norm": 0.6730719653584734
        },
        "negative_abs_average": {
            "raw": 0.7287197416533235,
            "max": 0.46526378259323664,
            "len": 0.5516839925999919,
            "norm": 0.5284708571117869
        },
        "black_abs_average": {
            "raw": 0.815546252427499,
            "max": 0.6053012435710502,
            "len": 0.6081768470153606,
            "norm": 0.6488126216325374
        },
        "white_abs_average": {
            "raw": 0.5986210139211163,
            "max": 0.5358047757071631,
            "len": 0.4469608051175106,
            "norm": 0.5527302008377226
        },
        "black_positive": {
            "raw": [
                0.7630081016619513,
                1.7166328470178472e-91
            ],
            "max": [
                0.7532950714291129,
                6.177716525545715e-88
            ],
            "len": [
                0.5636645295306999,
                4.2393660558739307e-41
            ],
            "norm": [
                0.7571719373928291,
                2.4635694188081493e-89
            ]
        },
        "white_positive": {
            "raw": [
                -0.6078869477286323,
                2.118873717512556e-62
            ],
            "max": [
                -0.5983894019408404,
                4.907930303388309e-60
            ],
            "len": [
                -0.44324278953505863,
                1.6640004188558295e-30
            ],
            "norm": [
                -0.5889719933241175,
                9.097963858607848e-58
            ]
        },
        "black_negative": {
            "raw": [
                0.8680844031930467,
                0.0
            ],
            "max": [
                0.45730741571298744,
                1.011942079315127e-79
            ],
            "len": [
                0.6526891645000213,
                6.086054515286799e-186
            ],
            "norm": [
                0.5404533058722458,
                1.8209915257485962e-116
            ]
        },
        "white_negative": {
            "raw": [
                -0.5893550801136003,
                3.0810083901961637e-131
            ],
            "max": [
                -0.4732201494734859,
                9.265644464132266e-79
            ],
            "len": [
                -0.4506788206999625,
                9.959666598626012e-71
            ],
            "norm": [
                -0.5164884083513278,
                5.751792082415978e-96
            ]
        }
    }
}