{
    "IntegratedGradients_L2": {
        "abs_average": {
            "raw": 0.49243382014139037,
            "max": 0.41638684785313995,
            "len": 0.3260146422446298,
            "norm": 0.4705385143224605
        },
        "positive_abs_average": {
            "raw": 0.35629000042128256,
            "max": 0.45134727761695814,
            "len": 0.29138793239561134,
            "norm": 0.4690631934841243
        },
        "negative_abs_average": {
            "raw": 0.6285776398614982,
            "max": 0.3814264180893218,
            "len": 0.3606413520936482,
            "norm": 0.4720138351607967
        },
        "black_abs_average": {
            "raw": 0.5387696636623753,
            "max": 0.41088143554008427,
            "len": 0.3576868601895673,
            "norm": 0.48854395143753
        },
        "white_abs_average": {
            "raw": 0.4460979766204054,
            "max": 0.42189226016619563,
            "len": 0.29434242429969226,
            "norm": 0.452533077207391
        },
        "black_positive": {
            "raw": [
                0.45487346690019786,
                1.391633957456569e-25
            ],
            "max": [
                0.4823556724914396,
                5.427451231799563e-29
            ],
            "len": [
                0.33830944603266094,
                3.719733873355534e-14
            ],
            "norm": [
                0.5399025478999229,
                3.244799883716766e-37
            ]
        },
        "white_positive": {
            "raw": [
                -0.2577065339423672,
                1.2377425774689317e-10
            ],
            "max": [
                -0.4203388827424766,
                2.6786232090847696e-27
            ],
            "len": [
                -0.24446641875856176,
                1.1058149451311856e-09
            ],
            "norm": [
                -0.39822383906832565,
                1.9896064193592647e-24
            ]
        },
        "black_negative": {
            "raw": [
                -0.6226658604245527,
                1.4980790603393038e-164
            ],
            "max": [
                -0.3394071985887289,
                1.8814942222052395e-42
            ],
            "len": [
                -0.37706427434647366,
                9.574527327669885e-53
            ],
            "norm": [
                -0.4371853549751371,
                2.96266255533575e-72
            ]
        },
        "white_negative": {
            "raw": [
                0.6344894192984436,
                5.098717815369247e-158
            ],
            "max": [
                0.4234456375899147,
                8.48877903923644e-62
            ],
            "len": [
                0.3442184298408228,
                4.3934081070071846e-40
            ],
            "norm": [
                0.5068423153464563,
                6.500681303112159e-92
            ]
        }
    },
    "IntegratedGradients_mean": {
        "abs_average": {
            "raw": 0.4531714026366515,
            "max": 0.42999616026107135,
            "len": 0.3397617560417586,
            "norm": 0.45949078316775405
        },
        "positive_abs_average": {
            "raw": 0.3408410183158169,
            "max": 0.4317177810971998,
            "len": 0.3109873664550644,
            "norm": 0.45575500240982286
        },
        "negative_abs_average": {
            "raw": 0.5655017869574861,
            "max": 0.428274539424943,
            "len": 0.3685361456284529,
            "norm": 0.46322656392568523
        },
        "black_abs_average": {
            "raw": 0.5496919455512786,
            "max": 0.47847979799291096,
            "len": 0.4579658305341863,
            "norm": 0.5209211798282213
        },
        "white_abs_average": {
            "raw": 0.35665085972202437,
            "max": 0.3815125225292318,
            "len": 0.22155768154933098,
            "norm": 0.3980603865072868
        },
        "black_positive": {
            "raw": [
                0.4363155767021642,
                1.8905947078069194e-23
            ],
            "max": [
                0.489333227897515,
                6.589131750180612e-30
            ],
            "len": [
                0.39378142194530985,
                4.955301415057354e-19
            ],
            "norm": [
                0.5402027587199437,
                2.9109268972670333e-37
            ]
        },
        "white_positive": {
            "raw": [
                -0.2453664599294697,
                9.566514518445022e-10
            ],
            "max": [
                -0.3741023342968846,
                1.5588788618597361e-21
            ],
            "len": [
                -0.228193310964819,
                1.3766787780533595e-08
            ],
            "norm": [
                -0.371307246099702,
                3.256992067796409e-21
            ]
        },
        "black_negative": {
            "raw": [
                0.6630683144003932,
                6.439280578782292e-194
            ],
            "max": [
                0.467626368088307,
                9.494739881933538e-84
            ],
            "len": [
                0.5221502391230628,
                1.7558262899968426e-107
            ],
            "norm": [
                0.5016396009364988,
                4.790506693142892e-98
            ]
        },
        "white_negative": {
            "raw": [
                -0.46793525951457904,
                8.020745401467114e-77
            ],
            "max": [
                -0.38892271076157897,
                1.3475338867138337e-51
            ],
            "len": [
                -0.21492205213384297,
                4.854228922177302e-16
            ],
            "norm": [
                -0.4248135269148716,
                3.158550593841046e-62
            ]
        }
    }
}