{
    "DeepLift_L2": {
        "abs_average": {
            "raw": 0.5603245796580368,
            "max": 0.31121055902152167,
            "len": 0.4063515570603297,
            "norm": 0.38053838967270526
        },
        "positive_abs_average": {
            "raw": 0.5930137419154069,
            "max": 0.40327964107757813,
            "len": 0.4170062554454902,
            "norm": 0.44140146792338086
        },
        "negative_abs_average": {
            "raw": 0.5276354174006666,
            "max": 0.2191414769654652,
            "len": 0.39569685867516924,
            "norm": 0.3196753114220296
        },
        "black_abs_average": {
            "raw": 0.5037838846654792,
            "max": 0.29440645657285686,
            "len": 0.3613820400236655,
            "norm": 0.36093468347902075
        },
        "white_abs_average": {
            "raw": 0.6168652746505945,
            "max": 0.3280146614701865,
            "len": 0.45132107409699396,
            "norm": 0.4001420958663897
        },
        "black_positive": {
            "raw": [
                0.5934105384766728,
                1.994764251662185e-46
            ],
            "max": [
                0.4730406167921579,
                8.410040234451168e-28
            ],
            "len": [
                0.388931280837239,
                1.4447082661620525e-18
            ],
            "norm": [
                0.5081189891230727,
                1.761800150063279e-32
            ]
        },
        "white_positive": {
            "raw": [
                -0.5926169453541411,
                1.2301845635979668e-58
            ],
            "max": [
                -0.33351866536299835,
                3.48522436323741e-17
            ],
            "len": [
                -0.44508123005374134,
                8.974042960516948e-31
            ],
            "norm": [
                -0.374683946723689,
                1.3360782992792848e-21
            ]
        },
        "black_negative": {
            "raw": [
                -0.41415723085428546,
                2.6319145003150985e-64
            ],
            "max": [
                -0.11577229635355582,
                5.785447080942438e-06
            ],
            "len": [
                -0.33383279921009196,
                4.811735613011864e-41
            ],
            "norm": [
                -0.21375037783496878,
                3.150391354738867e-17
            ]
        },
        "white_negative": {
            "raw": [
                0.6411136039470477,
                2.478113226213299e-162
            ],
            "max": [
                0.3225106575773746,
                3.9518352880222836e-35
            ],
            "len": [
                0.4575609181402466,
                4.071260640441786e-73
            ],
            "norm": [
                0.4256002450090904,
                1.7850549600878344e-62
            ]
        }
    },
    "DeepLift_mean": {
        "abs_average": {
            "raw": 0.34091084478252587,
            "max": 0.2092203161706956,
            "len": 0.28481289025323264,
            "norm": 0.24895632410580182
        },
        "positive_abs_average": {
            "raw": 0.3573523082804382,
            "max": 0.24163146832259158,
            "len": 0.26603919084894845,
            "norm": 0.2733372998310558
        },
        "negative_abs_average": {
            "raw": 0.32446938128461345,
            "max": 0.17680916401879967,
            "len": 0.3035865896575168,
            "norm": 0.22457534838054785
        },
        "black_abs_average": {
            "raw": 0.3054247093552608,
            "max": 0.2028500611033423,
            "len": 0.2674905234491922,
            "norm": 0.24129153452420196
        },
        "white_abs_average": {
            "raw": 0.3763969802097909,
            "max": 0.21559057123804892,
            "len": 0.302135257057273,
            "norm": 0.2566211136874017
        },
        "black_positive": {
            "raw": [
                -0.35009832036020777,
                4.097332461325762e-15
            ],
            "max": [
                -0.29697809809034,
                4.1664084547667e-11
            ],
            "len": [
                -0.25357688055902944,
                2.1691889725700015e-08
            ],
            "norm": [
                -0.3384176458425098,
                3.646722176618008e-14
            ]
        },
        "white_positive": {
            "raw": [
                -0.3646062962006686,
                1.8508595238253662e-20
            ],
            "max": [
                -0.18628483855484315,
                3.969682525610777e-06
            ],
            "len": [
                -0.2785015011388675,
                3.069208414414819e-12
            ],
            "norm": [
                -0.20825695381960185,
                2.3582139566203019e-07
            ]
        },
        "black_negative": {
            "raw": [
                -0.26075109835031374,
                3.876195648803525e-25
            ],
            "max": [
                -0.10872202411634466,
                2.0787086067419582e-05
            ],
            "len": [
                -0.28140416633935506,
                3.5972205088663746e-29
            ],
            "norm": [
                -0.14416542320589415,
                1.5436174921047327e-08
            ]
        },
        "white_negative": {
            "raw": [
                -0.3881876642189132,
                2.157059708842777e-51
            ],
            "max": [
                -0.2448963039212547,
                1.6904675430702005e-20
            ],
            "len": [
                -0.3257690129756785,
                7.560068273782244e-36
            ],
            "norm": [
                -0.30498527355520155,
                2.045299554661871e-31
            ]
        }
    }
}