{
    "InputXGradient_L2": {
        "abs_average": {
            "raw": 0.49207502234331607,
            "max": 0.3133314338011039,
            "len": 0.35903119974663655,
            "norm": 0.3754641012600011
        },
        "positive_abs_average": {
            "raw": 0.4628719663031109,
            "max": 0.4024925979080948,
            "len": 0.33760498223270874,
            "norm": 0.4370398151353788
        },
        "negative_abs_average": {
            "raw": 0.5212780783835211,
            "max": 0.22417026969411302,
            "len": 0.38045741726056437,
            "norm": 0.31388838738462344
        },
        "black_abs_average": {
            "raw": 0.4412657146467235,
            "max": 0.29785761183819515,
            "len": 0.32169181440372807,
            "norm": 0.3598277047664911
        },
        "white_abs_average": {
            "raw": 0.5428843300399087,
            "max": 0.32880525576401265,
            "len": 0.39637058508954504,
            "norm": 0.39110049775351113
        },
        "black_positive": {
            "raw": [
                0.4642071082491677,
                1.0476717862343525e-26
            ],
            "max": [
                0.47375492988684276,
                6.836222691252005e-28
            ],
            "len": [
                0.3092882858877803,
                5.76080316159221e-12
            ],
            "norm": [
                0.505686738501934,
                3.873786518138408e-32
            ]
        },
        "white_positive": {
            "raw": [
                -0.4615368243570541,
                3.0092749159039978e-33
            ],
            "max": [
                -0.33123026592934673,
                5.875729902011983e-17
            ],
            "len": [
                -0.36592167857763724,
                1.3202358968042659e-20
            ],
            "norm": [
                -0.36839289176882356,
                6.968910898325471e-21
            ]
        },
        "black_negative": {
            "raw": [
                -0.4183243210442792,
                1.0650030219871107e-65
            ],
            "max": [
                -0.12196029378954751,
                1.7686632716748665e-06
            ],
            "len": [
                -0.3340953429196759,
                4.1366316835283396e-41
            ],
            "norm": [
                -0.21396867103104822,
                2.921148737562417e-17
            ]
        },
        "white_negative": {
            "raw": [
                0.6242318357227631,
                1.5211344849657933e-151
            ],
            "max": [
                0.32638024559867856,
                5.53097100345563e-36
            ],
            "len": [
                0.42681949160145277,
                7.349487036248677e-63
            ],
            "norm": [
                0.4138081037381987,
                7.911913513045588e-59
            ]
        }
    },
    "InputXGradient_mean": {
        "abs_average": {
            "raw": 0.38056420211918607,
            "max": 0.26256762053995364,
            "len": 0.29570457021872165,
            "norm": 0.32412732183707504
        },
        "positive_abs_average": {
            "raw": 0.35184867204455694,
            "max": 0.30441056119148624,
            "len": 0.2905814353176464,
            "norm": 0.34557671731226236
        },
        "negative_abs_average": {
            "raw": 0.40927973219381514,
            "max": 0.22072467988842098,
            "len": 0.3008277051197969,
            "norm": 0.30267792636188773
        },
        "black_abs_average": {
            "raw": 0.3713720289767052,
            "max": 0.282835017086954,
            "len": 0.28704758376743555,
            "norm": 0.34756425961723314
        },
        "white_abs_average": {
            "raw": 0.3897563752616669,
            "max": 0.2423002239929532,
            "len": 0.30436155667000775,
            "norm": 0.30069038405691695
        },
        "black_positive": {
            "raw": [
                0.3798154639585867,
                1.029411692442883e-17
            ],
            "max": [
                0.3763441588532564,
                2.1397775007419265e-17
            ],
            "len": [
                0.3051505471712419,
                1.1319602782446044e-11
            ],
            "norm": [
                0.42718926191630796,
                1.8984034194222293e-22
            ]
        },
        "white_positive": {
            "raw": [
                -0.32388188013052716,
                3.052408485803429e-16
            ],
            "max": [
                -0.23247696352971609,
                7.216543693073737e-09
            ],
            "len": [
                -0.2760123234640509,
                4.8591117404105025e-12
            ],
            "norm": [
                -0.26396417270821676,
                4.2074132697587516e-11
            ]
        },
        "black_negative": {
            "raw": [
                0.36292859399482363,
                1.019871410965168e-48
            ],
            "max": [
                0.18932587532065165,
                8.83023528359861e-14
            ],
            "len": [
                0.26894462036362926,
                1.0729069054703075e-26
            ],
            "norm": [
                0.26793925731815826,
                1.677478064458049e-26
            ]
        },
        "white_negative": {
            "raw": [
                -0.45563087039280664,
                1.9280085539514968e-72
            ],
            "max": [
                -0.2521234844561903,
                1.1417532212712623e-21
            ],
            "len": [
                -0.33271078987596453,
                2.083003316721638e-37
            ],
            "norm": [
                -0.33741659540561714,
                1.7303651950056763e-38
            ]
        }
    }
}