{
    "Saliency_L2": {
        "abs_average": {
            "raw": 0.6002001813958247,
            "max": 0.28334976628463004,
            "len": 0.4622866133392026,
            "norm": 0.41457843669781574
        },
        "positive_abs_average": {
            "raw": 0.6885913335344217,
            "max": 0.3440852408684365,
            "len": 0.48039368194528087,
            "norm": 0.4673899276042403
        },
        "negative_abs_average": {
            "raw": 0.5118090292572278,
            "max": 0.22261429170082359,
            "len": 0.4441795447331245,
            "norm": 0.3617669457913912
        },
        "black_abs_average": {
            "raw": 0.5824059924372903,
            "max": 0.2937823887724234,
            "len": 0.4309769965311494,
            "norm": 0.42128910261272057
        },
        "white_abs_average": {
            "raw": 0.6179943703543591,
            "max": 0.2729171437968366,
            "len": 0.4935962301472559,
            "norm": 0.4078677707829109
        },
        "black_positive": {
            "raw": [
                0.7148880826345765,
                2.422106167932712e-99
            ],
            "max": [
                0.4453376770139549,
                6.359295503840239e-32
            ],
            "len": [
                0.4530747998894585,
                4.0949682090676283e-33
            ],
            "norm": [
                0.5613638843626997,
                1.9870575731089613e-53
            ]
        },
        "white_positive": {
            "raw": [
                -0.6622945844342669,
                2.282460191992339e-96
            ],
            "max": [
                -0.24283280472291807,
                1.3961096318827638e-11
            ],
            "len": [
                -0.5077125640011032,
                1.1979890855470658e-50
            ],
            "norm": [
                -0.37341597084578093,
                2.3217779605629952e-26
            ]
        },
        "black_negative": {
            "raw": [
                -0.44992390224000417,
                2.455793227200179e-69
            ],
            "max": [
                -0.14222710053089196,
                1.2213012620673475e-07
            ],
            "len": [
                -0.4088791931728403,
                1.981955323806854e-56
            ],
            "norm": [
                -0.28121432086274145,
                2.357078370231079e-26
            ]
        },
        "white_negative": {
            "raw": [
                0.5736941562744514,
                5.836345514708673e-110
            ],
            "max": [
                0.30300148287075523,
                7.170723714019606e-28
            ],
            "len": [
                0.4794798962934086,
                1.2719866269234193e-72
            ],
            "norm": [
                0.4423195707200409,
                7.857007585149547e-61
            ]
        }
    },
    "Saliency_mean": {
        "abs_average": {
            "raw": 0.4286446762740156,
            "max": 0.216198448921637,
            "len": 0.37010382595626684,
            "norm": 0.27215004003189636
        },
        "positive_abs_average": {
            "raw": 0.4791427840156149,
            "max": 0.24505418905533138,
            "len": 0.3753069930545121,
            "norm": 0.2949531033717545
        },
        "negative_abs_average": {
            "raw": 0.3781465685324163,
            "max": 0.18734270878794262,
            "len": 0.36490065885802153,
            "norm": 0.24934697669203817
        },
        "black_abs_average": {
            "raw": 0.3924129921162869,
            "max": 0.2283952338706347,
            "len": 0.32690332950893597,
            "norm": 0.2761594537602484
        },
        "white_abs_average": {
            "raw": 0.4648763604317443,
            "max": 0.2040016639726393,
            "len": 0.4133043224035977,
            "norm": 0.2681406263035443
        },
        "black_positive": {
            "raw": [
                -0.4819101716509293,
                7.839531396882162e-38
            ],
            "max": [
                -0.3249170141323702,
                6.605121045022523e-17
            ],
            "len": [
                -0.35492558145210645,
                4.4266623943530356e-20
            ],
            "norm": [
                -0.3719111140125783,
                4.925731181666811e-22
            ]
        },
        "white_positive": {
            "raw": [
                -0.47637539638030046,
                5.66669910801844e-44
            ],
            "max": [
                -0.1651913639782926,
                5.119354359388819e-06
            ],
            "len": [
                -0.3956884046569178,
                1.1425036933743847e-29
            ],
            "norm": [
                -0.21799509273093076,
                1.4583515126273865e-09
            ]
        },
        "black_negative": {
            "raw": [
                -0.3029158125816444,
                1.6488700912701303e-30
            ],
            "max": [
                -0.13187345360889927,
                9.504477144200858e-07
            ],
            "len": [
                -0.29888107756576543,
                1.0403310533151825e-29
            ],
            "norm": [
                -0.18040779350791847,
                1.6779194587289116e-11
            ]
        },
        "white_negative": {
            "raw": [
                -0.4533773244831882,
                3.449154250895811e-64
            ],
            "max": [
                -0.242811963966986,
                3.537362748619549e-18
            ],
            "len": [
                -0.43092024015027763,
                1.6944106116025942e-57
            ],
            "norm": [
                -0.3182861598761579,
                9.888441410659434e-31
            ]
        }
    }
}