{
    "Occlusion": {
        "abs_average": {
            "raw": 0.7232026578765927,
            "max": 0.5007779075383343,
            "len": 0.5653680995643626,
            "norm": 0.5453695336162994
        },
        "positive_abs_average": {
            "raw": 0.7116577578910714,
            "max": 0.5780688612860823,
            "len": 0.5481287912120689,
            "norm": 0.5730611047206737
        },
        "negative_abs_average": {
            "raw": 0.7347475578621139,
            "max": 0.42348695379058643,
            "len": 0.5826074079166563,
            "norm": 0.517677962511925
        },
        "black_abs_average": {
            "raw": 0.8383550725452643,
            "max": 0.5604816970539137,
            "len": 0.6010933564795797,
            "norm": 0.6238801169316341
        },
        "white_abs_average": {
            "raw": 0.6080502432079211,
            "max": 0.44107411802275487,
            "len": 0.5296428426491456,
            "norm": 0.4668589503009646
        },
        "black_positive": {
            "raw": [
                0.8195033230944668,
                1.6970598108419455e-153
            ],
            "max": [
                0.6578067440456925,
                4.222339252098638e-79
            ],
            "len": [
                0.567486897032604,
                8.216324800531312e-55
            ],
            "norm": [
                0.6641997914807105,
                3.810307295621391e-81
            ]
        },
        "white_positive": {
            "raw": [
                -0.6038121926876762,
                4.268965775079502e-76
            ],
            "max": [
                -0.498330978526472,
                1.4120776197992754e-48
            ],
            "len": [
                -0.5287706853915338,
                1.5382064926431746e-55
            ],
            "norm": [
                -0.481922417960637,
                4.1845305666228425e-45
            ]
        },
        "black_negative": {
            "raw": [
                0.8572068219960618,
                0.0
            ],
            "max": [
                0.463156650062135,
                6.861631463467152e-74
            ],
            "len": [
                0.6346998159265553,
                1.414747570522428e-155
            ],
            "norm": [
                0.5835604423825578,
                5.1243546349743695e-126
            ]
        },
        "white_negative": {
            "raw": [
                -0.6122882937281661,
                4.4546309620801705e-129
            ],
            "max": [
                -0.3838172575190378,
                5.231538334548328e-45
            ],
            "len": [
                -0.5305149999067574,
                2.221014137365927e-91
            ],
            "norm": [
                -0.4517954826412922,
                1.0608149621962456e-63
            ]
        }
    }
}