{
    "DeepLift_L2": {
        "abs_average": {
            "raw": 0.5552518443107244,
            "max": 0.2923334602594398,
            "len": 0.4409923455321795,
            "norm": 0.4091494058469366
        },
        "positive_abs_average": {
            "raw": 0.6592671152830729,
            "max": 0.36807070057657676,
            "len": 0.45255044654977694,
            "norm": 0.45408312323828365
        },
        "negative_abs_average": {
            "raw": 0.45123657333837597,
            "max": 0.21659621994230283,
            "len": 0.42943424451458206,
            "norm": 0.36421568845558955
        },
        "black_abs_average": {
            "raw": 0.5133025550673401,
            "max": 0.30618001073336365,
            "len": 0.39323217761306317,
            "norm": 0.41693902617768475
        },
        "white_abs_average": {
            "raw": 0.5972011335541088,
            "max": 0.27848690978551593,
            "len": 0.4887525134512958,
            "norm": 0.40135978551618845
        },
        "black_positive": {
            "raw": [
                0.6388333909663331,
                2.5642739566651497e-73
            ],
            "max": [
                0.470916909681238,
                5.574476949680586e-36
            ],
            "len": [
                0.3889647978956589,
                4.081883793465915e-24
            ],
            "norm": [
                0.5448854543097311,
                7.618556635371101e-50
            ]
        },
        "white_positive": {
            "raw": [
                -0.6797008395998126,
                2.552059703653788e-103
            ],
            "max": [
                -0.26522449147191546,
                1.3241541180214876e-13
            ],
            "len": [
                -0.5161360952038949,
                1.4549293537069956e-52
            ],
            "norm": [
                -0.3632807921668362,
                6.141060387172343e-25
            ]
        },
        "black_negative": {
            "raw": [
                -0.38777171916834724,
                1.8478921986501776e-50
            ],
            "max": [
                -0.14144311178548927,
                1.434144358244744e-07
            ],
            "len": [
                -0.3974995573304675,
                3.7084455106639357e-53
            ],
            "norm": [
                -0.28899259804563837,
                8.404668211554939e-28
            ]
        },
        "white_negative": {
            "raw": [
                0.5147014275084048,
                3.183813269315208e-85
            ],
            "max": [
                0.2917493280991164,
                7.160490014451241e-26
            ],
            "len": [
                0.46136893169869664,
                1.0789584987541788e-66
            ],
            "norm": [
                0.4394387788655407,
                5.620911073619704e-60
            ]
        }
    },
    "DeepLift_mean": {
        "abs_average": {
            "raw": 0.4004188470434899,
            "max": 0.2211420942217895,
            "len": 0.39582818659552477,
            "norm": 0.29660950708867806
        },
        "positive_abs_average": {
            "raw": 0.5148266835383672,
            "max": 0.287620052248079,
            "len": 0.4156485884168387,
            "norm": 0.34563281209826907
        },
        "negative_abs_average": {
            "raw": 0.2860110105486125,
            "max": 0.15466413619549996,
            "len": 0.3760077847742108,
            "norm": 0.247586202079087
        },
        "black_abs_average": {
            "raw": 0.3716338409803665,
            "max": 0.22633758322532474,
            "len": 0.3667808985459087,
            "norm": 0.3085189934977032
        },
        "white_abs_average": {
            "raw": 0.4292038531066133,
            "max": 0.21594660521825426,
            "len": 0.42487547464514086,
            "norm": 0.28470002067965294
        },
        "black_positive": {
            "raw": [
                -0.5144253761200981,
                1.0138284687083492e-43
            ],
            "max": [
                -0.3548160318704932,
                4.553015888831928e-20
            ],
            "len": [
                -0.398352108280715,
                2.5808833753713955e-25
            ],
            "norm": [
                -0.4254344210831604,
                5.374706771448775e-29
            ]
        },
        "white_positive": {
            "raw": [
                -0.5152279909566365,
                2.3547422447267255e-52
            ],
            "max": [
                -0.22042407262566485,
                9.47574951213681e-10
            ],
            "len": [
                -0.4329450685529625,
                8.514305684304811e-36
            ],
            "norm": [
                -0.26583120311337777,
                1.1597825956037664e-13
            ]
        },
        "black_negative": {
            "raw": [
                -0.22884230584063492,
                9.254838040022676e-18
            ],
            "max": [
                -0.09785913458015628,
                0.0002832399150788252
            ],
            "len": [
                -0.3352096888111024,
                2.2187865807946497e-37
            ],
            "norm": [
                -0.19160356591224592,
                8.244042714242215e-13
            ]
        },
        "white_negative": {
            "raw": [
                -0.3431797152565901,
                9.279653534503784e-36
            ],
            "max": [
                0.21146913781084364,
                4.608483185281682e-14
            ],
            "len": [
                -0.4168058807373193,
                1.5264244817629266e-53
            ],
            "norm": [
                -0.30356883824592806,
                5.65436532114514e-28
            ]
        }
    }
}