{
    "ShapleyValue": {
        "abs_average": {
            "raw": 0.1938377878176673,
            "max": 0.18224522069390478,
            "len": 0.21623873041133826,
            "norm": 0.2681479783353176
        },
        "positive_abs_average": {
            "raw": 0.16663571968153304,
            "max": 0.1925775986443632,
            "len": 0.19641921999351136,
            "norm": 0.2702401357552303
        },
        "negative_abs_average": {
            "raw": 0.2210398559538016,
            "max": 0.17191284274344637,
            "len": 0.23605824082916516,
            "norm": 0.2660558209154049
        },
        "black_abs_average": {
            "raw": 0.23792892970699073,
            "max": 0.22196254297828574,
            "len": 0.22235502230074727,
            "norm": 0.30470185724091053
        },
        "white_abs_average": {
            "raw": 0.1497466459283439,
            "max": 0.14252789840952382,
            "len": 0.21012243852192924,
            "norm": 0.2315940994297247
        },
        "black_positive": {
            "raw": [
                0.24608930393305242,
                4.0763401957524667e-10
            ],
            "max": [
                0.26715033751960865,
                1.0069751240996762e-11
            ],
            "len": [
                0.2327965646387984,
                3.5578294307178733e-09
            ],
            "norm": [
                0.34372693856542796,
                7.43142426398605e-19
            ]
        },
        "white_positive": {
            "raw": [
                -0.08718213543001367,
                0.016641753063388914
            ],
            "max": [
                -0.11800485976911772,
                0.0011692569419310224
            ],
            "len": [
                -0.1600418753482243,
                1.006362841053492e-05
            ],
            "norm": [
                -0.1967533329450327,
                5.121837254605651e-08
            ]
        },
        "black_negative": {
            "raw": [
                0.22976855548092903,
                6.7807197200959545e-18
            ],
            "max": [
                0.17677474843696284,
                4.285523784232037e-11
            ],
            "len": [
                0.21191347996269613,
                2.1479795999425318e-15
            ],
            "norm": [
                0.2656767759163931,
                1.345784732907515e-23
            ]
        },
        "white_negative": {
            "raw": [
                -0.21231115642667414,
                3.638872863310968e-14
            ],
            "max": [
                -0.16705093704992993,
                2.9835698748419777e-09
            ],
            "len": [
                -0.26020300169563415,
                9.919022289968888e-21
            ],
            "norm": [
                -0.26643486591441673,
                1.0809401571153933e-21
            ]
        }
    }
}