{
    "InputXGradient_L2": {
        "abs_average": {
            "raw": 0.6008917218884731,
            "max": 0.28344377846024216,
            "len": 0.4683980231851457,
            "norm": 0.412945768121513
        },
        "positive_abs_average": {
            "raw": 0.6920811791946235,
            "max": 0.3359658528103877,
            "len": 0.48559754445195863,
            "norm": 0.4563797091447861
        },
        "negative_abs_average": {
            "raw": 0.5097022645823227,
            "max": 0.23092170411009666,
            "len": 0.4511985019183328,
            "norm": 0.36951182709823993
        },
        "black_abs_average": {
            "raw": 0.581650741128133,
            "max": 0.29812221534867783,
            "len": 0.44658103538604754,
            "norm": 0.424395434730529
        },
        "white_abs_average": {
            "raw": 0.6201327026488133,
            "max": 0.26876534157180654,
            "len": 0.49021501098424386,
            "norm": 0.40149610151249704
        },
        "black_positive": {
            "raw": [
                0.7208854389614228,
                9.231245412236448e-102
            ],
            "max": [
                0.4451864509527187,
                6.704824222335299e-32
            ],
            "len": [
                0.4673448126814814,
                2.1558695803058094e-35
            ],
            "norm": [
                0.5569604841666708,
                1.8858516939735527e-52
            ]
        },
        "white_positive": {
            "raw": [
                -0.6632769194278244,
                9.517913502801174e-97
            ],
            "max": [
                -0.22674525466805676,
                3.0133359876904574e-10
            ],
            "len": [
                -0.5038502762224358,
                8.69027568064663e-50
            ],
            "norm": [
                -0.3557989341229014,
                6.3985918847748046e-24
            ]
        },
        "black_negative": {
            "raw": [
                -0.4424160432948432,
                7.690168407999468e-67
            ],
            "max": [
                -0.151057979744637,
                1.8825921932563446e-08
            ],
            "len": [
                -0.42581725809061366,
                1.5344436781660388e-61
            ],
            "norm": [
                -0.29183038529438726,
                2.425721009932457e-28
            ]
        },
        "white_negative": {
            "raw": [
                0.5769884858698022,
                1.7099451287729376e-111
            ],
            "max": [
                0.3107854284755563,
                2.6297071730213725e-29
            ],
            "len": [
                0.4765797457460519,
                1.1966055420242155e-71
            ],
            "norm": [
                0.4471932689020926,
                2.695719035286036e-62
            ]
        }
    },
    "InputXGradient_mean": {
        "abs_average": {
            "raw": 0.4615928580043652,
            "max": 0.26432233158366386,
            "len": 0.39209645787268177,
            "norm": 0.3311361983921348
        },
        "positive_abs_average": {
            "raw": 0.5375891098664773,
            "max": 0.30033384054814066,
            "len": 0.42452098444377045,
            "norm": 0.361463019776625
        },
        "negative_abs_average": {
            "raw": 0.38559660614225316,
            "max": 0.22831082261918706,
            "len": 0.35967193130159303,
            "norm": 0.30080937700764454
        },
        "black_abs_average": {
            "raw": 0.43350324434298343,
            "max": 0.2564258265810918,
            "len": 0.34847865646569987,
            "norm": 0.31863645758195497
        },
        "white_abs_average": {
            "raw": 0.4896824716657471,
            "max": 0.2722188365862359,
            "len": 0.4357142592796636,
            "norm": 0.3436359392023146
        },
        "black_positive": {
            "raw": [
                0.516922748620766,
                3.36459993105363e-44
            ],
            "max": [
                0.33677291736534043,
                4.047811292173321e-18
            ],
            "len": [
                0.39924605214396375,
                1.9749752905776343e-25
            ],
            "norm": [
                0.37976943166550287,
                5.60441249514344e-23
            ]
        },
        "white_positive": {
            "raw": [
                -0.5582554711121887,
                5.396230322744822e-63
            ],
            "max": [
                -0.2638947637309409,
                1.7684121779117466e-13
            ],
            "len": [
                -0.44979591674357716,
                7.884339812240669e-39
            ],
            "norm": [
                -0.34315660788774716,
                2.9191244259296054e-22
            ]
        },
        "black_negative": {
            "raw": [
                0.3500837400652008,
                7.789256644931486e-41
            ],
            "max": [
                0.17607873579684324,
                5.1174445933311985e-11
            ],
            "len": [
                0.2977112607874359,
                1.7650096681462396e-29
            ],
            "norm": [
                0.25750348349840707,
                3.2199325260425912e-22
            ]
        },
        "white_negative": {
            "raw": [
                -0.4211094722193055,
                9.948541774669621e-55
            ],
            "max": [
                -0.2805429094415309,
                5.73658136318431e-24
            ],
            "len": [
                -0.4216326018157501,
                7.11908536128925e-55
            ],
            "norm": [
                -0.34411527051688207,
                5.88045553928648e-36
            ]
        }
    }
}