{
    "raw_attention": {
        "abs_average": {
            "raw": 0.5357213405710531,
            "max": 0.5449049885763605,
            "len": 0.3679164682411882,
            "norm": 0.5574143899934798
        },
        "positive_abs_average": {
            "raw": 0.48465920567736376,
            "max": 0.4761793232008065,
            "len": 0.32826922292208516,
            "norm": 0.4998747705334571
        },
        "negative_abs_average": {
            "raw": 0.5867834754647425,
            "max": 0.6136306539519145,
            "len": 0.4075637135602911,
            "norm": 0.6149540094535024
        },
        "black_abs_average": {
            "raw": 0.576524173793074,
            "max": 0.6039870199976125,
            "len": 0.3373422091839135,
            "norm": 0.616619551966985
        },
        "white_abs_average": {
            "raw": 0.4949185073490323,
            "max": 0.4858229571551084,
            "len": 0.3984907272984628,
            "norm": 0.4982092280199746
        },
        "black_positive": {
            "raw": [
                0.5576906009141166,
                1.3015878110367244e-52
            ],
            "max": [
                0.5733869847525386,
                3.5795857147736134e-56
            ],
            "len": [
                0.3136908505678289,
                8.315996556031762e-16
            ],
            "norm": [
                0.5963380131825187,
                9.736674672157512e-62
            ]
        },
        "white_positive": {
            "raw": [
                -0.41162781044061086,
                3.3915936523475775e-32
            ],
            "max": [
                -0.3789716616490745,
                3.667855759454815e-27
            ],
            "len": [
                -0.34284759527634145,
                3.1979149763507366e-22
            ],
            "norm": [
                -0.40341152788439555,
                7.085086120187651e-31
            ]
        },
        "black_negative": {
            "raw": [
                -0.5953577466720313,
                2.2894404085141674e-132
            ],
            "max": [
                -0.6345870552426865,
                1.6674382183065447e-155
            ],
            "len": [
                -0.3609935677999981,
                1.7234782681536532e-43
            ],
            "norm": [
                -0.6369010907514514,
                5.6418676578495854e-157
            ]
        },
        "white_negative": {
            "raw": [
                0.5782092042574538,
                4.575359920286604e-112
            ],
            "max": [
                0.5926742526611424,
                4.872957468086063e-119
            ],
            "len": [
                0.45413385932058414,
                2.011154629153643e-64
            ],
            "norm": [
                0.5930069281555536,
                3.3362158259248345e-119
            ]
        }
    },
    "attention_rollout": {
        "abs_average": {
            "raw": 0.4565761659022468,
            "max": 0.42799852517949444,
            "len": 0.33572095462334733,
            "norm": 0.4335123055886104
        },
        "positive_abs_average": {
            "raw": 0.39116100955621524,
            "max": 0.33386951365248974,
            "len": 0.28185607610922897,
            "norm": 0.34954321080167866
        },
        "negative_abs_average": {
            "raw": 0.5219913222482784,
            "max": 0.5221275367064993,
            "len": 0.38958583313746564,
            "norm": 0.5174814003755421
        },
        "black_abs_average": {
            "raw": 0.4578036495209499,
            "max": 0.46470965196154834,
            "len": 0.2848152944682534,
            "norm": 0.45201178388138386
        },
        "white_abs_average": {
            "raw": 0.45534868228354375,
            "max": 0.39128739839744053,
            "len": 0.3866266147784413,
            "norm": 0.41501282729583694
        },
        "black_positive": {
            "raw": [
                0.4048144329211886,
                3.66181853168866e-26
            ],
            "max": [
                0.3984773392142656,
                2.48605374904415e-25
            ],
            "len": [
                0.2342602766531653,
                2.820419770359796e-09
            ],
            "norm": [
                0.3883343002354729,
                4.8980526086265324e-24
            ]
        },
        "white_positive": {
            "raw": [
                -0.37750758619124186,
                5.985676221973362e-27
            ],
            "max": [
                -0.2692616880907139,
                5.4467628060741625e-14
            ],
            "len": [
                -0.32945187556529265,
                1.5130509754526432e-20
            ],
            "norm": [
                -0.31075212136788444,
                2.4151274737077683e-18
            ]
        },
        "black_negative": {
            "raw": [
                -0.5107928661207112,
                4.81163716886183e-92
            ],
            "max": [
                -0.5309419647088311,
                1.2433307628675558e-100
            ],
            "len": [
                -0.33537031228334147,
                2.040837764814323e-37
            ],
            "norm": [
                -0.5156892675272948,
                4.448535539264572e-94
            ]
        },
        "white_negative": {
            "raw": [
                0.5331897783758456,
                1.8734799521797447e-92
            ],
            "max": [
                0.5133131087041672,
                1.0667996390832104e-84
            ],
            "len": [
                0.4438013539915899,
                2.834586428319279e-61
            ],
            "norm": [
                0.5192735332237894,
                5.705040898454274e-87
            ]
        }
    },
    "attention_flow": {
        "abs_average": {
            "raw": 0.3641129485813948,
            "max": 0.17119066558557278,
            "len": 0.29203632579571437,
            "norm": 0.27682213225599067
        },
        "positive_abs_average": {
            "raw": 0.35509265501335396,
            "max": 0.2313911646930735,
            "len": 0.27569139621484523,
            "norm": 0.3224865196326535
        },
        "negative_abs_average": {
            "raw": 0.37313324214943566,
            "max": 0.11099016647807207,
            "len": 0.30838125537658345,
            "norm": 0.23115774487932786
        },
        "black_abs_average": {
            "raw": 0.29236414297703994,
            "max": 0.12584649676363288,
            "len": 0.20750265197766854,
            "norm": 0.2219622843430309
        },
        "white_abs_average": {
            "raw": 0.4358617541857497,
            "max": 0.2165348344075127,
            "len": 0.37656999961376014,
            "norm": 0.33168198016895045
        },
        "black_positive": {
            "raw": [
                0.2902606809660395,
                1.1734506481779264e-13
            ],
            "max": [
                0.21089579754710436,
                9.57460750494197e-08
            ],
            "len": [
                0.1873416887824228,
                2.2748796548960936e-06
            ],
            "norm": [
                0.28718287588257874,
                2.1751678740263935e-13
            ]
        },
        "white_positive": {
            "raw": [
                -0.4199246290606684,
                1.4446396609437332e-33
            ],
            "max": [
                -0.25188653183904264,
                2.2415935360252876e-12
            ],
            "len": [
                -0.36404110364726766,
                4.822697900300919e-25
            ],
            "norm": [
                -0.35779016338272823,
                3.450114091766824e-24
            ]
        },