{
    "IntegratedGradients_L2": {
        "abs_average": {
            "raw": 0.5394454019217192,
            "max": 0.41939874670647526,
            "len": 0.37362017243657897,
            "norm": 0.5104738542082168
        },
        "positive_abs_average": {
            "raw": 0.4703924911415616,
            "max": 0.466943050834016,
            "len": 0.3394088629999297,
            "norm": 0.5077772219668171
        },
        "negative_abs_average": {
            "raw": 0.6084983127018766,
            "max": 0.3718544425789345,
            "len": 0.40783148187322815,
            "norm": 0.5131704864496166
        },
        "black_abs_average": {
            "raw": 0.559191690043311,
            "max": 0.458556414501195,
            "len": 0.323628263814249,
            "norm": 0.548855516834105
        },
        "white_abs_average": {
            "raw": 0.5196991138001272,
            "max": 0.3802410789117555,
            "len": 0.4236120810589089,
            "norm": 0.4720921915823286
        },
        "black_positive": {
            "raw": [
                0.5477278352658951,
                1.8961798527959494e-50
            ],
            "max": [
                0.5414374155851173,
                4.044379645812696e-49
            ],
            "len": [
                0.31656115717272115,
                4.3959955146083823e-16
            ],
            "norm": [
                0.5999584217822197,
                1.1723723117692845e-62
            ]
        },
        "white_positive": {
            "raw": [
                -0.39305714701722816,
                2.89751768684045e-29
            ],
            "max": [
                -0.3924486860829148,
                3.588965459485504e-29
            ],
            "len": [
                -0.36225656882713825,
                8.49535587256885e-25
            ],
            "norm": [
                -0.4155960221514144,
                7.579451774435404e-33
            ]
        },
        "black_negative": {
            "raw": [
                -0.570655544820727,
                2.3117375532007244e-119
            ],
            "max": [
                -0.3756754134172728,
                3.135997463948043e-47
            ],
            "len": [
                -0.3306953704557768,
                2.2789086534661733e-36
            ],
            "norm": [
                -0.49775261188599035,
                8.721784190094985e-87
            ]
        },
        "white_negative": {
            "raw": [
                0.6463410805830262,
                2.7444310504988336e-148
            ],
            "max": [
                0.3680334717405962,
                2.952813111233755e-41
            ],
            "len": [
                0.4849675932906795,
                1.7244752393226187e-74
            ],
            "norm": [
                0.5285883610132428,
                1.3005856813537202e-90
            ]
        }
    },
    "IntegratedGradients_mean": {
        "abs_average": {
            "raw": 0.4948737776474852,
            "max": 0.37885278324682015,
            "len": 0.36925558747622134,
            "norm": 0.442151060803943
        },
        "positive_abs_average": {
            "raw": 0.40867239035188363,
            "max": 0.42825870198533955,
            "len": 0.3057594860162873,
            "norm": 0.47108679958905914
        },
        "negative_abs_average": {
            "raw": 0.5810751649430868,
            "max": 0.32944686450830074,
            "len": 0.43275168893615534,
            "norm": 0.4132153220188268
        },
        "black_abs_average": {
            "raw": 0.5707040276339965,
            "max": 0.4442434107961738,
            "len": 0.3883741529437209,
            "norm": 0.5122581080181572
        },
        "white_abs_average": {
            "raw": 0.41904352766097386,
            "max": 0.3134621556974665,
            "len": 0.35013702200872177,
            "norm": 0.37204401358972883
        },
        "black_positive": {
            "raw": [
                0.5284079125375074,
                1.8704848766100407e-46
            ],
            "max": [
                0.5016685157300949,
                2.4657656908460465e-41
            ],
            "len": [
                0.35052826254902836,
                1.3581994893895493e-19
            ],
            "norm": [
                0.5616396438803241,
                1.7239308148212219e-53
            ]
        },
        "white_positive": {
            "raw": [
                -0.2889368681662599,
                5.772217044957497e-16
            ],
            "max": [
                -0.35484888824058425,
                8.57829794577545e-24
            ],
            "len": [
                -0.2609907094835462,
                3.3078136821557e-13
            ],
            "norm": [
                -0.3805339552977942,
                2.1689266710572464e-27
            ]
        },
        "black_negative": {
            "raw": [
                0.6130001427304858,
                2.275018828049436e-142
            ],
            "max": [
                0.38681830586225274,
                3.3589553068537593e-50
            ],
            "len": [
                0.42622004333841346,
                1.1502965209429496e-61
            ],
            "norm": [
                0.46287657215599026,
                8.607987106316976e-74
            ]
        },
        "white_negative": {
            "raw": [
                -0.5491501871556878,
                4.570435992755272e-99
            ],
            "max": [
                -0.2720754231543487,
                1.3811080233339998e-22
            ],
            "len": [
                -0.4392833345338973,
                6.247172848425798e-60
            ],
            "norm": [
                -0.36355407188166344,
                3.144023549783336e-40
            ]
        }
    }
}