{
    "InputXGradient_L2": {
        "abs_average": {
            "raw": 0.489937088207185,
            "max": 0.3555677733603322,
            "len": 0.42119520862484494,
            "norm": 0.42984244522656834
        },
        "positive_abs_average": {
            "raw": 0.4399786626585512,
            "max": 0.43640128607246453,
            "len": 0.36750451636646814,
            "norm": 0.4886418187207673
        },
        "negative_abs_average": {
            "raw": 0.5398955137558188,
            "max": 0.2747342606481998,
            "len": 0.4748859008832217,
            "norm": 0.3710430717323693
        },
        "black_abs_average": {
            "raw": 0.43670385642952747,
            "max": 0.3592315659620959,
            "len": 0.36363264456913674,
            "norm": 0.43422199893490065
        },
        "white_abs_average": {
            "raw": 0.5431703199848426,
            "max": 0.35190398075856844,
            "len": 0.4787577726805531,
            "norm": 0.42546289151823596
        },
        "black_positive": {
            "raw": [
                0.46192213497455403,
                9.591619231332194e-26
            ],
            "max": [
                0.5630364736016273,
                6.551427261706971e-40
            ],
            "len": [
                0.36543950189752405,
                5.183956879836363e-16
            ],
            "norm": [
                0.6099837126920133,
                2.5288511684221733e-48
            ]
        },
        "white_positive": {
            "raw": [
                -0.4180351903425483,
                5.0658606934210174e-26
            ],
            "max": [
                -0.30976609854330167,
                2.0765709456206484e-14
            ],
            "len": [
                -0.3695695308354122,
                2.830857470697019e-20
            ],
            "norm": [
                -0.3672999247495212,
                4.9916457946921014e-20
            ]
        },
        "black_negative": {
            "raw": [
                -0.41148557788450085,
                5.99089093042404e-64
            ],
            "max": [
                -0.15542665832256444,
                8.802635288538686e-10
            ],
            "len": [
                -0.36182578724074943,
                8.249127579613538e-49
            ],
            "norm": [
                -0.2584602851777879,
                6.565191481765328e-25
            ]
        },
        "white_negative": {
            "raw": [
                0.6683054496271367,
                3.58775398852026e-184
            ],
            "max": [
                0.39404186297383514,
                7.011203171264643e-54
            ],
            "len": [
                0.587946014525694,
                1.3665710319705205e-132
            ],
            "norm": [
                0.4836258582869507,
                5.216172918305677e-84
            ]
        }
    },
    "InputXGradient_mean": {
        "abs_average": {
            "raw": 0.3813990232374005,
            "max": 0.27381072124986605,
            "len": 0.37855631290312264,
            "norm": 0.33589887764818793
        },
        "positive_abs_average": {
            "raw": 0.3528748865595539,
            "max": 0.34980265017474654,
            "len": 0.34047512312264894,
            "norm": 0.3899368862089918
        },
        "negative_abs_average": {
            "raw": 0.40992315991524714,
            "max": 0.1978187923249855,
            "len": 0.41663750268359634,
            "norm": 0.28186086908738395
        },
        "black_abs_average": {
            "raw": 0.3943673675519138,
            "max": 0.32841433724888286,
            "len": 0.3685005420369165,
            "norm": 0.39199717298557546
        },
        "white_abs_average": {
            "raw": 0.36843067892288717,
            "max": 0.2192071052508492,
            "len": 0.38861208376932876,
            "norm": 0.27980058231080035
        },
        "black_positive": {
            "raw": [
                0.3823526515749577,
                1.6981814591777982e-17
            ],
            "max": [
                0.4395220371280125,
                3.382642359040522e-23
            ],
            "len": [
                0.34727192158457215,
                1.6389018006843817e-14
            ],
            "norm": [
                0.4930947385282539,
                1.2844957565236862e-29
            ]
        },
        "white_positive": {
            "raw": [
                -0.32339712154415007,
                1.2333900989296732e-15
            ],
            "max": [
                -0.2600832632214806,
                1.8792924207589817e-10
            ],
            "len": [
                -0.3336783246607257,
                1.3307785754136545e-16
            ],
            "norm": [
                -0.2867790338897297,
                1.7606432186807332e-12
            ]
        },
        "black_negative": {
            "raw": [
                0.40638208352887,
                2.8557353101209657e-62
            ],
            "max": [
                0.21730663736975322,
                6.622427720086801e-18
            ],
            "len": [
                0.3897291624892608,
                5.397288302048451e-57
            ],
            "norm": [
                0.29089960744289695,
                2.145547407149916e-31
            ]
        },
        "white_negative": {
            "raw": [
                -0.41346423630162427,
                1.154998234061997e-59
            ],
            "max": [
                -0.17833094728021778,
                1.3455439472308381e-11
            ],
            "len": [
                -0.44354584287793186,
                2.0845461285526478e-69
            ],
            "norm": [
                -0.272822130731871,
                1.2701362486544571e-25
            ]
        }
    }
}