{
    "Occlusion": {
        "abs_average": {
            "raw": 0.6577267220863137,
            "max": 0.4997931442676648,
            "len": 0.5636514663838009,
            "norm": 0.5462998681426317
        },
        "positive_abs_average": {
            "raw": 0.6277116669640018,
            "max": 0.5370170999323337,
            "len": 0.5226983196359108,
            "norm": 0.5527951313628124
        },
        "negative_abs_average": {
            "raw": 0.6877417772086256,
            "max": 0.4625691886029959,
            "len": 0.6046046131316911,
            "norm": 0.5398046049224507
        },
        "black_abs_average": {
            "raw": 0.8216081187996391,
            "max": 0.5736436777677512,
            "len": 0.6820576721399294,
            "norm": 0.6423068745705416
        },
        "white_abs_average": {
            "raw": 0.4938453253729883,
            "max": 0.42594261076757844,
            "len": 0.4452452606276725,
            "norm": 0.4502928617147216
        },
        "black_positive": {
            "raw": [
                0.7708654536941169,
                6.0610979180038264e-92
            ],
            "max": [
                0.6841982876487331,
                6.4182839784064036e-65
            ],
            "len": [
                0.6446414327170676,
                1.6847634320197573e-55
            ],
            "norm": [
                0.7043726251976875,
                2.5235032786481172e-70
            ]
        },
        "white_positive": {
            "raw": [
                -0.4845578802338868,
                1.341638842044249e-35
            ],
            "max": [
                -0.38983591221593433,
                1.4589419981539713e-22
            ],
            "len": [
                -0.40075520655475405,
                7.305206825227075e-24
            ],
            "norm": [
                -0.4012176375279373,
                6.419262213584023e-24
            ]
        },
        "black_negative": {
            "raw": [
                0.8723507839051614,
                0.0
            ],
            "max": [
                0.46308906788676923,
                1.2086488002272012e-82
            ],
            "len": [
                0.7194739115627913,
                1.3189059611783272e-245
            ],
            "norm": [
                0.5802411239433956,
                3.4568920933150976e-139
            ]
        },
        "white_negative": {
            "raw": [
                -0.5031327705120898,
                7.516918904370594e-92
            ],
            "max": [
                -0.4620493093192225,
                6.596306475344312e-76
            ],
            "len": [
                -0.48973531470059095,
                2.069568492291962e-86
            ],
            "norm": [
                -0.4993680859015059,
                2.6863590952771425e-90
            ]
        }
    }
}