{
    "raw_attention": {
        "abs_average": {
            "raw": 0.6169911518165481,
            "max": 0.6206640698765624,
            "len": 0.43289892121451323,
            "norm": 0.6286538786834761
        },
        "positive_abs_average": {
            "raw": 0.5392706592337768,
            "max": 0.5259948342230184,
            "len": 0.3971421363385095,
            "norm": 0.5430100025133049
        },
        "negative_abs_average": {
            "raw": 0.6947116443993193,
            "max": 0.7153333055301063,
            "len": 0.4686557060905169,
            "norm": 0.7142977548536473
        },
        "black_abs_average": {
            "raw": 0.6806371271347782,
            "max": 0.6898228431270217,
            "len": 0.4702140680479753,
            "norm": 0.6957689663227198
        },
        "white_abs_average": {
            "raw": 0.553345176498318,
            "max": 0.5515052966261031,
            "len": 0.39558377438105113,
            "norm": 0.5615387910442324
        },
        "black_positive": {
            "raw": [
                0.6556920396963519,
                5.470376644489132e-58
            ],
            "max": [
                0.6493381481292273,
                1.5189250156930847e-56
            ],
            "len": [
                0.47728014575053573,
                1.3284582377255552e-27
            ],
            "norm": [
                0.6632093467849499,
                9.647156045310105e-60
            ]
        },
        "white_positive": {
            "raw": [
                -0.4228492787712018,
                1.2035157514338498e-26
            ],
            "max": [
                -0.40265152031680956,
                4.2936264534351686e-24
            ],
            "len": [
                -0.3170041269264833,
                4.721123605870423e-15
            ],
            "norm": [
                -0.42281065824165975,
                1.2175858135184412e-26
            ]
        },
        "black_negative": {
            "raw": [
                -0.7055822145732045,
                3.570301430415542e-232
            ],
            "max": [
                -0.730307538124816,
                1.1620231828180065e-256
            ],
            "len": [
                -0.46314799034541476,
                1.1456624214532095e-82
            ],
            "norm": [
                -0.7283285858604897,
                1.3321336643506949e-254
            ]
        },
        "white_negative": {
            "raw": [
                0.6838410742254343,
                4.418384206927378e-196
            ],
            "max": [
                0.7003590729353968,
                1.3711035925830794e-209
            ],
            "len": [
                0.474163421835619,
                2.1979728455590225e-80
            ],
            "norm": [
                0.7002669238468051,
                1.640622634521015e-209
            ]
        }
    },
    "attention_rollout": {
        "abs_average": {
            "raw": 0.5859577430102265,
            "max": 0.5385471953011199,
            "len": 0.44041894748885435,
            "norm": 0.5573375165656611
        },
        "positive_abs_average": {
            "raw": 0.48793505185973307,
            "max": 0.412214542436392,
            "len": 0.36971639451886584,
            "norm": 0.4444782316622327
        },
        "negative_abs_average": {
            "raw": 0.6839804341607201,
            "max": 0.6648798481658478,
            "len": 0.511121500458843,
            "norm": 0.6701968014690896
        },
        "black_abs_average": {
            "raw": 0.6407745514914908,
            "max": 0.58617455236081,
            "len": 0.46757850817793256,
            "norm": 0.6093466989973848
        },
        "white_abs_average": {
            "raw": 0.5311409345289624,
            "max": 0.49091983824142993,
            "len": 0.41325938679977614,
            "norm": 0.5053283341339374
        },
        "black_positive": {
            "raw": [
                0.5954388148665147,
                1.439241378272118e-45
            ],
            "max": [
                0.5033436319426984,
                5.570885148507656e-31
            ],
            "len": [
                0.44098678431720806,
                2.3355475295101735e-23
            ],
            "norm": [
                0.545582268756454,
                4.114992409334403e-37
            ]
        },
        "white_positive": {
            "raw": [
                -0.38043128885295135,
                1.7607512907881713e-21
            ],
            "max": [
                -0.32108545293008567,
                2.0114033738401048e-15
            ],
            "len": [
                -0.29844600472052357,
                1.9431162745437805e-13
            ],
            "norm": [
                -0.34337419456801144,
                1.5072726801257258e-17
            ]
        },
        "black_negative": {
            "raw": [
                -0.6861102881164668,
                1.2790374853379804e-214
            ],
            "max": [
                -0.6690054727789214,
                2.6536227613997684e-200
            ],
            "len": [
                -0.4941702320386571,
                1.471015480976733e-95
            ],
            "norm": [
                -0.6731111292383156,
                1.1896220869191272e-203
            ]
        },
        "white_negative": {
            "raw": [
                0.6818505802049735,
                1.6316258345117218e-194
            ],
            "max": [
                0.6607542235527742,
                1.2199064904804393e-178
            ],
            "len": [
                0.5280727688790288,
                1.203244850068461e-102
            ],
            "norm": [
                0.6672824736998634,
                2.0593235682589867e-183
            ]
        }
    },
    "attention_flow": {
        "abs_average": {
            "raw": 0.4672597901654115,
            "max": 0.19466970033918252,
            "len": 0.35808307503585246,
            "norm": 0.3320840712632436
        },
        "positive_abs_average": {
            "raw": 0.41491599257758216,
            "max": 0.1287125240728861,
            "len": 0.3306212036737345,
            "norm": 0.24586643244616357
        },
        "negative_abs_average": {
            "raw": 0.5196035877532408,
            "max": 0.26062687660547895,
            "len": 0.3855449463979703,
            "norm": 0.4183017100803236
        },
        "black_abs_average": {
            "raw": 0.48206601877147226,
            "max": 0.13105565378934664,
            "len": 0.36314902711150343,
            "norm": 0.2930369466188759
        },
        "white_abs_average": {
            "raw": 0.45245356155935074,
            "max": 0.2582837468890184,
            "len": 0.3530171229602015,
            "norm": 0.37113119590761123
        },
        "black_positive": {
            "raw": [
                0.46914221739212986,
                1.3178357542742787e-26
            ],
            "max": [
                0.05031071217348006,
                0.28104853138519004
            ],
            "len": [
                0.36950730598758,
                2.3200628396897253e-16
            ],
            "norm": [
                0.20119865121985522,
                1.3442137389482843e-05
            ]
        },
        "white_positive": {
            "raw": [
                -0.3606897677630344,
                2.538489189313404e-19
            ],
            "max": [
                -0.20711433597229215,
                4.641230817732682e-07
            ],
            "len": [
                -0.291735101359889,
                6.989243879920365e-13
            ],
            "norm": [
                -0.2905342136724719,
                8.757430619584324e-13
            ]
        },