{
    "DeepLift_L2": {
        "abs_average": {
            "raw": 0.5018192158370086,
            "max": 0.34877007504037716,
            "len": 0.43445945511151784,
            "norm": 0.4298897385137294
        },
        "positive_abs_average": {
            "raw": 0.49015007866634297,
            "max": 0.4445215097555605,
            "len": 0.39912517602764175,
            "norm": 0.49040238589315166
        },
        "negative_abs_average": {
            "raw": 0.5134883530076743,
            "max": 0.2530186403251937,
            "len": 0.46979373419539394,
            "norm": 0.36937709113430717
        },
        "black_abs_average": {
            "raw": 0.44851590878404196,
            "max": 0.3550417281212032,
            "len": 0.37359312823251234,
            "norm": 0.4331138544137778
        },
        "white_abs_average": {
            "raw": 0.5551225228899753,
            "max": 0.34249842195955105,
            "len": 0.49532578199052335,
            "norm": 0.426665622613681
        },
        "black_positive": {
            "raw": [
                0.518787952683568,
                4.009634376493558e-33
            ],
            "max": [
                0.5817557617826444,
                4.2160859223765035e-43
            ],
            "len": [
                0.39294976701533946,
                1.7975661549980238e-18
            ],
            "norm": [
                0.6154017390542159,
                2.1861040837481346e-49
            ]
        },
        "white_positive": {
            "raw": [
                -0.46151220464911796,
                4.862402601253343e-32
            ],
            "max": [
                -0.3072872577284766,
                3.416878419044219e-14
            ],
            "len": [
                -0.4053005850399441,
                2.0318826822288415e-24
            ],
            "norm": [
                -0.3654030327320874,
                7.99134440011069e-20
            ]
        },
        "black_negative": {
            "raw": [
                -0.3782438648845159,
                1.5783402704383882e-53
            ],
            "max": [
                -0.12832769445976203,
                4.392409649900154e-07
            ],
            "len": [
                -0.3542364894496852,
                1.0139395442468393e-46
            ],
            "norm": [
                -0.25082596977333976,
                1.650742665976377e-23
            ]
        },
        "white_negative": {
            "raw": [
                0.6487328411308326,
                3.695165363051186e-170
            ],
            "max": [
                0.37770958619062545,
                2.6188608002709844e-49
            ],
            "len": [
                0.5853509789411027,
                3.673051406687468e-131
            ],
            "norm": [
                0.48792821249527457,
                1.0746895898977417e-85
            ]
        }
    },
    "DeepLift_mean": {
        "abs_average": {
            "raw": 0.26064546290779267,
            "max": 0.20629205031648956,
            "len": 0.256578911330828,
            "norm": 0.24538037170920166
        },
        "positive_abs_average": {
            "raw": 0.24153996029643726,
            "max": 0.25970532185337514,
            "len": 0.2264799568612121,
            "norm": 0.27973026629561654
        },
        "negative_abs_average": {
            "raw": 0.27975096551914813,
            "max": 0.15287877877960404,
            "len": 0.2866778658004438,
            "norm": 0.21103047712278683
        },
        "black_abs_average": {
            "raw": 0.1623475801089475,
            "max": 0.17815875115886876,
            "len": 0.15834048334886094,
            "norm": 0.2096996341462078
        },
        "white_abs_average": {
            "raw": 0.3589433457066379,
            "max": 0.2344253494741104,
            "len": 0.354817339312795,
            "norm": 0.2810611092721955
        },
        "black_positive": {
            "raw": [
                -0.23578758497495825,
                3.035776338351505e-07
            ],
            "max": [
                -0.32168407772467883,
                1.472314020339402e-12
            ],
            "len": [
                0.21426003189394977,
                3.4524684626155187e-06
            ],
            "norm": [
                -0.3526921580044058,
                5.985677214666666e-15
            ]
        },
        "white_positive": {
            "raw": [
                -0.24729233561791625,
                1.4739195165731497e-09
            ],
            "max": [
                -0.1977265659820714,
                1.529246936933038e-06
            ],
            "len": [
                -0.23869988182847446,
                5.520605435449219e-09
            ],
            "norm": [
                -0.20676837458682729,
                4.854565899799103e-07
            ]
        },
        "black_negative": {
            "raw": [
                -0.08890757524293676,
                0.0004795346099183048
            ],
            "max": [
                -0.03463342459305867,
                0.1744713593890011
            ],
            "len": [
                -0.10242093480377211,
                5.6900954251241475e-05
            ],
            "norm": [
                -0.06670711028800982,
                0.00885205170365254
            ]
        },
        "white_negative": {
            "raw": [
                -0.4705943557953595,
                4.7850887961299956e-79
            ],
            "max": [
                -0.2711241329661494,
                2.5893595007280495e-25
            ],
            "len": [
                -0.47093479679711553,
                3.572384899892983e-79
            ],
            "norm": [
                -0.3553538439575638,
                1.846851381749797e-43
            ]
        }
    }
}