{
    "Saliency_L2": {
        "abs_average": {
            "raw": 0.4956822824370246,
            "max": 0.37165012526154506,
            "len": 0.42313476668432093,
            "norm": 0.4392131248557636
        },
        "positive_abs_average": {
            "raw": 0.44363877169913185,
            "max": 0.45538584927870085,
            "len": 0.36849817865771356,
            "norm": 0.4975072229569417
        },
        "negative_abs_average": {
            "raw": 0.5477257931749174,
            "max": 0.2879144012443893,
            "len": 0.47777135471092824,
            "norm": 0.38091902675458544
        },
        "black_abs_average": {
            "raw": 0.4427530690534412,
            "max": 0.3743659424991006,
            "len": 0.36294955747931673,
            "norm": 0.4419595649322684
        },
        "white_abs_average": {
            "raw": 0.5486114958206081,
            "max": 0.3689343080239895,
            "len": 0.48331997588932507,
            "norm": 0.43646668477925876
        },
        "black_positive": {
            "raw": [
                0.47006346284357514,
                1.019501894770216e-26
            ],
            "max": [
                0.5883568513118654,
                2.8152947014536785e-44
            ],
            "len": [
                0.36789412559162216,
                3.1956623693007356e-16
            ],
            "norm": [
                0.623744009684886,
                4.587222372676838e-51
            ]
        },
        "white_positive": {
            "raw": [
                -0.41721408055468856,
                6.458266422824499e-26
            ],
            "max": [
                -0.32241484724553626,
                1.5190655468652453e-15
            ],
            "len": [
                -0.36910223172380496,
                3.182696380419487e-20
            ],
            "norm": [
                -0.3712704362289975,
                1.8451364470303585e-20
            ]
        },
        "black_negative": {
            "raw": [
                -0.41544267526330725,
                2.857799456045835e-65
            ],
            "max": [
                -0.16037503368633582,
                2.493065667198825e-10
            ],
            "len": [
                -0.3580049893670113,
                9.451903270633162e-48
            ],
            "norm": [
                -0.2601751201796509,
                3.134694278481991e-25
            ]
        },
        "white_negative": {
            "raw": [
                0.6800089110865276,
                4.484213631395112e-193
            ],
            "max": [
                0.4154537688024428,
                2.8070957827827237e-60
            ],
            "len": [
                0.5975377200548452,
                5.473185407672566e-138
            ],
            "norm": [
                0.5016629333295199,
                3.0530621629385124e-91
            ]
        }
    },
    "Saliency_mean": {
        "abs_average": {
            "raw": 0.31789327184527333,
            "max": 0.2213571264628331,
            "len": 0.28823118712104834,
            "norm": 0.24281242075951126
        },
        "positive_abs_average": {
            "raw": 0.2790886025953105,
            "max": 0.29002557431751713,
            "len": 0.26855737968385773,
            "norm": 0.30100387862153394
        },
        "negative_abs_average": {
            "raw": 0.3566979410952361,
            "max": 0.15268867860814905,
            "len": 0.30790499455823894,
            "norm": 0.1846209628974886
        },
        "black_abs_average": {
            "raw": 0.22622185462293729,
            "max": 0.19860803738434674,
            "len": 0.2086002852013622,
            "norm": 0.21321597061436365
        },
        "white_abs_average": {
            "raw": 0.40956468906760934,
            "max": 0.24410621554131945,
            "len": 0.3678620890407344,
            "norm": 0.2724088709046589
        },
        "black_positive": {
            "raw": [
                -0.2408173507195362,
                1.6610558834113143e-07
            ],
            "max": [
                -0.34997219960067677,
                9.946781618853694e-15
            ],
            "len": [
                -0.23417003474501513,
                3.674977143103437e-07
            ],
            "norm": [
                -0.36188368966514467,
                1.037134144770395e-15
            ]
        },
        "white_positive": {
            "raw": [
                0.3173598544710848,
                4.38504195313808e-15
            ],
            "max": [
                0.23007894903435747,
                1.9754611102589344e-08
            ],
            "len": [
                -0.3029447246227003,
                8.083717548958087e-14
            ],
            "norm": [
                0.24012406757792318,
                4.4507296115073846e-09
            ]
        },
        "black_negative": {
            "raw": [
                -0.21162635852633838,
                4.837382414761971e-17
            ],
            "max": [
                -0.047243875168016695,
                0.06389522572504228
            ],
            "len": [
                -0.18303053565770927,
                4.632169040639631e-13
            ],
            "norm": [
                -0.06454825156358261,
                0.01131497337007999
            ]
        },
        "white_negative": {
            "raw": [
                -0.5017695236641339,
                2.758632748921263e-91
            ],
            "max": [
                0.2581334820482814,
                5.098728476007984e-23
            ],
            "len": [
                -0.43277945345876856,
                8.319664988417648e-66
            ],
            "norm": [
                0.3046936742313946,
                7.591356525420323e-32
            ]
        }
    }
}