{
    "ShapleyValue": {
        "abs_average": {
            "raw": 0.18887923015765518,
            "max": 0.2329601281576761,
            "len": 0.25440935988553953,
            "norm": 0.32420938318439213
        },
        "positive_abs_average": {
            "raw": 0.0767210093778252,
            "max": 0.20581467419483784,
            "len": 0.16299522254619697,
            "norm": 0.28935886991753274
        },
        "negative_abs_average": {
            "raw": 0.3010374509374852,
            "max": 0.2601055821205144,
            "len": 0.3458234972248821,
            "norm": 0.3590598964512516
        },
        "black_abs_average": {
            "raw": 0.22577135963920092,
            "max": 0.29474173950623483,
            "len": 0.25980043399802816,
            "norm": 0.3643066178638933
        },
        "white_abs_average": {
            "raw": 0.15198710067610946,
            "max": 0.1711785168091174,
            "len": 0.2490182857730509,
            "norm": 0.28411214850489097
        },
        "black_positive": {
            "raw": [
                0.13784165649584315,
                0.003019754831205732
            ],
            "max": [
                0.320106022198049,
                1.9168406360722953e-12
            ],
            "len": [
                0.19528787822434943,
                2.4177164153440572e-05
            ],
            "norm": [
                0.3934416969189946,
                1.6163938481095238e-18
            ]
        },
        "white_positive": {
            "raw": [
                -0.01560036225980724,
                0.7072385131181074
            ],
            "max": [
                -0.09152332619162666,
                0.027254085241211052
            ],
            "len": [
                -0.13070256686804452,
                0.0015779977866865655
            ],
            "norm": [
                -0.18527604291607083,
                6.8233676645895775e-06
            ]
        },
        "black_negative": {
            "raw": [
                0.3137010627825587,
                1.71616643617107e-36
            ],
            "max": [
                0.2693774568144206,
                5.398520274593106e-27
            ],
            "len": [
                0.32431298977170686,
                5.063794826348928e-39
            ],
            "norm": [
                0.335171538808792,
                1.0200674467649078e-41
            ]
        },
        "white_negative": {
            "raw": [
                -0.28837383909241165,
                1.4691796753371629e-28
            ],
            "max": [
                -0.2508337074266081,
                8.733412817287363e-22
            ],
            "len": [
                -0.3673340046780573,
                1.5491611341585009e-46
            ],
            "norm": [
                -0.38294825409371114,
                9.54351969375663e-51
            ]
        }
    }
}