{
    "IntegratedGradients_L2": {
        "abs_average": {
            "raw": 0.5660248016105802,
            "max": 0.49935057732734767,
            "len": 0.423934974009771,
            "norm": 0.5388995246110232
        },
        "positive_abs_average": {
            "raw": 0.4277037368837365,
            "max": 0.5096879708099143,
            "len": 0.35784534880838276,
            "norm": 0.5407404486240147
        },
        "negative_abs_average": {
            "raw": 0.704345866337424,
            "max": 0.489013183844781,
            "len": 0.49002459921115926,
            "norm": 0.5370586005980316
        },
        "black_abs_average": {
            "raw": 0.598621357527264,
            "max": 0.47931022382941835,
            "len": 0.4367549167548976,
            "norm": 0.5502678156018141
        },
        "white_abs_average": {
            "raw": 0.5334282456938965,
            "max": 0.519390930825277,
            "len": 0.41111503126464444,
            "norm": 0.5275312336202322
        },
        "black_positive": {
            "raw": [
                0.5239028098238483,
                7.394837566012019e-34
            ],
            "max": [
                0.5618941651648072,
                1.0105459480007317e-39
            ],
            "len": [
                0.41282858518879756,
                2.126356897198649e-20
            ],
            "norm": [
                0.6318956237602236,
                9.37533129422065e-53
            ]
        },
        "white_positive": {
            "raw": [
                -0.33150466394362466,
                2.1459173896792498e-16
            ],
            "max": [
                -0.4574817764550216,
                1.914056086229892e-31
            ],
            "len": [
                -0.30286211242796796,
                8.216094246529185e-14
            ],
            "norm": [
                -0.4495852734878058,
                2.6615538082274533e-30
            ]
        },
        "black_negative": {
            "raw": [
                -0.6733399052306797,
                7.713155616435008e-204
            ],
            "max": [
                -0.3967262824940296,
                3.5637086358805964e-59
            ],
            "len": [
                -0.4606812483209976,
                1.0671849572257074e-81
            ],
            "norm": [
                -0.4686400074434046,
                7.455540456823886e-85
            ]
        },
        "white_negative": {
            "raw": [
                0.7353518274441683,
                1.5686794000856e-241
            ],
            "max": [
                0.5813000851955323,
                5.897764949790301e-129
            ],
            "len": [
                0.5193679501013209,
                8.929328743138266e-99
            ],
            "norm": [
                0.6054771937526586,
                1.3504995275684774e-142
            ]
        }
    },
    "IntegratedGradients_mean": {
        "abs_average": {
            "raw": 0.5105844111275382,
            "max": 0.48919520044728665,
            "len": 0.41056396105346094,
            "norm": 0.5239401885480873
        },
        "positive_abs_average": {
            "raw": 0.3899296775158376,
            "max": 0.45299481839343025,
            "len": 0.3464236982208961,
            "norm": 0.5119671189149428
        },
        "negative_abs_average": {
            "raw": 0.6312391447392389,
            "max": 0.525395582501143,
            "len": 0.47470422388602573,
            "norm": 0.5359132581812318
        },
        "black_abs_average": {
            "raw": 0.6060879938865331,
            "max": 0.521519581203296,
            "len": 0.49475362027172876,
            "norm": 0.5627971588053603
        },
        "white_abs_average": {
            "raw": 0.4150808283685433,
            "max": 0.4568708196912773,
            "len": 0.32637430183519306,
            "norm": 0.48508321829081436
        },
        "black_positive": {
            "raw": [
                0.5085140848113321,
                1.098262169180193e-31
            ],
            "max": [
                0.5133769203603832,
                2.324626855350638e-32
            ],
            "len": [
                0.44144588249004024,
                2.0787717784288388e-23
            ],
            "norm": [
                0.580694298813607,
                6.477662769563945e-43
            ]
        },
        "white_positive": {
            "raw": [
                -0.2713452702203431,
                2.788198524329933e-11
            ],
            "max": [
                -0.39261271642647727,
                6.885360785090787e-23
            ],
            "len": [
                -0.2514015139517519,
                7.699584149909486e-10
            ],
            "norm": [
                -0.4432399390162786,
                2.100473412794295e-29
            ]
        },
        "black_negative": {
            "raw": [
                0.7036619029617343,
                2.2269861435458297e-230
            ],
            "max": [
                0.5296622420462088,
                4.925564728126497e-112
            ],
            "len": [
                0.5480613580534173,
                2.2378693114005368e-121
            ],
            "norm": [
                0.5449000187971136,
                9.921564051177644e-120
            ]
        },
        "white_negative": {
            "raw": [
                -0.5588163865167436,
                2.9358953077491736e-117
            ],
            "max": [
                -0.5211289229560773,
                1.502754185580939e-99
            ],
            "len": [
                -0.4013470897186342,
                5.194781030223681e-56
            ],
            "norm": [
                -0.52692649756535,
                3.94903538614877e-102
            ]
        }
    }
}