{
    "DeepLift_L2": {
        "abs_average": {
            "raw": 0.49408486843311117,
            "max": 0.10363296017250277,
            "len": 0.3878831440904032,
            "norm": 0.13267810583862844
        },
        "positive_abs_average": {
            "raw": 0.5545546889520998,
            "max": 0.17065793249264352,
            "len": 0.4451518006191656,
            "norm": 0.2291188522104583
        },
        "negative_abs_average": {
            "raw": 0.43361504791412253,
            "max": 0.03660798785236203,
            "len": 0.3306144875616408,
            "norm": 0.0362373594667986
        },
        "female_abs_average": {
            "raw": 0.5108535312106544,
            "max": 0.16078247541411966,
            "len": 0.4028019768344559,
            "norm": 0.17909127806968606
        },
        "male_abs_average": {
            "raw": 0.477316205655568,
            "max": 0.04648344493088588,
            "len": 0.3729643113463505,
            "norm": 0.08626493360757083
        },
        "female_positive": {
            "raw": [
                0.6776572962432094,
                1.9072602713561172e-60
            ],
            "max": [
                0.26684025697602143,
                1.3099214232448761e-08
            ],
            "len": [
                0.5750890485712589,
                4.2297037124140165e-40
            ],
            "norm": [
                0.3512890592632231,
                3.1741495967251804e-14
            ]
        },
        "male_positive": {
            "raw": [
                -0.4314520816609902,
                2.73136162323712e-20
            ],
            "max": [
                -0.0744756080092656,
                0.1293812425141907
            ],
            "len": [
                -0.3152145526670723,
                4.760547460168932e-11
            ],
            "norm": [
                -0.10694864515769345,
                0.02918133087527673
            ]
        },
        "female_negative": {
            "raw": [
                -0.3440497661780993,
                1.3960393665644315e-44
            ],
            "max": [
                0.0547246938522179,
                0.03066913599256287
            ],
            "len": [
                -0.2305149050976529,
                2.922163100799653e-20
            ],
            "norm": [
                -0.0068934968761489865,
                0.7855787327783521
            ]
        },
        "male_negative": {
            "raw": [
                0.5231803296501458,
                5.215927308848515e-112
            ],
            "max": [
                -0.018491281852506158,
                0.462080319789602
            ],
            "len": [
                0.43071407002562867,
                1.4982098321803191e-72
            ],
            "norm": [
                0.06558122205744821,
                0.00903174665799652
            ]
        }
    },
    "DeepLift_mean": {
        "abs_average": {
            "raw": 0.3669025538155504,
            "max": 0.0685301486903897,
            "len": 0.3027802201343551,
            "norm": 0.08748342288516307
        },
        "positive_abs_average": {
            "raw": 0.4155979754289567,
            "max": 0.11917513884129982,
            "len": 0.3640927359208802,
            "norm": 0.14731907757760135
        },
        "negative_abs_average": {
            "raw": 0.31820713220214414,
            "max": 0.01788515853947959,
            "len": 0.24146770434783,
            "norm": 0.0276477681927248
        },
        "female_abs_average": {
            "raw": 0.395881675956793,
            "max": 0.10828981104448551,
            "len": 0.31266109520652324,
            "norm": 0.13312554715850627
        },
        "male_abs_average": {
            "raw": 0.33792343167430783,
            "max": 0.028770486336293893,
            "len": 0.29289934506218696,
            "norm": 0.04184129861181988
        },
        "female_positive": {
            "raw": [
                -0.5165462050548196,
                2.2197315520888305e-31
            ],
            "max": [
                -0.2046144827573779,
                1.5206858643463446e-05
            ],
            "len": [
                -0.4689381429286647,
                1.936212332077347e-25
            ],
            "norm": [
                -0.23894148072652346,
                3.9476427653369267e-07
            ]
        },
        "male_positive": {
            "raw": [
                0.3146497458030938,
                5.174930761901268e-11
            ],
            "max": [
                0.03373579492522173,
                0.49258520299775993
            ],
            "len": [
                0.25924732891309565,
                8.153769161880299e-08
            ],
            "norm": [
                0.05569667442867922,
                0.25702299793975714
            ]
        },
        "female_negative": {
            "raw": [
                -0.2752171468587664,
                1.6390344767268232e-28
            ],
            "max": [
                0.011965139331593128,
                0.6367674624176357
            ],
            "len": [
                -0.15638404748438176,
                5.29953726167813e-10
            ],
            "norm": [
                -0.027309613590489067,
                0.28104279671132487
            ]
        },
        "male_negative": {
            "raw": [
                0.36119711754552186,
                5.241247519564098e-50
            ],
            "max": [
                -0.023805177747366058,
                0.3437303314735321
            ],
            "len": [
                0.32655136121127826,
                1.121067001284815e-40
            ],
            "norm": [
                -0.027985922794960535,
                0.2656378287805359
            ]
        }
    }
}