{
    "raw_attention": {
        "abs_average": {
            "raw": 0.16278274876726234,
            "max": 0.154203549637411,
            "len": 0.12719574172222886,
            "norm": 0.15439321019002572
        },
        "positive_abs_average": {
            "raw": 0.24217692982126518,
            "max": 0.2111850253117526,
            "len": 0.19455279667337882,
            "norm": 0.21881831263896218
        },
        "negative_abs_average": {
            "raw": 0.08338856771325949,
            "max": 0.09722207396306938,
            "len": 0.05983868677107886,
            "norm": 0.08996810774108926
        },
        "female_abs_average": {
            "raw": 0.2406621247114827,
            "max": 0.23384512429401966,
            "len": 0.17506111810480057,
            "norm": 0.23429214507862361
        },
        "male_abs_average": {
            "raw": 0.08490337282304196,
            "max": 0.07456197498080233,
            "len": 0.07933036533965712,
            "norm": 0.07449427530142781
        },
        "female_positive": {
            "raw": [
                0.4222628966122191,
                1.8726521577008074e-20
            ],
            "max": [
                0.38681467701817773,
                3.7380212233175677e-17
            ],
            "len": [
                0.32860005030235273,
                1.5443039545112084e-12
            ],
            "norm": [
                0.3938277306835719,
                8.928110357588723e-18
            ]
        },
        "male_positive": {
            "raw": [
                -0.062090963030311266,
                0.20629419307778385
            ],
            "max": [
                -0.035555373605327484,
                0.4695344101611831
            ],
            "len": [
                -0.06050554304440493,
                0.21813927659543023
            ],
            "norm": [
                -0.04380889459435246,
                0.37278488083861444
            ]
        },
        "female_negative": {
            "raw": [
                -0.05906135281074632,
                0.01965322259311835
            ],
            "max": [
                -0.08087557156986157,
                0.001388616967008356
            ],
            "len": [
                -0.021522185907248415,
                0.3956169056018203
            ],
            "norm": [
                -0.07475655947367535,
                0.003132619975296275
            ]
        },
        "male_negative": {
            "raw": [
                0.10771578261577265,
                1.737864471953883e-05
            ],
            "max": [
                0.11356857635627719,
                5.868556865867306e-06
            ],
            "len": [
                0.09815518763490931,
                9.119620264438815e-05
            ],
            "norm": [
                0.10517965600850317,
                2.735566849309915e-05
            ]
        }
    },
    "attention_rollout": {
        "abs_average": {
            "raw": 0.13504108676984022,
            "max": 0.03252977143382503,
            "len": 0.11127505166985993,
            "norm": 0.06060635826299298
        },
        "positive_abs_average": {
            "raw": 0.1928078651356723,
            "max": 0.05664926284369911,
            "len": 0.15057532631483372,
            "norm": 0.1034419887581137
        },
        "negative_abs_average": {
            "raw": 0.07727430840400817,
            "max": 0.00841028002395095,
            "len": 0.07197477702488614,
            "norm": 0.017770727767872273
        },
        "female_abs_average": {
            "raw": 0.19964492614337914,
            "max": 0.05966478860807493,
            "len": 0.15470696482940788,
            "norm": 0.10746314972684606
        },
        "male_abs_average": {
            "raw": 0.07043724739630133,
            "max": 0.005394754259575134,
            "len": 0.06784313851031198,
            "norm": 0.013749566799139894
        },
        "female_positive": {
            "raw": [
                0.34232110929461135,
                1.5310135834866202e-13
            ],
            "max": [
                0.11285020855737606,
                0.017884483019737826
            ],
            "len": [
                0.27571317571759624,
                4.069722380267505e-09
            ],
            "norm": [
                0.20259150544809704,
                1.8522946066066684e-05
            ]
        },
        "male_positive": {
            "raw": [
                -0.04329462097673327,
                0.378427984761008
            ],
            "max": [
                -0.00044831713002216333,
                0.9927262676422208
            ],
            "len": [
                -0.025437476912071214,
                0.6049137005205221
            ],
            "norm": [
                -0.00429247206813034,
                0.9304437342028945
            ]
        },
        "female_negative": {
            "raw": [
                -0.05696874299214694,
                0.024442032096776638
            ],
            "max": [
                0.006479368658773796,
                0.7981731470332029
            ],
            "len": [
                -0.03370075394121953,
                0.1833917642895132
            ],
            "norm": [
                -0.012334794005595099,
                0.6263906235003398
            ]
        },
        "male_negative": {
            "raw": [
                0.09757987381586941,
                0.00010030618009012102
            ],
            "max": [
                -0.010341191389128104,
                0.6808816705688487
            ],
            "len": [
                0.11024880010855276,
                1.0935623202214324e-05
            ],
            "norm": [
                0.02320666153014945,
                0.35600270359751496
            ]
        }
    },
    "attention_flow": {
        "abs_average": {
            "raw": 0.15024790006959038,
            "max": 0.05433400618567995,
            "len": 0.11416706671438218,
            "norm": 0.06508734457662457
        },
        "positive_abs_average": {
            "raw": 0.21517210861699887,
            "max": 0.06803900683139383,
            "len": 0.16498531281817275,
            "norm": 0.1194827006957507
        },
        "negative_abs_average": {
            "raw": 0.08532369152218189,
            "max": 0.04062900553996607,
            "len": 0.0633488206105916,
            "norm": 0.010691988457498459
        },
        "female_abs_average": {
            "raw": 0.20666620339324554,
            "max": 0.02716718457460695,
            "len": 0.15717127476286158,
            "norm": 0.05217082959465321
        },
        "male_abs_average": {
            "raw": 0.09382959674593523,
            "max": 0.08150082779675294,
            "len": 0.07116285866590277,
            "norm": 0.07800385955859594
        },
        "female_positive": {
            "raw": [
                0.3478205249777477,
                5.868465088694241e-14
            ],
            "max": [
                0.027132726827218047,
                0.570288679897637
            ],
            "len": [
                0.29230569837531845,
                4.0768668730621644e-10
            ],
            "norm": [
                0.10403621981963866,
                0.029109644831826514
            ]
        },
        "male_positive": {
            "raw": [
                -0.08252369225625006,
                0.092770047246557
            ],
            "max": [
                -0.10894528683556962,
                0.026284115979434388
            ],
            "len": [
                -0.03766492726102705,
                0.44357089951936557
            ],
            "norm": [
                -0.13492918157186273,
                0.005844850959842513
            ]
        },