{
    "IntegratedGradients_L2": {
        "abs_average": {
            "raw": 0.37574039695066686,
            "max": 0.12433368054002047,
            "len": 0.2669360055982858,
            "norm": 0.16042486077754328
        },
        "positive_abs_average": {
            "raw": 0.36468593406693073,
            "max": 0.2405704077767925,
            "len": 0.29314647420853346,
            "norm": 0.2627213086495441
        },
        "negative_abs_average": {
            "raw": 0.386794859834403,
            "max": 0.008096953303248462,
            "len": 0.24072553698803806,
            "norm": 0.05812841290554245
        },
        "female_abs_average": {
            "raw": 0.4252886766508828,
            "max": 0.18023877633853927,
            "len": 0.30468610268631147,
            "norm": 0.20903148534870003
        },
        "male_abs_average": {
            "raw": 0.32619211725045094,
            "max": 0.06842858474150168,
            "len": 0.22918590851026008,
            "norm": 0.11181823620638653
        },
        "female_positive": {
            "raw": [
                0.5132526115756245,
                6.137691157085411e-31
            ],
            "max": [
                0.3447984271827818,
                9.963075335610641e-14
            ],
            "len": [
                0.44342518295387934,
                1.2799585794889646e-22
            ],
            "norm": [
                0.38079575178192687,
                1.2433786393381525e-16
            ]
        },
        "male_positive": {
            "raw": [
                -0.216119256558237,
                8.69200667980551e-06
            ],
            "max": [
                -0.13634238837080317,
                0.005344505789838291
            ],
            "len": [
                -0.14286776546318763,
                0.0034984288022539512
            ],
            "norm": [
                -0.14464686551716135,
                0.0031073187065041373
            ]
        },
        "female_negative": {
            "raw": [
                -0.33732474172614113,
                8.076342187684456e-43
            ],
            "max": [
                0.01567912549429675,
                0.5360366078122767
            ],
            "len": [
                -0.16594702241874357,
                4.2553032477501424e-11
            ],
            "norm": [
                -0.03726721891547318,
                0.14121854238024684
            ]
        },
        "male_negative": {
            "raw": [
                0.43626497794266483,
                1.3622049326327648e-74
            ],
            "max": [
                -0.0005147811122001716,
                0.9836669621426638
            ],
            "len": [
                0.3155040515573325,
                6.04097887279498e-38
            ],
            "norm": [
                0.07898960689561173,
                0.0016541722915810351
            ]
        }
    },
    "IntegratedGradients_mean": {
        "abs_average": {
            "raw": 0.24382478336460156,
            "max": 0.1553078018248839,
            "len": 0.1949165354438795,
            "norm": 0.16205649673156816
        },
        "positive_abs_average": {
            "raw": 0.24299341104281497,
            "max": 0.2732501114370405,
            "len": 0.22772582447409803,
            "norm": 0.27527351242650777
        },
        "negative_abs_average": {
            "raw": 0.24465615568638815,
            "max": 0.03736549221272729,
            "len": 0.16210724641366092,
            "norm": 0.04883948103662858
        },
        "female_abs_average": {
            "raw": 0.29977240546275935,
            "max": 0.1931206078146886,
            "len": 0.23817484590564417,
            "norm": 0.20361276550171217
        },
        "male_abs_average": {
            "raw": 0.18787716126644377,
            "max": 0.11749499583507919,
            "len": 0.1516582249821148,
            "norm": 0.12050022796142414
        },
        "female_positive": {
            "raw": [
                0.3507306060280159,
                3.506081514583081e-14
            ],
            "max": [
                0.33516216570915736,
                5.186990275779776e-13
            ],
            "len": [
                0.3607703419607546,
                5.689889692836763e-15
            ],
            "norm": [
                0.3459658693729863,
                8.12622393601928e-14
            ]
        },
        "male_positive": {
            "raw": [
                -0.13525621605761398,
                0.005725462882554587
            ],
            "max": [
                -0.21133805716492365,
                1.3820728868827896e-05
            ],
            "len": [
                -0.09468130698744147,
                0.05364978822536014
            ],
            "norm": [
                -0.2045811554800292,
                2.614853114982926e-05
            ]
        },
        "female_negative": {
            "raw": [
                0.24881420489750275,
                1.9257464164554532e-23
            ],
            "max": [
                0.05107904992021984,
                0.04367876957735364
            ],
            "len": [
                0.11557934985053375,
                4.723574702458829e-06
            ],
            "norm": [
                0.06125966163043808,
                0.015524936910824209
            ]
        },
        "male_negative": {
            "raw": [
                0.2404981064752736,
                2.816101157814271e-22
            ],
            "max": [
                0.023651934505234735,
                0.3468465301728244
            ],
            "len": [
                0.2086351429767881,
                4.8818726609038694e-17
            ],
            "norm": [
                0.03641930044281908,
                0.14739170428567133
            ]
        }
    }
}