{
    "Occlusion": {
        "abs_average": {
            "raw": 0.5661912545018142,
            "max": 0.3234646302150803,
            "len": 0.43745014661250314,
            "norm": 0.2584855790007714
        },
        "positive_abs_average": {
            "raw": 0.5129243381894314,
            "max": 0.52904409557439,
            "len": 0.48374170780348363,
            "norm": 0.4504991133387447
        },
        "negative_abs_average": {
            "raw": 0.619458170814197,
            "max": 0.11788516485577055,
            "len": 0.3911585854215227,
            "norm": 0.06647204466279816
        },
        "female_abs_average": {
            "raw": 0.6666343680824458,
            "max": 0.38562749906093097,
            "len": 0.49272026104855615,
            "norm": 0.315902222058689
        },
        "male_abs_average": {
            "raw": 0.4657481409211825,
            "max": 0.2613017613692296,
            "len": 0.3821800321764502,
            "norm": 0.20106893594285385
        },
        "female_positive": {
            "raw": [
                0.689523164156476,
                2.3772155125003707e-63
            ],
            "max": [
                0.6716257718730436,
                5.068900437595977e-59
            ],
            "len": [
                0.6679752901472541,
                3.5548570523577614e-58
            ],
            "norm": [
                0.6016662251969814,
                1.1357183873108342e-44
            ]
        },
        "male_positive": {
            "raw": [
                -0.3363255122223868,
                1.8498348073369898e-12
            ],
            "max": [
                -0.3864624192757364,
                2.8735159743721657e-16
            ],
            "len": [
                -0.29950812545971317,
                4.544088722435215e-10
            ],
            "norm": [
                -0.2993320014805079,
                4.656991028517087e-10
            ]
        },
        "female_negative": {
            "raw": [
                0.6437455720084158,
                2.8371430315367197e-183
            ],
            "max": [
                -0.09962922624881829,
                8.090775255747092e-05
            ],
            "len": [
                0.31746523194985826,
                7.268619432373272e-38
            ],
            "norm": [
                -0.03013821892039655,
                0.23417205681866884
            ]
        },
        "male_negative": {
            "raw": [
                0.5951707696199782,
                1.993670525736693e-152
            ],
            "max": [
                0.13614110346272282,
                5.345636707265656e-08
            ],
            "len": [
                0.4648519388931872,
                9.993199468399278e-86
            ],
            "norm": [
                0.10280587040519976,
                4.1447786889940724e-05
            ]
        }
    }
}