{
    "InputXGradient_L2": {
        "abs_average": {
            "raw": 0.47151604769357575,
            "max": 0.1057463106841821,
            "len": 0.371336365234063,
            "norm": 0.12631583850029715
        },
        "positive_abs_average": {
            "raw": 0.5632366233959846,
            "max": 0.1803676592080991,
            "len": 0.4515844012842828,
            "norm": 0.22257157269466216
        },
        "negative_abs_average": {
            "raw": 0.3797954719911669,
            "max": 0.03112496216026509,
            "len": 0.29108832918384314,
            "norm": 0.030060104305932124
        },
        "female_abs_average": {
            "raw": 0.48841699281208983,
            "max": 0.16655524485619977,
            "len": 0.39268134762275125,
            "norm": 0.17506414205551613
        },
        "male_abs_average": {
            "raw": 0.45461510257506166,
            "max": 0.04493737651216442,
            "len": 0.3499913828453747,
            "norm": 0.07756753494507818
        },
        "female_positive": {
            "raw": [
                0.6880981686501707,
                5.398032168844507e-63
            ],
            "max": [
                0.28233247196808714,
                1.6550203546284885e-09
            ],
            "len": [
                0.5885252380697858,
                2.3346419421875973e-42
            ],
            "norm": [
                0.34886329401735094,
                4.8823797917205493e-14
            ]
        },
        "male_positive": {
            "raw": [
                -0.43837507814179844,
                5.780723921992908e-21
            ],
            "max": [
                -0.07840284644811107,
                0.11031974457020333
            ],
            "len": [
                -0.3146435644987797,
                5.179654818290249e-11
            ],
            "norm": [
                -0.09627985137197338,
                0.04971784547788521
            ]
        },
        "female_negative": {
            "raw": [
                -0.288735816974009,
                2.4652228277795757e-31
            ],
            "max": [
                0.0507780177443124,
                0.04493557724294719
            ],
            "len": [
                -0.19683745717571663,
                4.3262430473208305e-15
            ],
            "norm": [
                -0.0012649900936812816,
                0.9601836881814485
            ]
        },
        "male_negative": {
            "raw": [
                0.4708551270083249,
                3.339767051419733e-88
            ],
            "max": [
                -0.011471906576217777,
                0.6482240950540632
            ],
            "len": [
                0.3853392011919697,
                3.1365606562740607e-57
            ],
            "norm": [
                0.05885521851818297,
                0.019150426678306378
            ]
        }
    },
    "InputXGradient_mean": {
        "abs_average": {
            "raw": 0.41083514095003404,
            "max": 0.10376387670223196,
            "len": 0.3490952855381234,
            "norm": 0.13463652750402805
        },
        "positive_abs_average": {
            "raw": 0.5231797911348988,
            "max": 0.17850594501550543,
            "len": 0.4770998726926069,
            "norm": 0.22124137577522934
        },
        "negative_abs_average": {
            "raw": 0.29849049076516937,
            "max": 0.02902180838895849,
            "len": 0.22109069838363993,
            "norm": 0.04803167923282678
        },
        "female_abs_average": {
            "raw": 0.4463698020146987,
            "max": 0.13321076354133327,
            "len": 0.3860363362561547,
            "norm": 0.17626247556877925
        },
        "male_abs_average": {
            "raw": 0.37530047988536935,
            "max": 0.07431698986313065,
            "len": 0.31215423482009214,
            "norm": 0.09301057943927687
        },
        "female_positive": {
            "raw": [
                0.6784163941089,
                1.2551920655095443e-60
            ],
            "max": [
                0.25517724623818466,
                5.714022289103989e-08
            ],
            "len": [
                0.6204273018555541,
                3.640580844376857e-48
            ],
            "norm": [
                0.33563578094492436,
                4.789369943192959e-13
            ]
        },
        "male_positive": {
            "raw": [
                -0.36794318816089744,
                8.781554422659505e-15
            ],
            "max": [
                -0.1018346437928262,
                0.03787751610431547
            ],
            "len": [
                -0.33377244352965973,
                2.7769040281015144e-12
            ],
            "norm": [
                -0.10684697060553436,
                0.029335920084043565
            ]
        },
        "female_negative": {
            "raw": [
                0.21432320992049744,
                1.1490764744153815e-17
            ],
            "max": [
                -0.011244280844481891,
                0.6572077626718429
            ],
            "len": [
                0.15164537065675535,
                1.7489727015947706e-09
            ],
            "norm": [
                0.016889170192634147,
                0.5050394206241345
            ]
        },
        "male_negative": {
            "raw": [
                -0.38265777160984127,
                2.1342982477316317e-56
            ],
            "max": [
                -0.04679933593343509,
                0.06258336159268163
            ],
            "len": [
                -0.29053602611052454,
                3.4771466791768524e-32
            ],
            "norm": [
                -0.0791741882730194,
                0.0016129387460624138
            ]
        }
    }
}