{
    "ShapleyValue": {
        "abs_average": {
            "raw": 0.12881237552629277,
            "max": 0.03859900601079988,
            "len": 0.11481381621394686,
            "norm": 0.10345698354345206
        },
        "positive_abs_average": {
            "raw": 0.021478959779846374,
            "max": 0.04394278580937733,
            "len": 0.049491782227146015,
            "norm": 0.14323487643926186
        },
        "negative_abs_average": {
            "raw": 0.23614579127273916,
            "max": 0.03325522621222244,
            "len": 0.1801358502007477,
            "norm": 0.06367909064764227
        },
        "female_abs_average": {
            "raw": 0.12763166601213144,
            "max": 0.020565786713438096,
            "len": 0.0842473140535572,
            "norm": 0.10069997196101765
        },
        "male_abs_average": {
            "raw": 0.1299930850404541,
            "max": 0.05663222530816167,
            "len": 0.14538031837433651,
            "norm": 0.10621399512588649
        },
        "female_positive": {
            "raw": [
                0.04188977913535741,
                0.3807187772806325
            ],
            "max": [
                0.015314571994650136,
                0.7487059438269974
            ],
            "len": [
                0.07260056464421938,
                0.12837094906770857
            ],
            "norm": [
                0.1586481162660717,
                0.0008391777446436257
            ]
        },
        "male_positive": {
            "raw": [
                -0.0010681404243353416,
                0.9826710477274652
            ],
            "max": [
                -0.07257099962410452,
                0.13949909159228413
            ],
            "len": [
                -0.026382999810072652,
                0.591555013404321
            ],
            "norm": [
                -0.12782163661245205,
                0.009056090643388094
            ]
        },
        "female_negative": {
            "raw": [
                0.21337355288890547,
                1.607769986509904e-17
            ],
            "max": [
                0.025817001432226053,
                0.3081828671400705
            ],
            "len": [
                -0.09589406346289502,
                0.00014870610264305773
            ],
            "norm": [
                0.0427518276559636,
                0.09141504439996112
            ]
        },
        "male_negative": {
            "raw": [
                0.25891802965657285,
                1.115726941711474e-25
            ],
            "max": [
                0.04069345099221883,
                0.10545351254080738
            ],
            "len": [
                0.2643776369386004,
                9.661985326215311e-27
            ],
            "norm": [
                0.08460635363932092,
                0.0007498368856765667
            ]
        }
    }
}