{
    "Saliency_L2": {
        "abs_average": {
            "raw": 0.4866689591420958,
            "max": 0.10500893480098858,
            "len": 0.37561238483340237,
            "norm": 0.13345933200034704
        },
        "positive_abs_average": {
            "raw": 0.5771271065559789,
            "max": 0.18168568878686936,
            "len": 0.45693339622177975,
            "norm": 0.229243955737067
        },
        "negative_abs_average": {
            "raw": 0.3962108117282128,
            "max": 0.028332180815107785,
            "len": 0.294291373445025,
            "norm": 0.03767470826362706
        },
        "female_abs_average": {
            "raw": 0.5030356002779077,
            "max": 0.16883090663942923,
            "len": 0.3967826022877172,
            "norm": 0.18408436507675818
        },
        "male_abs_average": {
            "raw": 0.47030231800628386,
            "max": 0.041186962962547924,
            "len": 0.3544421673790875,
            "norm": 0.08283429892393587
        },
        "female_positive": {
            "raw": [
                0.6997392140053006,
                5.766543933019572e-66
            ],
            "max": [
                0.29095617662570517,
                4.943820851058354e-10
            ],
            "len": [
                0.5891677696027818,
                1.8095934075007744e-42
            ],
            "norm": [
                0.35982441233256873,
                6.771869925377366e-15
            ]
        },
        "male_positive": {
            "raw": [
                -0.45451499910665705,
                1.3440598157457175e-22
            ],
            "max": [
                -0.07241520094803357,
                0.14035286587735515
            ],
            "len": [
                -0.3246990228407777,
                1.141482629881126e-11
            ],
            "norm": [
                -0.09866349914156525,
                0.04430404061448048
            ]
        },
        "female_negative": {
            "raw": [
                -0.30633198655051497,
                3.0173122294654427e-35
            ],
            "max": [
                0.0467056366531533,
                0.06514633376952039
            ],
            "len": [
                -0.2043974349726526,
                3.55595503128014e-16
            ],
            "norm": [
                -0.008344317820947623,
                0.7419170782111609
            ]
        },
        "male_negative": {
            "raw": [
                0.48608963690591067,
                1.0331979599372515e-94
            ],
            "max": [
                -0.009958724977062273,
                0.6920687488833934
            ],
            "len": [
                0.38418531191739735,
                7.174364736427667e-57
            ],
            "norm": [
                0.0670050987063065,
                0.007638097357496545
            ]
        }
    },
    "Saliency_mean": {
        "abs_average": {
            "raw": 0.3657050805287773,
            "max": 0.08072778967152709,
            "len": 0.27528721928578737,
            "norm": 0.1022952187099961
        },
        "positive_abs_average": {
            "raw": 0.4419899152169245,
            "max": 0.12553651930981036,
            "len": 0.33793439175279383,
            "norm": 0.14652409107351028
        },
        "negative_abs_average": {
            "raw": 0.2894202458406301,
            "max": 0.035919060033243834,
            "len": 0.21264004681878082,
            "norm": 0.058066346346481904
        },
        "female_abs_average": {
            "raw": 0.42653414686279456,
            "max": 0.12525908556516793,
            "len": 0.3397511543532733,
            "norm": 0.1546126213418008
        },
        "male_abs_average": {
            "raw": 0.30487601419476007,
            "max": 0.03619649377788626,
            "len": 0.2108232842183014,
            "norm": 0.04997781607819141
        },
        "female_positive": {
            "raw": [
                -0.5801678323410494,
                6.09624635075869e-41
            ],
            "max": [
                -0.20057488793438683,
                2.2504385816778133e-05
            ],
            "len": [
                -0.48244605086482767,
                4.954182998775366e-27
            ],
            "norm": [
                -0.24321569462076184,
                2.4046318935167145e-07
            ]
        },
        "male_positive": {
            "raw": [
                0.3038119980927996,
                2.481655770876616e-10
            ],
            "max": [
                0.0504981506852339,
                0.3041753100054769
            ],
            "len": [
                0.19342273264076004,
                7.164537038871684e-05
            ],
            "norm": [
                0.04983248752625874,
                0.3106022718030792
            ]
        },
        "female_negative": {
            "raw": [
                -0.27290046138453966,
                4.815980402502033e-28
            ],
            "max": [
                -0.049943283195949054,
                0.048580930365020196
            ],
            "len": [
                -0.19705625784171887,
                4.030038520812099e-15
            ],
            "norm": [
                -0.06600954806283972,
                0.009109343700041165
            ]
        },
        "male_negative": {
            "raw": [
                0.30594003029672057,
                1.1332326127579677e-35
            ],
            "max": [
                0.021894836870538618,
                0.38385245470539453
            ],
            "len": [
                0.22822383579584277,
                3.6579643196983014e-20
            ],
            "norm": [
                0.050123144630124086,
                0.046091447963590666
            ]
        }
    }
}