{
    "raw_attention": {
        "abs_average": {
            "raw": 0.12291847292577916,
            "max": 0.12692619302804542,
            "len": 0.0870525897631538,
            "norm": 0.1296575416199025
        },
        "positive_abs_average": {
            "raw": 0.15858397027678584,
            "max": 0.1595935643472338,
            "len": 0.10657660759010096,
            "norm": 0.1656773939061299
        },
        "negative_abs_average": {
            "raw": 0.0872529755747725,
            "max": 0.09425882170885701,
            "len": 0.06752857193620665,
            "norm": 0.09363768933367514
        },
        "female_abs_average": {
            "raw": 0.13687742920635573,
            "max": 0.14409769097427136,
            "len": 0.09223355597739273,
            "norm": 0.14483187569809886
        },
        "male_abs_average": {
            "raw": 0.10895951664520259,
            "max": 0.10975469508181945,
            "len": 0.08187162354891488,
            "norm": 0.11448320754170616
        },
        "female_positive": {
            "raw": [
                0.22331828225800426,
                1.061093961332296e-06
            ],
            "max": [
                0.2259780708540991,
                7.827544703745769e-07
            ],
            "len": [
                0.16699769968468078,
                0.00028500274040305936
            ],
            "norm": [
                0.2275881726062552,
                6.499109554530827e-07
            ]
        },
        "male_positive": {
            "raw": [
                0.09384965829556738,
                0.04686882777953392
            ],
            "max": [
                0.09320905784036847,
                0.048397907667702994
            ],
            "len": [
                0.046155515495521125,
                0.32915778660330186
            ],
            "norm": [
                0.10376661520600458,
                0.027907508002041424
            ]
        },
        "female_negative": {
            "raw": [
                -0.05043657615470722,
                0.04840774185572173
            ],
            "max": [
                -0.062217311094443596,
                0.014866880669346133
            ],
            "len": [
                -0.017469412270104682,
                0.4944423759060612
            ],
            "norm": [
                -0.062075578789942534,
                0.015096881835794258
            ]
        },
        "male_negative": {
            "raw": [
                0.12406937499483779,
                9.525306378367228e-07
            ],
            "max": [
                0.12630033232327043,
                6.036772004183793e-07
            ],
            "len": [
                0.11758773160230862,
                3.428715532580647e-06
            ],
            "norm": [
                0.12519979987740773,
                7.567274976756976e-07
            ]
        }
    },
    "attention_rollout": {
        "abs_average": {
            "raw": 0.1050052258895171,
            "max": 0.0999391066848525,
            "len": 0.07182746712364974,
            "norm": 0.10725512570936979
        },
        "positive_abs_average": {
            "raw": 0.12394563929088082,
            "max": 0.13743486082107115,
            "len": 0.07787375450591083,
            "norm": 0.13752843904048279
        },
        "negative_abs_average": {
            "raw": 0.08606481248815342,
            "max": 0.06244335254863385,
            "len": 0.06578117974138864,
            "norm": 0.07698181237825677
        },
        "female_abs_average": {
            "raw": 0.1112701858386923,
            "max": 0.08396270311519898,
            "len": 0.07854649515176708,
            "norm": 0.09724054043533888
        },
        "male_abs_average": {
            "raw": 0.09874026594034192,
            "max": 0.11591551025450601,
            "len": 0.06510843909553238,
            "norm": 0.1172697109834007
        },
        "female_positive": {
            "raw": [
                0.1528122635957115,
                0.0009115502634560921
            ],
            "max": [
                0.09840268913056872,
                0.03331633020236008
            ],
            "len": [
                0.1309691084202109,
                0.0045404073436733
            ],
            "norm": [
                0.11418113067384447,
                0.013451070509104468
            ]
        },
        "male_positive": {
            "raw": [
                0.09507901498605012,
                0.04404777196919603
            ],
            "max": [
                0.17646703251157356,
                0.000171016075551489
            ],
            "len": [
                0.024778400591610752,
                0.6005138448967965
            ],
            "norm": [
                0.16087574740712113,
                0.0006222945307344887
            ]
        },
        "female_negative": {
            "raw": [
                -0.06972810808167311,
                0.006327520320599379
            ],
            "max": [
                -0.06952271709982923,
                0.006483986830559089
            ],
            "len": [
                -0.026123881883323263,
                0.3068525280131923
            ],
            "norm": [
                -0.08029995019683328,
                0.0016579351967287127
            ]
        },
        "male_negative": {
            "raw": [
                0.10240151689463373,
                5.3399877405440046e-05
            ],
            "max": [
                0.05536398799743847,
                0.029235243094333667
            ],
            "len": [
                0.10543847759945402,
                3.172593011559528e-05
            ],
            "norm": [
                0.07366367455968025,
                0.003699816322066014
            ]
        }
    },
    "attention_flow": {
        "abs_average": {
            "raw": 0.09745830198989695,
            "max": 0.06947132523771182,
            "len": 0.07025744057653661,
            "norm": 0.10792659536365594
        },
        "positive_abs_average": {
            "raw": 0.14372780789972944,
            "max": 0.11269341077112213,
            "len": 0.08984224892380524,
            "norm": 0.17361612588966815
        },
        "negative_abs_average": {
            "raw": 0.05118879608006445,
            "max": 0.026249239704301507,
            "len": 0.05067263222926799,
            "norm": 0.04223706483764372
        },
        "female_abs_average": {
            "raw": 0.09175357610465497,
            "max": 0.03263894990038128,
            "len": 0.08690321779867952,
            "norm": 0.06461182500311169
        },
        "male_abs_average": {
            "raw": 0.10316302787513894,
            "max": 0.10630370057504236,
            "len": 0.05361166335439371,
            "norm": 0.1512413657242002
        },
        "female_positive": {
            "raw": [
                0.17578032202017244,
                0.00013218976853343134
            ],
            "max": [
                0.04316261507466468,
                0.351498141838711
            ],
            "len": [
                0.16855797284298654,
                0.00024932096552703986
            ],
            "norm": [
                0.10493980896457296,
                0.023183562411320316
            ]
        },
        "male_positive": {
            "raw": [
                0.11167529377928646,
                0.017924716056011147
            ],
            "max": [
                0.18222420646757959,
                0.00010315133118228071
            ],
            "len": [
                -0.011126525004623945,
                0.814117996295821
            ],
            "norm": [
                0.24229244281476334,
                2.0207777611780508e-07
            ]
        },