{
    "ShapleyValue": {
        "abs_average": {
            "raw": 0.1948322239219013,
            "max": 0.06630866956934182,
            "len": 0.13305877190208437,
            "norm": 0.10858952765929052
        },
        "positive_abs_average": {
            "raw": 0.1198166182146792,
            "max": 0.059935468599283816,
            "len": 0.07430988192223038,
            "norm": 0.1320715039768015
        },
        "negative_abs_average": {
            "raw": 0.2698478296291234,
            "max": 0.07268187053939984,
            "len": 0.19180766188193837,
            "norm": 0.08510755134177951
        },
        "female_abs_average": {
            "raw": 0.18218496526328737,
            "max": 0.07635400784380514,
            "len": 0.1072890729363124,
            "norm": 0.13234824825295463
        },
        "male_abs_average": {
            "raw": 0.20747948258051524,
            "max": 0.05626333129487851,
            "len": 0.15882847086785637,
            "norm": 0.0848308070656264
        },
        "female_positive": {
            "raw": [
                0.13080221805355927,
                0.004592564637364378
            ],
            "max": [
                0.09727454673970704,
                0.035401666798876845
            ],
            "len": [
                0.12308601997085257,
                0.007680983299036785
            ],
            "norm": [
                0.20629775178145118,
                6.8127068765301655e-06
            ]
        },
        "male_positive": {
            "raw": [
                0.10883101837579916,
                0.0210819092923123
            ],
            "max": [
                0.022596390458860593,
                0.6329810552343241
            ],
            "len": [
                0.02553374387360819,
                0.5894521382143617
            ],
            "norm": [
                0.05784525617215186,
                0.22120629175852521
            ]
        },
        "female_negative": {
            "raw": [
                0.2335677124730155,
                1.988246520860056e-20
            ],
            "max": [
                -0.05543346894790325,
                0.030036700876529338
            ],
            "len": [
                0.09149212590177222,
                0.0003362113632655951
            ],
            "norm": [
                -0.0583987447244581,
                0.022262615069832226
            ]
        },
        "male_negative": {
            "raw": [
                -0.3061279467852313,
                5.24938171152758e-35
            ],
            "max": [
                0.08993027213089642,
                0.00039107897684761576
            ],
            "len": [
                0.29212319786210456,
                6.846036898740873e-32
            ],
            "norm": [
                0.11181635795910093,
                1.0150983517837988e-05
            ]
        }
    }
}