{
    "IntegratedGradients_L2": {
        "abs_average": {
            "raw": 0.2963570848358718,
            "max": 0.11552037851296063,
            "len": 0.1992424965837627,
            "norm": 0.1489449344147742
        },
        "positive_abs_average": {
            "raw": 0.25046776228475565,
            "max": 0.21322644025809762,
            "len": 0.17630320258243296,
            "norm": 0.2382286997125871
        },
        "negative_abs_average": {
            "raw": 0.3422464073869879,
            "max": 0.017814316767823628,
            "len": 0.22218179058509246,
            "norm": 0.059661169116961246
        },
        "female_abs_average": {
            "raw": 0.27172899698996433,
            "max": 0.14420241172905354,
            "len": 0.2067076069404089,
            "norm": 0.12994386153897122
        },
        "male_abs_average": {
            "raw": 0.3209851726817793,
            "max": 0.0868383452968677,
            "len": 0.19177738622711651,
            "norm": 0.16794600729057713
        },
        "female_positive": {
            "raw": [
                0.28580718736676575,
                3.0098686057445614e-10
            ],
            "max": [
                0.25689083721872785,
                1.7261931272507556e-08
            ],
            "len": [
                0.2979920387175442,
                4.7242774648909175e-11
            ],
            "norm": [
                0.241579669574647,
                1.2181234697613386e-07
            ]
        },
        "male_positive": {
            "raw": [
                0.21512833720274555,
                4.230046104563645e-06
            ],
            "max": [
                0.16956204329746735,
                0.00030725258933728
            ],
            "len": [
                0.05461436644732171,
                0.24813388891431493
            ],
            "norm": [
                0.2348777298505272,
                4.811404069186537e-07
            ]
        },
        "female_negative": {
            "raw": [
                -0.25765080661316286,
                1.1840041314609842e-24
            ],
            "max": [
                0.03151398623937921,
                0.2176574401416144
            ],
            "len": [
                -0.11542317516327358,
                5.9204754536342685e-06
            ],
            "norm": [
                -0.01830805350329543,
                0.4739503204392333
            ]
        },
        "male_negative": {
            "raw": [
                0.42684200816081297,
                1.0542403858235869e-69
            ],
            "max": [
                -0.004114647296268042,
                0.8713719142695316
            ],
            "len": [
                0.3289404060069113,
                1.8574948413903636e-40
            ],
            "norm": [
                0.10101428473062707,
                6.742081215291691e-05
            ]
        }
    },
    "IntegratedGradients_mean": {
        "abs_average": {
            "raw": 0.23578009390708948,
            "max": 0.14240057453897007,
            "len": 0.1822415297410555,
            "norm": 0.15031521335344128
        },
        "positive_abs_average": {
            "raw": 0.24227644676349297,
            "max": 0.23998889930863676,
            "len": 0.1866459674221813,
            "norm": 0.24474912702229135
        },
        "negative_abs_average": {
            "raw": 0.22928374105068597,
            "max": 0.04481224976930337,
            "len": 0.17783709205992973,
            "norm": 0.05588129968459121
        },
        "female_abs_average": {
            "raw": 0.1617198049013946,
            "max": 0.12347488211552571,
            "len": 0.1482184948872586,
            "norm": 0.12491989568893341
        },
        "male_abs_average": {
            "raw": 0.3098403829127844,
            "max": 0.16132626696241442,
            "len": 0.2162645645948524,
            "norm": 0.17571053101794915
        },
        "female_positive": {
            "raw": [
                0.1648488623375419,
                0.00034199433871470546
            ],
            "max": [
                0.21987678013796239,
                1.5642940074458976e-06
            ],
            "len": [
                0.22928777878560178,
                5.332677612359667e-07
            ],
            "norm": [
                0.21405438991955875,
                2.9742852856252072e-06
            ]
        },
        "male_positive": {
            "raw": [
                0.31970403118944407,
                3.9642883455320975e-12
            ],
            "max": [
                0.2601010184793111,
                2.2366539226512783e-08
            ],
            "len": [
                0.14400415605876082,
                0.002221917618502248
            ],
            "norm": [
                0.275443864125024,
                2.9298577278972263e-09
            ]
        },
        "female_negative": {
            "raw": [
                0.15859074746524732,
                4.3245671892179886e-10
            ],
            "max": [
                -0.027072984093089027,
                0.2896058569732102
            ],
            "len": [
                0.06714921098891545,
                0.008561259872988352
            ],
            "norm": [
                -0.03578540145830809,
                0.1615213008923099
            ]
        },
        "male_negative": {
            "raw": [
                -0.2999767346361246,
                1.2873229045082836e-33
            ],
            "max": [
                -0.06255151544551771,
                0.013744335362974699
            ],
            "len": [
                -0.288524973130944,
                4.056878333493519e-31
            ],
            "norm": [
                -0.07597719791087434,
                0.002752502464484189
            ]
        }
    }
}