{
    "Occlusion": {
        "abs_average": {
            "raw": 0.4720654486326712,
            "max": 0.23151193623751176,
            "len": 0.35220146344800096,
            "norm": 0.20983288413570222
        },
        "positive_abs_average": {
            "raw": 0.3634803628607983,
            "max": 0.3234717847554802,
            "len": 0.25078661327096113,
            "norm": 0.31470529053070484
        },
        "negative_abs_average": {
            "raw": 0.5806505344045441,
            "max": 0.13955208771954336,
            "len": 0.45361631362504085,
            "norm": 0.10496047774069964
        },
        "female_abs_average": {
            "raw": 0.5199566272532101,
            "max": 0.2890795875349743,
            "len": 0.3598811285824418,
            "norm": 0.22326992053529582
        },
        "male_abs_average": {
            "raw": 0.42417427001213226,
            "max": 0.1739442849400492,
            "len": 0.3445217983135601,
            "norm": 0.19639584773610863
        },
        "female_positive": {
            "raw": [
                0.4470907296427721,
                2.2250734779114263e-24
            ],
            "max": [
                0.4364150348621385,
                3.4956011824662775e-23
            ],
            "len": [
                0.32068174292468626,
                1.1823320513237017e-12
            ],
            "norm": [
                0.36011978562122776,
                8.902627278562284e-16
            ]
        },
        "male_positive": {
            "raw": [
                0.2798699960788246,
                1.591377868765507e-09
            ],
            "max": [
                0.2105285346488219,
                6.823960589761893e-06
            ],
            "len": [
                0.180891483617236,
                0.00011611900131393779
            ],
            "norm": [
                0.26929079544018186,
                6.722810859861774e-09
            ]
        },
        "female_negative": {
            "raw": [
                0.5928225248636483,
                4.771933106973471e-146
            ],
            "max": [
                0.14174414020781018,
                2.5241157948931975e-08
            ],
            "len": [
                0.39908051424019736,
                1.1779047172091233e-59
            ],
            "norm": [
                0.0864200554493639,
                0.0007088757021830983
            ]
        },
        "male_negative": {
            "raw": [
                -0.5684785439454398,
                1.815775365659828e-133
            ],
            "max": [
                -0.13736003523127654,
                5.6034614764163176e-08
            ],
            "len": [
                -0.5081521130098843,
                1.345173912271536e-102
            ],
            "norm": [
                -0.12350090003203539,
                1.068581934836928e-06
            ]
        }
    }
}