{
    "InputXGradient_L2": {
        "abs_average": {
            "raw": 0.3070586498099015,
            "max": 0.11726870846527043,
            "len": 0.2484652814165058,
            "norm": 0.16293652559641153
        },
        "positive_abs_average": {
            "raw": 0.27723846132897134,
            "max": 0.20878528529656917,
            "len": 0.22688120827289573,
            "norm": 0.2655555297523887
        },
        "negative_abs_average": {
            "raw": 0.3368788382908316,
            "max": 0.025752131633971692,
            "len": 0.27004935456011586,
            "norm": 0.06031752144043434
        },
        "female_abs_average": {
            "raw": 0.38838286106423336,
            "max": 0.11297059027022954,
            "len": 0.2970424046533596,
            "norm": 0.14907003439432068
        },
        "male_abs_average": {
            "raw": 0.2257344385555696,
            "max": 0.12156682666031132,
            "len": 0.19988815817965197,
            "norm": 0.17680301679850238
        },
        "female_positive": {
            "raw": [
                0.49137924952396644,
                8.111008563651003e-30
            ],
            "max": [
                0.20823236909806028,
                5.556533600751948e-06
            ],
            "len": [
                0.4356021017108654,
                4.294227074446337e-23
            ],
            "norm": [
                0.2765209177188934,
                1.1640784761848902e-09
            ]
        },
        "male_positive": {
            "raw": [
                0.06309767313397628,
                0.18200110241271975
            ],
            "max": [
                0.20933820149507806,
                7.709794874665888e-06
            ],
            "len": [
                -0.018160314834926063,
                0.7011495553426212
            ],
            "norm": [
                0.254590141785884,
                4.499843225400149e-08
            ]
        },
        "female_negative": {
            "raw": [
                -0.2853864726045003,
                4.229046909628007e-30
            ],
            "max": [
                0.017708811442398813,
                0.4885448590048968
            ],
            "len": [
                -0.1584827075958539,
                4.44528449607503e-10
            ],
            "norm": [
                -0.021619151069747912,
                0.39777682426977135
            ]
        },
        "male_negative": {
            "raw": [
                0.3883712039771629,
                5.266442671095104e-57
            ],
            "max": [
                0.03379545182554457,
                0.1834311968471058
            ],
            "len": [
                0.38161600152437786,
                6.068837480607472e-55
            ],
            "norm": [
                0.09901589181112076,
                9.384634121921289e-05
            ]
        }
    },
    "InputXGradient_mean": {
        "abs_average": {
            "raw": 0.26341753924193245,
            "max": 0.09218340205804877,
            "len": 0.19685543647446324,
            "norm": 0.11758919193984399
        },
        "positive_abs_average": {
            "raw": 0.23703776666234583,
            "max": 0.13436421765153983,
            "len": 0.1742793101651328,
            "norm": 0.1594639076005977
        },
        "negative_abs_average": {
            "raw": 0.28979731182151913,
            "max": 0.050002586464557706,
            "len": 0.21943156278379372,
            "norm": 0.07571447627909027
        },
        "female_abs_average": {
            "raw": 0.3254020415024011,
            "max": 0.07222627881265864,
            "len": 0.24614501124053992,
            "norm": 0.10198707069684415
        },
        "male_abs_average": {
            "raw": 0.20143303698146384,
            "max": 0.1121405253034389,
            "len": 0.1475658617083866,
            "norm": 0.13319131318284383
        },
        "female_positive": {
            "raw": [
                0.39496575285256047,
                6.369526257545996e-19
            ],
            "max": [
                0.12027827035768127,
                0.009200305222228413
            ],
            "len": [
                0.3447983733066662,
                1.643661383924462e-14
            ],
            "norm": [
                0.1624529213939893,
                0.00041798264145415185
            ]
        },
        "male_positive": {
            "raw": [
                0.07910978047213117,
                0.09407985757280662
            ],
            "max": [
                -0.1484501649453984,
                0.0016086775642312474
            ],
            "len": [
                0.0037602470235993867,
                0.9366696249328548
            ],
            "norm": [
                0.1564748938072061,
                0.0008781263579633619
            ]
        },
        "female_negative": {
            "raw": [
                0.2558383301522417,
                2.5549887361732208e-24
            ],
            "max": [
                0.02417428726763601,
                0.34436993493828794
            ],
            "len": [
                0.14749164917441365,
                6.632601172120143e-09
            ],
            "norm": [
                0.041521219999698995,
                0.10425919422666012
            ]
        },
        "male_negative": {
            "raw": [
                -0.3237562934907965,
                3.544447651019328e-39
            ],
            "max": [
                -0.0758308856614794,
                0.00280512451886274
            ],
            "len": [
                -0.2913714763931738,
                9.949575019822651e-32
            ],
            "norm": [
                -0.10990773255848153,
                1.4370302256842486e-05
            ]
        }
    }
}