{
    "Saliency_L2": {
        "abs_average": {
            "raw": 0.3090083884175982,
            "max": 0.10494247987430054,
            "len": 0.24373682917153247,
            "norm": 0.15568632540808014
        },
        "positive_abs_average": {
            "raw": 0.27094500892099943,
            "max": 0.1911129633554865,
            "len": 0.21792441949613892,
            "norm": 0.2518199704860502
        },
        "negative_abs_average": {
            "raw": 0.347071767914197,
            "max": 0.018771996393114568,
            "len": 0.26954923884692605,
            "norm": 0.05955268033011003
        },
        "female_abs_average": {
            "raw": 0.391200273424549,
            "max": 0.10535948545013869,
            "len": 0.28887036971698843,
            "norm": 0.1405059490075352
        },
        "male_abs_average": {
            "raw": 0.22681650341064744,
            "max": 0.10452547429846239,
            "len": 0.1986032886260765,
            "norm": 0.17086670180862504
        },
        "female_positive": {
            "raw": [
                0.4884179834285792,
                1.9859602495105634e-29
            ],
            "max": [
                0.1945331942809689,
                2.258281517565691e-05
            ],
            "len": [
                0.4192490035005261,
                2.3994343769255092e-21
            ],
            "norm": [
                0.25481714043817233,
                2.2662400036769277e-08
            ]
        },
        "male_positive": {
            "raw": [
                0.053472034413419654,
                0.2581802283281714
            ],
            "max": [
                0.18769273243000412,
                6.289689974648983e-05
            ],
            "len": [
                -0.016599835491751744,
                0.7257474910421376
            ],
            "norm": [
                0.2488228005339281,
                9.192233953966794e-08
            ]
        },
        "female_negative": {
            "raw": [
                -0.29398256342051876,
                6.416546275334006e-32
            ],
            "max": [
                0.016185776619308485,
                0.5267022007671349
            ],
            "len": [
                -0.15849173593345078,
                4.435072224811792e-10
            ],
            "norm": [
                -0.026194757576898115,
                0.3055415974641688
            ]
        },
        "male_negative": {
            "raw": [
                0.40016097240787524,
                1.0136295958198892e-60
            ],
            "max": [
                0.02135821616692065,
                0.40059294038072
            ],
            "len": [
                0.38060674176040127,
                1.2217193868027908e-54
            ],
            "norm": [
                0.09291060308332195,
                0.0002482567193351061
            ]
        }
    },
    "Saliency_mean": {
        "abs_average": {
            "raw": 0.275647387023697,
            "max": 0.11226046884804122,
            "len": 0.2137266191110282,
            "norm": 0.13635862544505264
        },
        "positive_abs_average": {
            "raw": 0.19352223687524292,
            "max": 0.18584125810240842,
            "len": 0.1531683659181903,
            "norm": 0.21529849921196503
        },
        "negative_abs_average": {
            "raw": 0.35777253717215113,
            "max": 0.03867967959367401,
            "len": 0.2742848723038661,
            "norm": 0.05741875167814026
        },
        "female_abs_average": {
            "raw": 0.32537959657563065,
            "max": 0.10161786528026161,
            "len": 0.21782584577533953,
            "norm": 0.12450005812745572
        },
        "male_abs_average": {
            "raw": 0.22591517747176337,
            "max": 0.12290307241582085,
            "len": 0.20962739244671688,
            "norm": 0.14821719276264955
        },
        "female_positive": {
            "raw": [
                -0.3826730348320944,
                9.060038110507937e-18
            ],
            "max": [
                -0.196630186846976,
                1.8333071989943445e-05
            ],
            "len": [
                -0.29378619258091987,
                9.041899716809272e-11
            ],
            "norm": [
                -0.2360786172703233,
                2.3824737314716846e-07
            ]
        },
        "male_positive": {
            "raw": [
                -0.004371438918391402,
                0.9264029902351287
            ],
            "max": [
                -0.17505232935784087,
                0.00019317749033711845
            ],
            "len": [
                0.012550539255460758,
                0.7908474730067495
            ],
            "norm": [
                -0.19451838115360673,
                3.3249442402996594e-05
            ]
        },
        "female_negative": {
            "raw": [
                -0.26808615831916693,
                1.2541077551206553e-26
            ],
            "max": [
                -0.006605543713547202,
                0.7961461680875767
            ],
            "len": [
                -0.14186549896975922,
                2.455211379455858e-08
            ],
            "norm": [
                -0.012921498984588128,
                0.6133019905631887
            ]
        },
        "male_negative": {
            "raw": [
                0.4474589160251353,
                3.2053883306705136e-77
            ],
            "max": [
                0.07075381547380082,
                0.0053079319505477
            ],
            "len": [
                0.406704245637973,
                7.547567968126405e-63
            ],
            "norm": [
                0.1019160043716924,
                5.795924942024847e-05
            ]
        }
    }
}