{
    "DeepLift_L2": {
        "abs_average": {
            "raw": 0.3277638019182073,
            "max": 0.10545384099552106,
            "len": 0.25863073271532727,
            "norm": 0.15031150757202713
        },
        "positive_abs_average": {
            "raw": 0.2697219858476877,
            "max": 0.18837860772579856,
            "len": 0.2177427766344061,
            "norm": 0.23651736789883598
        },
        "negative_abs_average": {
            "raw": 0.38580561798872703,
            "max": 0.022529074265243552,
            "len": 0.29951868879624843,
            "norm": 0.06410564724521828
        },
        "female_abs_average": {
            "raw": 0.4187892899456093,
            "max": 0.1101813176241232,
            "len": 0.3098970259438693,
            "norm": 0.13422732503451773
        },
        "male_abs_average": {
            "raw": 0.23673831389080535,
            "max": 0.10072636436691892,
            "len": 0.2073644394867852,
            "norm": 0.16639569010953653
        },
        "female_positive": {
            "raw": [
                0.4921004642464652,
                6.513035084659136e-30
            ],
            "max": [
                0.20294166221147178,
                9.658325320681707e-06
            ],
            "len": [
                0.4152677074101875,
                6.183488256372192e-21
            ],
            "norm": [
                0.24093492442913012,
                1.318877298737089e-07
            ]
        },
        "male_positive": {
            "raw": [
                0.04734350744891015,
                0.3168481468266791
            ],
            "max": [
                0.17381555324012538,
                0.0002147276327271013
            ],
            "len": [
                -0.020217845858624732,
                0.6691914618069059
            ],
            "norm": [
                0.23209981136854185,
                6.610834577414431e-07
            ]
        },
        "female_negative": {
            "raw": [
                -0.34547811564475345,
                3.480612653575644e-44
            ],
            "max": [
                0.01742097303677463,
                0.49564026911410547
            ],
            "len": [
                -0.20452634447755114,
                6.247650351445026e-16
            ],
            "norm": [
                -0.02751972563990537,
                0.28171802141694197
            ]
        },
        "male_negative": {
            "raw": [
                0.42613312033270057,
                1.8718063093035197e-69
            ],
            "max": [
                0.027637175493712474,
                0.27670201370897546
            ],
            "len": [
                0.3945110331149457,
                6.387944303413945e-59
            ],
            "norm": [
                0.1006915688505312,
                7.114857220366061e-05
            ]
        }
    },
    "DeepLift_mean": {
        "abs_average": {
            "raw": 0.3348998022474856,
            "max": 0.05933409056448493,
            "len": 0.27743082048919254,
            "norm": 0.09549090178861896
        },
        "positive_abs_average": {
            "raw": 0.3018033027940084,
            "max": 0.08505793433508663,
            "len": 0.2934696929631231,
            "norm": 0.12850394963254302
        },
        "negative_abs_average": {
            "raw": 0.36799630170096276,
            "max": 0.033610246793883226,
            "len": 0.26139194801526194,
            "norm": 0.06247785394469492
        },
        "female_abs_average": {
            "raw": 0.4067671757195134,
            "max": 0.07805805205787678,
            "len": 0.3376620779948468,
            "norm": 0.125149436618494
        },
        "male_abs_average": {
            "raw": 0.26303242877545785,
            "max": 0.040610129071093085,
            "len": 0.2171995629835382,
            "norm": 0.06583236695874392
        },
        "female_positive": {
            "raw": [
                0.47560703510519464,
                8.657087941577581e-28
            ],
            "max": [
                0.1355269119229422,
                0.0033074273716665725
            ],
            "len": [
                0.4609663237307168,
                5.347406529065363e-26
            ],
            "norm": [
                0.21134322017245644,
                3.987687088921518e-06
            ]
        },
        "male_positive": {
            "raw": [
                0.12799957048282218,
                0.0066099546423836536
            ],
            "max": [
                -0.034588956747231066,
                0.464716497909801
            ],
            "len": [
                0.12597306219552937,
                0.007528058028405641
            ],
            "norm": [
                -0.04566467909262961,
                0.33433267387131504
            ]
        },
        "female_negative": {
            "raw": [
                0.33792731633383205,
                3.1063044590272316e-42
            ],
            "max": [
                -0.020589192192811353,
                0.42064401712586713
            ],
            "len": [
                0.2143578322589769,
                2.2123540283667765e-17
            ],
            "norm": [
                -0.038955653064531595,
                0.12748666296814623
            ]
        },
        "male_negative": {
            "raw": [
                0.39806528706809347,
                4.758055086316431e-60
            ],
            "max": [
                0.0466313013949551,
                0.06635966170742855
            ],
            "len": [
                0.308426063771547,
                1.5571250313300225e-35
            ],
            "norm": [
                0.08600005482485824,
                0.0006977293256740873
            ]
        }
    }
}