{
    "DeepLift_L2": {
        "abs_average": {
            "raw": 0.4372353496289235,
            "max": 0.08668537482092613,
            "len": 0.3950750924816072,
            "norm": 0.13302087429612466
        },
        "positive_abs_average": {
            "raw": 0.46039432279215714,
            "max": 0.17081280395832119,
            "len": 0.42181896736719754,
            "norm": 0.21392179227805347
        },
        "negative_abs_average": {
            "raw": 0.41407637646568995,
            "max": 0.002557945683531048,
            "len": 0.36833121759601684,
            "norm": 0.05211995631419585
        },
        "female_abs_average": {
            "raw": 0.5444495438533342,
            "max": 0.15969512437910965,
            "len": 0.45988703067786857,
            "norm": 0.23188711760757844
        },
        "male_abs_average": {
            "raw": 0.3300211554045129,
            "max": 0.01367562526274259,
            "len": 0.3302631542853458,
            "norm": 0.03415463098467088
        },
        "female_positive": {
            "raw": [
                0.7037988236187208,
                1.4386096271996293e-69
            ],
            "max": [
                0.3178633858030046,
                3.4563988134591173e-12
            ],
            "len": [
                0.6178944100615178,
                1.832914562421256e-49
            ],
            "norm": [
                0.4198942746310087,
                6.0442520313662726e-21
            ]
        },
        "male_positive": {
            "raw": [
                -0.21698982196559347,
                5.198423916968132e-06
            ],
            "max": [
                0.02376222211363777,
                0.6219418470060226
            ],
            "len": [
                -0.22574352467287728,
                2.0826963567599955e-06
            ],
            "norm": [
                0.007949309925098225,
                0.8689920971270314
            ]
        },
        "female_negative": {
            "raw": [
                -0.3851002640879476,
                1.0134092657416017e-55
            ],
            "max": [
                0.001526862955214684,
                0.9522128264054491
            ],
            "len": [
                -0.30187965129421934,
                7.087555574411009e-34
            ],
            "norm": [
                -0.04387996058414818,
                0.08487342599986879
            ]
        },
        "male_negative": {
            "raw": [
                0.4430524888434323,
                2.4829075314857458e-76
            ],
            "max": [
                0.0035890284118474123,
                0.8871115754063752
            ],
            "len": [
                0.4347827838978144,
                2.8764984509981546e-73
            ],
            "norm": [
                0.06035995204424353,
                0.016864795416660954
            ]
        }
    },
    "DeepLift_mean": {
        "abs_average": {
            "raw": 0.3852558910645364,
            "max": 0.1038630959571608,
            "len": 0.37019593457041167,
            "norm": 0.12782189602451555
        },
        "positive_abs_average": {
            "raw": 0.413967283703373,
            "max": 0.17544503239021722,
            "len": 0.40984448895393266,
            "norm": 0.19424007805254437
        },
        "negative_abs_average": {
            "raw": 0.3565444984256998,
            "max": 0.03228115952410437,
            "len": 0.3305473801868907,
            "norm": 0.06140371399648672
        },
        "female_abs_average": {
            "raw": 0.4562249553220781,
            "max": 0.16657634196279053,
            "len": 0.404362262294105,
            "norm": 0.20607167886620906
        },
        "male_abs_average": {
            "raw": 0.3142868268069947,
            "max": 0.04114984995153107,
            "len": 0.3360296068467184,
            "norm": 0.049572113182822036
        },
        "female_positive": {
            "raw": [
                -0.6365998257434503,
                2.672894327238674e-53
            ],
            "max": [
                -0.32125313084832946,
                1.976077815944288e-12
            ],
            "len": [
                -0.6162863609935793,
                3.810099719793019e-49
            ],
            "norm": [
                -0.38309619980106496,
                2.0063882445494688e-17
            ]
        },
        "male_positive": {
            "raw": [
                0.19133474166329573,
                6.149782445322361e-05
            ],
            "max": [
                -0.02963693393210499,
                0.538517031719935
            ],
            "len": [
                0.20340261691428604,
                1.9993294798774435e-05
            ],
            "norm": [
                0.00538395630402376,
                0.9110534833095999
            ]
        },
        "female_negative": {
            "raw": [
                -0.2758500849007059,
                2.4011389472905254e-28
            ],
            "max": [
                -0.011899553077251592,
                0.6404537090581885
            ],
            "len": [
                -0.19243816359463073,
                2.451447336567289e-14
            ],
            "norm": [
                -0.029047157931353127,
                0.2541536512934171
            ]
        },
        "male_negative": {
            "raw": [
                0.43723891195069364,
                3.6118021166629065e-74
            ],
            "max": [
                0.05266276597095715,
                0.03711861814861771
            ],
            "len": [
                0.4686565967791507,
                2.259696650763942e-86
            ],
            "norm": [
                0.09376027006162031,
                0.00020179286551463152
            ]
        }
    }
}