{
    "IntegratedGradients_L2": {
        "abs_average": {
            "raw": 0.34209816365513857,
            "max": 0.11798444347052893,
            "len": 0.2681023847862215,
            "norm": 0.16036957216035613
        },
        "positive_abs_average": {
            "raw": 0.2836483807709143,
            "max": 0.18996983590747066,
            "len": 0.2599188675173474,
            "norm": 0.22727907659505228
        },
        "negative_abs_average": {
            "raw": 0.4005479465393629,
            "max": 0.045999051033587215,
            "len": 0.27628590205509573,
            "norm": 0.09346006772566001
        },
        "female_abs_average": {
            "raw": 0.4067237335462942,
            "max": 0.18708273002574236,
            "len": 0.3069762204776147,
            "norm": 0.24888995667694636
        },
        "male_abs_average": {
            "raw": 0.2774725937639829,
            "max": 0.048886156915315504,
            "len": 0.22922854909482837,
            "norm": 0.07184918764376594
        },
        "female_positive": {
            "raw": [
                0.48675706639656885,
                1.4637097904843064e-28
            ],
            "max": [
                0.34021477752495843,
                7.589735847329995e-14
            ],
            "len": [
                0.4219716852632424,
                3.7088972936620204e-21
            ],
            "norm": [
                0.4244742390174001,
                2.050117172143396e-21
            ]
        },
        "male_positive": {
            "raw": [
                -0.08053969514525976,
                0.09417031529540208
            ],
            "max": [
                0.03972489428998287,
                0.40962284691565415
            ],
            "len": [
                -0.09786604977145232,
                0.04180438337107612
            ],
            "norm": [
                0.03008391417270445,
                0.5324059952715204
            ]
        },
        "female_negative": {
            "raw": [
                -0.3266904006960196,
                1.0592099287345651e-39
            ],
            "max": [
                -0.0339506825265263,
                0.1825575527854581
            ],
            "len": [
                -0.191980755691987,
                2.828256051174779e-14
            ],
            "norm": [
                -0.0733056743364926,
                0.003963323445008467
            ]
        },
        "male_negative": {
            "raw": [
                0.47440549238270613,
                9.539718283308723e-89
            ],
            "max": [
                0.05804741954064813,
                0.021565685744765355
            ],
            "len": [
                0.36059104841820444,
                2.5672019099076228e-49
            ],
            "norm": [
                0.11361446111482743,
                6.52923582963725e-06
            ]
        }
    },
    "IntegratedGradients_mean": {
        "abs_average": {
            "raw": 0.2965588694904915,
            "max": 0.18833883634121845,
            "len": 0.22035466694364678,
            "norm": 0.2050347240467849
        },
        "positive_abs_average": {
            "raw": 0.22355804520305655,
            "max": 0.23263123775234834,
            "len": 0.1642845078336802,
            "norm": 0.24775739854478526
        },
        "negative_abs_average": {
            "raw": 0.3695596937779264,
            "max": 0.1440464349300886,
            "len": 0.27642482605361335,
            "norm": 0.16231204954878453
        },
        "female_abs_average": {
            "raw": 0.3440342767437201,
            "max": 0.23505010199698428,
            "len": 0.26399595370462103,
            "norm": 0.28083781900408394
        },
        "male_abs_average": {
            "raw": 0.24908346223726283,
            "max": 0.14162757068545265,
            "len": 0.17671338018267252,
            "norm": 0.12923162908948588
        },
        "female_positive": {
            "raw": [
                0.39013955707936643,
                4.5925226237774905e-18
            ],
            "max": [
                0.36067806331110225,
                1.7377910121583629e-15
            ],
            "len": [
                0.3260032023845072,
                8.920028914870751e-13
            ],
            "norm": [
                0.42769271337305204,
                9.49471051762248e-22
            ]
        },
        "male_positive": {
            "raw": [
                0.05697653332674668,
                0.23675407773586638
            ],
            "max": [
                0.10458441219359445,
                0.02955974172786291
            ],
            "len": [
                0.002565813282853227,
                0.9575431817184409
            ],
            "norm": [
                0.06782208371651849,
                0.1588856920893328
            ]
        },
        "female_negative": {
            "raw": [
                0.29792899640807385,
                5.3388344473559574e-33
            ],
            "max": [
                0.10942214068286635,
                1.6498164784743576e-05
            ],
            "len": [
                0.20198870502473484,
                1.1414860098327412e-15
            ],
            "norm": [
                0.13398292463511585,
                1.2739301689489675e-07
            ]
        },
        "male_negative": {
            "raw": [
                -0.44119039114777897,
                1.2367598378899608e-75
            ],
            "max": [
                -0.17867072917731083,
                1.0445884190267594e-12
            ],
            "len": [
                -0.3508609470824918,
                1.3020772640259303e-46
            ],
            "norm": [
                -0.19064117446245324,
                2.7308858249977026e-14
            ]
        }
    }
}