{
    "raw_attention": {
        "abs_average": {
            "raw": 0.17582013376865513,
            "max": 0.17282396619150614,
            "len": 0.13749995883418714,
            "norm": 0.16958823540682172
        },
        "positive_abs_average": {
            "raw": 0.27085283520254655,
            "max": 0.2588022548441142,
            "len": 0.1935048565344073,
            "norm": 0.26199112626402904
        },
        "negative_abs_average": {
            "raw": 0.08078743233476371,
            "max": 0.08684567753889809,
            "len": 0.08149506113396696,
            "norm": 0.0771853445496144
        },
        "female_abs_average": {
            "raw": 0.29284573755418913,
            "max": 0.2938713228580466,
            "len": 0.19521252940808456,
            "norm": 0.29315132607934946
        },
        "male_abs_average": {
            "raw": 0.05879452998312114,
            "max": 0.051776609524965655,
            "len": 0.0797873882602897,
            "norm": 0.046025144734294
        },
        "female_positive": {
            "raw": [
                0.518462999953152,
                8.377937408066133e-33
            ],
            "max": [
                0.5065167702978003,
                3.749205230396946e-31
            ],
            "len": [
                0.35280239267268115,
                7.681234704582572e-15
            ],
            "norm": [
                0.5114612495613279,
                7.917505848489591e-32
            ]
        },
        "male_positive": {
            "raw": [
                -0.023242670451941068,
                0.6295816736051285
            ],
            "max": [
                0.011087739390428038,
                0.8180443358713083
            ],
            "len": [
                -0.03420732039613345,
                0.47772992265174113
            ],
            "norm": [
                0.012521002966730223,
                0.7950163333034775
            ]
        },
        "female_negative": {
            "raw": [
                -0.0672284751552262,
                0.008250249824141409
            ],
            "max": [
                -0.0812258754182929,
                0.001406428075575298
            ],
            "len": [
                -0.03762266614348796,
                0.13962666995480172
            ],
            "norm": [
                -0.07484140259737102,
                0.003265301995809888
            ]
        },
        "male_negative": {
            "raw": [
                0.0943463895143012,
                0.00018394730406684498
            ],
            "max": [
                0.09246547965950327,
                0.000247133898643968
            ],
            "len": [
                0.12536745612444594,
                6.410960384708724e-07
            ],
            "norm": [
                0.07952928650185777,
                0.0016289426331994367
            ]
        }
    },
    "attention_rollout": {
        "abs_average": {
            "raw": 0.16393008491272767,
            "max": 0.11866327776248242,
            "len": 0.12799607776234082,
            "norm": 0.13833512977563442
        },
        "positive_abs_average": {
            "raw": 0.2291927294978754,
            "max": 0.15433240962450168,
            "len": 0.1628836812614351,
            "norm": 0.18256885004258827
        },
        "negative_abs_average": {
            "raw": 0.09866744032757996,
            "max": 0.0829941459004632,
            "len": 0.0931084742632465,
            "norm": 0.09410140950868058
        },
        "female_abs_average": {
            "raw": 0.22585237448476048,
            "max": 0.16742010521632558,
            "len": 0.1652896343292722,
            "norm": 0.18906408258197338
        },
        "male_abs_average": {
            "raw": 0.10200779534069486,
            "max": 0.06990645030863928,
            "len": 0.09070252119540942,
            "norm": 0.08760617696929547
        },
        "female_positive": {
            "raw": [
                0.38345983898204955,
                1.860933858704578e-17
            ],
            "max": [
                0.2846745176111564,
                5.730470035965191e-10
            ],
            "len": [
                0.27794304199973363,
                1.4942347509259855e-09
            ],
            "norm": [
                0.3170552279668961,
                3.945155450435133e-12
            ]
        },
        "male_positive": {
            "raw": [
                -0.0749256200137012,
                0.11952196869424926
            ],
            "max": [
                -0.023990301637846927,
                0.618600731023365
            ],
            "len": [
                -0.04782432052313658,
                0.32078249817909443
            ],
            "norm": [
                -0.04808247211828042,
                0.31817430543706493
            ]
        },
        "female_negative": {
            "raw": [
                -0.06824490998747142,
                0.007325233962250089
            ],
            "max": [
                -0.050165692821494766,
                0.04881498565306105
            ],
            "len": [
                -0.05263622665881078,
                0.03869994088694038
            ],
            "norm": [
                -0.061072937197050654,
                0.016426267679194934
            ]
        },
        "male_negative": {
            "raw": [
                0.12908997066768851,
                2.936755526137788e-07
            ],
            "max": [
                0.11582259897943163,
                4.292409000723358e-06
            ],
            "len": [
                0.13358072186768224,
                1.1118661895865674e-07
            ],
            "norm": [
                0.12712988182031051,
                4.4421354687116166e-07
            ]
        }
    },
    "attention_flow": {
        "abs_average": {
            "raw": 0.17079149485369477,
            "max": 0.08460735872842304,
            "len": 0.1344745286271815,
            "norm": 0.11069479124032172
        },
        "positive_abs_average": {
            "raw": 0.2374009541811843,
            "max": 0.10770173294528157,
            "len": 0.1754708751967612,
            "norm": 0.15476198243328798
        },
        "negative_abs_average": {
            "raw": 0.10418203552620522,
            "max": 0.061512984511564506,
            "len": 0.09347818205760187,
            "norm": 0.06662760004735546
        },
        "female_abs_average": {
            "raw": 0.19860973676358293,
            "max": 0.08705614905909671,
            "len": 0.16344592940332256,
            "norm": 0.12885067550753931
        },
        "male_abs_average": {
            "raw": 0.14297325294380658,
            "max": 0.08215856839774938,
            "len": 0.10550312785104049,
            "norm": 0.09253890697310414
        },
        "female_positive": {
            "raw": [
                0.328522428490841,
                5.816915842658787e-13
            ],
            "max": [
                0.1271622868540882,
                0.006488172394105927
            ],
            "len": [
                0.28255284781394424,
                7.772976949125526e-10
            ],
            "norm": [
                0.20714486084542208,
                8.020366783987569e-06
            ]
        },
        "male_positive": {
            "raw": [
                -0.1462794798715276,
                0.0022769348367320465
            ],
            "max": [
                -0.08824117903647495,
                0.06658692471897842
            ],
            "len": [
                -0.06838890257957811,
                0.1554240936589504
            ],
            "norm": [
                -0.10237910402115391,
                0.03318713172050498
            ]
        },