{
    "Occlusion": {
        "abs_average": {
            "raw": 0.48719268895293844,
            "max": 0.2559727930438191,
            "len": 0.4029453294073435,
            "norm": 0.2311781587087951
        },
        "positive_abs_average": {
            "raw": 0.40245074954337895,
            "max": 0.3999352379344425,
            "len": 0.3942017573035946,
            "norm": 0.3687728837908678
        },
        "negative_abs_average": {
            "raw": 0.571934628362498,
            "max": 0.11201034815319569,
            "len": 0.4116889015110924,
            "norm": 0.09358343362672247
        },
        "female_abs_average": {
            "raw": 0.6549430367645255,
            "max": 0.39843644329782807,
            "len": 0.5281448877027524,
            "norm": 0.3619071747223196
        },
        "male_abs_average": {
            "raw": 0.3194423411413514,
            "max": 0.11350914278981013,
            "len": 0.27774577111193466,
            "norm": 0.10044914269527064
        },
        "female_positive": {
            "raw": [
                0.7732368151348101,
                4.68742450526165e-92
            ],
            "max": [
                0.6979571058487847,
                5.64691889374751e-68
            ],
            "len": [
                0.7343883781040289,
                1.3426627401032924e-78
            ],
            "norm": [
                0.6650621808573584,
                1.130902274863952e-59
            ]
        },
        "male_positive": {
            "raw": [
                -0.031664683951947784,
                0.5110783447445229
            ],
            "max": [
                -0.1019133700201004,
                0.03399993713581749
            ],
            "len": [
                -0.054015136503160296,
                0.2620529553376326
            ],
            "norm": [
                -0.07248358672437723,
                0.1320910111205777
            ]
        },
        "female_negative": {
            "raw": [
                0.5366492583942408,
                8.259981769320369e-116
            ],
            "max": [
                0.0989157807468715,
                9.945670165652035e-05
            ],
            "len": [
                0.32190139730147577,
                1.5590545075047916e-38
            ],
            "norm": [
                -0.05875216858728088,
                0.02100082241429195
            ]
        },
        "male_negative": {
            "raw": [
                0.607219998330755,
                1.5725999745045102e-158
            ],
            "max": [
                0.12510491555951986,
                6.768219154785058e-07
            ],
            "len": [
                0.5014764057207091,
                1.4735050562343453e-100
            ],
            "norm": [
                0.12841469866616406,
                3.3891052269240115e-07
            ]
        }
    }
}