{
    "Saliency_L2": {
        "abs_average": {
            "raw": 0.4250312347937237,
            "max": 0.09397016947326373,
            "len": 0.38572962964263957,
            "norm": 0.14072104078379305
        },
        "positive_abs_average": {
            "raw": 0.4680295987018094,
            "max": 0.18326970026877817,
            "len": 0.4259786485245386,
            "norm": 0.22673265221505978
        },
        "negative_abs_average": {
            "raw": 0.3820328708856379,
            "max": 0.004670638677749283,
            "len": 0.34548061076074066,
            "norm": 0.05470942935252628
        },
        "female_abs_average": {
            "raw": 0.5220624333411618,
            "max": 0.16544041433710618,
            "len": 0.4426744845869516,
            "norm": 0.23692702234901206
        },
        "male_abs_average": {
            "raw": 0.3280000362462856,
            "max": 0.022499924609421268,
            "len": 0.3287847746983276,
            "norm": 0.044515059218574016
        },
        "female_positive": {
            "raw": [
                0.7050350154417265,
                6.540870631088217e-70
            ],
            "max": [
                0.3287479129003082,
                5.597448642201895e-13
            ],
            "len": [
                0.6195763737913471,
                8.48724182139056e-50
            ],
            "norm": [
                0.42676971439925543,
                1.1850018491125262e-21
            ]
        },
        "male_positive": {
            "raw": [
                -0.23102418196189228,
                1.1780437665731513e-06
            ],
            "max": [
                0.037791487637248156,
                0.43280722445738096
            ],
            "len": [
                -0.2323809232577301,
                1.0153647021719044e-06
            ],
            "norm": [
                0.026695590030864157,
                0.579584173489017
            ]
        },
        "female_negative": {
            "raw": [
                -0.339089851240597,
                7.9824618441756e-43
            ],
            "max": [
                -0.0021329157739041894,
                0.9332827577406339
            ],
            "len": [
                -0.2657725953825561,
                2.33001386742421e-26
            ],
            "norm": [
                -0.04708433029876869,
                0.06445087501140989
            ]
        },
        "male_negative": {
            "raw": [
                0.42497589053067886,
                9.632071948818787e-70
            ],
            "max": [
                0.007208361581594377,
                0.7755510421938877
            ],
            "len": [
                0.42518862613892516,
                8.100013897061392e-70
            ],
            "norm": [
                0.062334528406283875,
                0.013588348282517449
            ]
        }
    },
    "Saliency_mean": {
        "abs_average": {
            "raw": 0.31045658454773634,
            "max": 0.114663340847482,
            "len": 0.27714996516320356,
            "norm": 0.13142431566833399
        },
        "positive_abs_average": {
            "raw": 0.34039883614804733,
            "max": 0.19146685718206366,
            "len": 0.28421589286504007,
            "norm": 0.21372032053848347
        },
        "negative_abs_average": {
            "raw": 0.28051433294742534,
            "max": 0.037859824512900375,
            "len": 0.2700840374613671,
            "norm": 0.04912831079818452
        },
        "female_abs_average": {
            "raw": 0.4230042125785749,
            "max": 0.16442667094902894,
            "len": 0.36266407426571134,
            "norm": 0.1932970533980339
        },
        "male_abs_average": {
            "raw": 0.19790895651689777,
            "max": 0.06490001074593509,
            "len": 0.19163585606069583,
            "norm": 0.06955157793863408
        },
        "female_positive": {
            "raw": [
                -0.5754165997990103,
                1.201867360588123e-41
            ],
            "max": [
                -0.3077609635014928,
                1.7550647726552096e-11
            ],
            "len": [
                -0.5042081376406189,
                7.682603711154451e-31
            ],
            "norm": [
                -0.3566208506534234,
                3.756114200226076e-15
            ]
        },
        "male_positive": {
            "raw": [
                0.10538107249708444,
                0.028335661899942504
            ],
            "max": [
                -0.07517275086263453,
                0.11830387618721173
            ],
            "len": [
                0.06422364808946124,
                0.18222947132902959
            ],
            "norm": [
                -0.07081979042354353,
                0.1412228992252787
            ]
        },
        "female_negative": {
            "raw": [
                -0.2705918253581396,
                2.6772907041290404e-27
            ],
            "max": [
                -0.021092378396565102,
                0.4076981463867391
            ],
            "len": [
                -0.22112001089080374,
                1.525424534877071e-18
            ],
            "norm": [
                -0.029973256142644414,
                0.23931892625434495
            ]
        },
        "male_negative": {
            "raw": [
                0.2904368405367111,
                7.773500134057843e-32
            ],
            "max": [
                0.05462727062923565,
                0.030592847517336617
            ],
            "len": [
                0.3190480640319304,
                2.0697134014159484e-38
            ],
            "norm": [
                0.06828336545372463,
                0.0068506083814412165
            ]
        }
    }
}