{
    "ShapleyValue": {
        "abs_average": {
            "raw": 0.2130979505253576,
            "max": 0.09271186115895956,
            "len": 0.20955858364723043,
            "norm": 0.14235865589858246
        },
        "positive_abs_average": {
            "raw": 0.10241937511807064,
            "max": 0.10553259220655085,
            "len": 0.10538795115602677,
            "norm": 0.16658549886141333
        },
        "negative_abs_average": {
            "raw": 0.3237765259326445,
            "max": 0.07989113011136827,
            "len": 0.3137292161384341,
            "norm": 0.11813181293575158
        },
        "female_abs_average": {
            "raw": 0.25098375504623505,
            "max": 0.11203566526540223,
            "len": 0.24123088355300504,
            "norm": 0.19763700929177164
        },
        "male_abs_average": {
            "raw": 0.17521214600448015,
            "max": 0.07338805705251689,
            "len": 0.17788628374145582,
            "norm": 0.08708030250539327
        },
        "female_positive": {
            "raw": [
                0.14691488676255618,
                0.0016372673963994013
            ],
            "max": [
                0.1629689038479511,
                0.0004692062463673283
            ],
            "len": [
                0.2088433741811895,
                6.729381880093538e-06
            ],
            "norm": [
                0.30845322883299287,
                1.5732228543267566e-11
            ]
        },
        "male_positive": {
            "raw": [
                0.057923863473585115,
                0.22903690470567747
            ],
            "max": [
                0.04809628056515061,
                0.31803518520659485
            ],
            "len": [
                0.0019325281308640201,
                0.9680157144923984
            ],
            "norm": [
                0.024717768889833815,
                0.6079967711174458
            ]
        },
        "female_negative": {
            "raw": [
                0.3550526233299139,
                4.639019727196647e-47
            ],
            "max": [
                0.06110242668285336,
                0.016374267054758862
            ],
            "len": [
                0.2736183929248206,
                6.725398064711271e-28
            ],
            "norm": [
                0.08682078975055044,
                0.0006399419973120944
            ]
        },
        "male_negative": {
            "raw": [
                -0.29250042853537517,
                2.759496006713153e-32
            ],
            "max": [
                -0.09867983353988317,
                9.126552360176385e-05
            ],
            "len": [
                -0.3538400393520476,
                1.978926686979893e-47
            ],
            "norm": [
                -0.14944283612095272,
                2.774095382323693e-09
            ]
        }
    }
}