{
    "InputXGradient_L2": {
        "abs_average": {
            "raw": 0.4102487118961935,
            "max": 0.08936966141511452,
            "len": 0.3811493248669082,
            "norm": 0.1307734746228148
        },
        "positive_abs_average": {
            "raw": 0.46138846839516556,
            "max": 0.1765443389805808,
            "len": 0.42378535637229126,
            "norm": 0.21561238116380183
        },
        "negative_abs_average": {
            "raw": 0.35910895539722143,
            "max": 0.0021949838496482152,
            "len": 0.33851329336152525,
            "norm": 0.04593456808182779
        },
        "female_abs_average": {
            "raw": 0.5087935755247344,
            "max": 0.1593007399018369,
            "len": 0.43495054593455446,
            "norm": 0.22395149486536867
        },
        "male_abs_average": {
            "raw": 0.31170384826765263,
            "max": 0.019438582928392113,
            "len": 0.32734810379926205,
            "norm": 0.037595454380260934
        },
        "female_positive": {
            "raw": [
                0.6995770919581162,
                2.0591586702098717e-68
            ],
            "max": [
                0.31750947170705995,
                3.662687002415283e-12
            ],
            "len": [
                0.6179684869695203,
                1.7719778222400993e-49
            ],
            "norm": [
                0.4099938342450426,
                5.917209649545784e-20
            ]
        },
        "male_positive": {
            "raw": [
                -0.22319984483221494,
                2.7272187323174824e-06
            ],
            "max": [
                0.035579206254101665,
                0.4602416343203417
            ],
            "len": [
                -0.22960222577506215,
                1.3752488137142183e-06
            ],
            "norm": [
                0.021230928082561027,
                0.6595318611093892
            ]
        },
        "female_negative": {
            "raw": [
                -0.3180100590913525,
                1.337714199792975e-37
            ],
            "max": [
                0.001092008096613868,
                0.9658127663173874
            ],
            "len": [
                -0.2519326048995886,
                9.121730780029036e-24
            ],
            "norm": [
                -0.03790915548569473,
                0.13663509912254843
            ]
        },
        "male_negative": {
            "raw": [
                0.40020785170309037,
                2.4106381826469378e-61
            ],
            "max": [
                0.0032979596026825628,
                0.8962127333113145
            ],
            "len": [
                0.4250939818234619,
                8.749100325396777e-70
            ],
            "norm": [
                0.053959980677960845,
                0.0326894913447698
            ]
        }
    },
    "InputXGradient_mean": {
        "abs_average": {
            "raw": 0.38684458690661117,
            "max": 0.13798895159803554,
            "len": 0.3809394308665988,
            "norm": 0.1631570684211483
        },
        "positive_abs_average": {
            "raw": 0.40206498759613973,
            "max": 0.18640220633115112,
            "len": 0.4016912684575367,
            "norm": 0.19983036570606366
        },
        "negative_abs_average": {
            "raw": 0.3716241862170826,
            "max": 0.08957569686491992,
            "len": 0.36018759327566097,
            "norm": 0.1264837711362329
        },
        "female_abs_average": {
            "raw": 0.4834059394504947,
            "max": 0.19048534245652932,
            "len": 0.45281972209741617,
            "norm": 0.2348710756132692
        },
        "male_abs_average": {
            "raw": 0.2902832343627276,
            "max": 0.08549256073954173,
            "len": 0.30905913963578147,
            "norm": 0.09144306122902737
        },
        "female_positive": {
            "raw": [
                0.6179379742687607,
                1.7968306814701267e-49
            ],
            "max": [
                0.2904683530369256,
                2.45999342850791e-10
            ],
            "len": [
                0.592120232619142,
                1.393537299807681e-44
            ],
            "norm": [
                0.35809373190527893,
                2.842963776334679e-15
            ]
        },
        "male_positive": {
            "raw": [
                -0.18619200092351867,
                9.725614927514128e-05
            ],
            "max": [
                0.08233605962537667,
                0.08703379574288847
            ],
            "len": [
                -0.21126230429593137,
                9.270926092956354e-06
            ],
            "norm": [
                0.041566999506848404,
                0.38823320297373604
            ]
        },
        "female_negative": {
            "raw": [
                0.3488739046322287,
                2.1636135061639586e-45
            ],
            "max": [
                0.09050233187613305,
                0.0003716308319577876
            ],
            "len": [
                0.31351921157569035,
                1.5367414941796154e-36
            ],
            "norm": [
                0.11164841932125948,
                1.1033423348203374e-05
            ]
        },
        "male_negative": {
            "raw": [
                -0.3943744678019365,
                1.815006033312156e-59
            ],
            "max": [
                -0.0886490618537068,
                0.00044253975060572334
            ],
            "len": [
                -0.40685597497563153,
                1.573818628214071e-63
            ],
            "norm": [
                -0.14131912295120636,
                1.932715174432504e-08
            ]
        }
    }
}