{
    "Saliency_L2": {
        "abs_average": {
            "raw": 0.23884911604491105,
            "max": 0.22504529597401224,
            "len": 0.2996130431319025,
            "norm": 0.24996349806665608
        },
        "positive_abs_average": {
            "raw": 0.341775584721637,
            "max": 0.3382182454055771,
            "len": 0.43267792509873343,
            "norm": 0.38176023421614114
        },
        "negative_abs_average": {
            "raw": 0.13592264736818513,
            "max": 0.11187234654244738,
            "len": 0.16654816116507162,
            "norm": 0.11816676191717108
        },
        "female_abs_average": {
            "raw": 0.40473012163697647,
            "max": 0.1556236364586554,
            "len": 0.38953440767774483,
            "norm": 0.2097407329164056
        },
        "male_abs_average": {
            "raw": 0.07296811045284565,
            "max": 0.2944669554893691,
            "len": 0.2096916785860602,
            "norm": 0.29018626321690655
        },
        "female_positive": {
            "raw": [
                0.5884803501118703,
                2.0795608650089543e-36
            ],
            "max": [
                0.30206307617551637,
                2.2599530470734544e-09
            ],
            "len": [
                0.5593531574902493,
                2.4580992415542523e-32
            ],
            "norm": [
                0.40707684855191467,
                1.9321394810243403e-16
            ]
        },
        "male_positive": {
            "raw": [
                0.09507081933140372,
                0.09106038167757648
            ],
            "max": [
                0.3743734146356378,
                5.523837375052708e-12
            ],
            "len": [
                -0.3060026927072176,
                2.687677644790314e-08
            ],
            "norm": [
                0.35644361988036755,
                6.268455613056307e-11
            ]
        },
        "female_negative": {
            "raw": [
                -0.2209798931620827,
                2.0606576781437283e-19
            ],
            "max": [
                0.00918419674179441,
                0.7115049177809326
            ],
            "len": [
                -0.21971565786524042,
                3.331845002815718e-19
            ],
            "norm": [
                -0.012404617280896554,
                0.6174084965107137
            ]
        },
        "male_negative": {
            "raw": [
                0.050865401574287566,
                0.036931361924950216
            ],
            "max": [
                -0.21456049634310034,
                5.609251152177642e-19
            ],
            "len": [
                0.11338066446490282,
                3.116947766445513e-06
            ],
            "norm": [
                -0.2239289065534456,
                1.4306060543839712e-20
            ]
        }
    },
    "Saliency_mean": {
        "abs_average": {
            "raw": 0.2372072570473066,
            "max": 0.19346591133289742,
            "len": 0.2175182595060432,
            "norm": 0.22296277510114587
        },
        "positive_abs_average": {
            "raw": 0.30587327348733656,
            "max": 0.2823701643456137,
            "len": 0.29446888770606755,
            "norm": 0.31255201945407274
        },
        "negative_abs_average": {
            "raw": 0.16854124060727665,
            "max": 0.1045616583201812,
            "len": 0.14056763130601888,
            "norm": 0.133373530748219
        },
        "female_abs_average": {
            "raw": 0.3675464982216692,
            "max": 0.12953427357389044,
            "len": 0.3449215707872838,
            "norm": 0.17141612944100504
        },
        "male_abs_average": {
            "raw": 0.10686801587294406,
            "max": 0.25739754909190443,
            "len": 0.0901149482248026,
            "norm": 0.2745094207612867
        },
        "female_positive": {
            "raw": [
                0.44690296172053146,
                7.353722467427397e-20
            ],
            "max": [
                0.24395508259753146,
                1.6909506675342375e-06
            ],
            "len": [
                0.4737439796098549,
                1.9703427291324391e-22
            ],
            "norm": [
                0.26580802352875765,
                1.6818186778133272e-07
            ]
        },
        "male_positive": {
            "raw": [
                -0.16484358525414164,
                0.003244976891658904
            ],
            "max": [
                -0.3207852460936959,
                5.095630680374656e-09
            ],
            "len": [
                0.11519379580228013,
                0.040394391948528445
            ],
            "norm": [
                -0.3592960153793878,
                4.302247181060178e-11
            ]
        },
        "female_negative": {
            "raw": [
                -0.28819003472280685,
                1.9735491898175247e-32
            ],
            "max": [
                0.015113464550249435,
                0.5427753203415921
            ],
            "len": [
                -0.21609916196471268,
                1.2957544227003817e-18
            ],
            "norm": [
                -0.0770242353532524,
                0.0018949824100173917
            ]
        },
        "male_negative": {
            "raw": [
                0.04889244649174648,
                0.044910516005288385
            ],
            "max": [
                -0.19400985209011298,
                9.776711822335296e-16
            ],
            "len": [
                0.06503610064732505,
                0.007609797596821645
            ],
            "norm": [
                -0.1897228261431856,
                4.198081542762442e-15
            ]
        }
    }
}