{
    "ShapleyValue": {
        "abs_average": {
            "raw": 0.1574914552062818,
            "max": 0.0708021813118781,
            "len": 0.16071179963724136,
            "norm": 0.10526672672963062
        },
        "positive_abs_average": {
            "raw": 0.13709561589072616,
            "max": 0.08004280895471881,
            "len": 0.1323398394808299,
            "norm": 0.12970105736376655
        },
        "negative_abs_average": {
            "raw": 0.17788729452183746,
            "max": 0.06156155366903737,
            "len": 0.18908375979365288,
            "norm": 0.08083239609549471
        },
        "female_abs_average": {
            "raw": 0.1796328390215597,
            "max": 0.037162188498685945,
            "len": 0.2694279958927185,
            "norm": 0.1172848038503794
        },
        "male_abs_average": {
            "raw": 0.1353500713910039,
            "max": 0.10444217412507024,
            "len": 0.05199560338176426,
            "norm": 0.09324864960888185
        },
        "female_positive": {
            "raw": [
                0.08110243503927052,
                0.11641846002846591
            ],
            "max": [
                -0.013302523242866748,
                0.7971031011366707
            ],
            "len": [
                0.22840691477362127,
                7.694962198527643e-06
            ],
            "norm": [
                0.11179497503096508,
                0.03020698992208568
            ]
        },
        "male_positive": {
            "raw": [
                0.1930887967421818,
                0.000546520204618844
            ],
            "max": [
                0.14678309466657088,
                0.00886373533634079
            ],
            "len": [
                -0.03627276418803852,
                0.5199134890571754
            ],
            "norm": [
                0.14760713969656802,
                0.008485349160871373
            ]
        },
        "female_negative": {
            "raw": [
                0.27816324300384887,
                3.0545550020475946e-30
            ],
            "max": [
                0.06102185375450515,
                0.013912631163791489
            ],
            "len": [
                0.31044907701181573,
                1.280652605714137e-37
            ],
            "norm": [
                0.12277463266979373,
                6.953562493479877e-07
            ]
        },
        "male_negative": {
            "raw": [
                0.07761134603982604,
                0.0014405576897490112
            ],
            "max": [
                0.062101253583569604,
                0.010827028374736408
            ],
            "len": [
                -0.06771844257549,
                0.005448726987731458
            ],
            "norm": [
                0.038890159521195684,
                0.11074293010565457
            ]
        }
    }
}