{
    "Occlusion": {
        "abs_average": {
            "raw": 0.33426403784071845,
            "max": 0.26479792328703117,
            "len": 0.2585645046029471,
            "norm": 0.2619306459629547
        },
        "positive_abs_average": {
            "raw": 0.4277268524053468,
            "max": 0.4485709495058388,
            "len": 0.3122387799979762,
            "norm": 0.4490993635762912
        },
        "negative_abs_average": {
            "raw": 0.2408012232760901,
            "max": 0.08102489706822358,
            "len": 0.20489022920791802,
            "norm": 0.07476192834961809
        },
        "female_abs_average": {
            "raw": 0.4751921460727773,
            "max": 0.34826729819271657,
            "len": 0.4523181948909496,
            "norm": 0.3058384790546028
        },
        "male_abs_average": {
            "raw": 0.19333592960865958,
            "max": 0.1813285483813458,
            "len": 0.06481081431494466,
            "norm": 0.21802281287130648
        },
        "female_positive": {
            "raw": [
                0.6026472327240645,
                1.526863100583162e-38
            ],
            "max": [
                0.6082899575164786,
                2.0122961460678484e-39
            ],
            "len": [
                0.5264761610717704,
                3.3871453271318204e-28
            ],
            "norm": [
                0.5554209004408237,
                8.129685031477271e-32
            ]
        },
        "male_positive": {
            "raw": [
                0.25280647208662904,
                5.175245773166577e-06
            ],
            "max": [
                0.288851941495199,
                1.653915354155894e-07
            ],
            "len": [
                -0.09800139892418207,
                0.08147899013735935
            ],
            "norm": [
                0.3427778267117587,
                3.614183421594951e-10
            ]
        },
        "female_negative": {
            "raw": [
                0.34773705942149014,
                2.2923459399345884e-47
            ],
            "max": [
                0.08824463886895455,
                0.00037033308799530015
            ],
            "len": [
                0.3781602287101288,
                2.3062704382837328e-56
            ],
            "norm": [
                0.05625605766838193,
                0.023383740262375295
            ]
        },
        "male_negative": {
            "raw": [
                0.1338653871306901,
                3.537880232322751e-08
            ],
            "max": [
                -0.0738051552674926,
                0.002448016389453334
            ],
            "len": [
                -0.031620229705707256,
                0.19478233906712447
            ],
            "norm": [
                -0.09326779903085425,
                0.00012722683685913652
            ]
        }
    }
}