{
    "IntegratedGradients_L2": {
        "abs_average": {
            "raw": 0.20173684777632545,
            "max": 0.21956281194818447,
            "len": 0.22281512094348047,
            "norm": 0.22565485768694615
        },
        "positive_abs_average": {
            "raw": 0.24886529817355463,
            "max": 0.3411669370707756,
            "len": 0.2984320104388622,
            "norm": 0.331935503543052
        },
        "negative_abs_average": {
            "raw": 0.15460839737909626,
            "max": 0.09795868682559335,
            "len": 0.14719823144809874,
            "norm": 0.11937421183084032
        },
        "female_abs_average": {
            "raw": 0.30104725628693213,
            "max": 0.161978367002379,
            "len": 0.284247356484064,
            "norm": 0.18814797642632664
        },
        "male_abs_average": {
            "raw": 0.10242643926571879,
            "max": 0.27714725689398995,
            "len": 0.16138288540289691,
            "norm": 0.26316173894756567
        },
        "female_positive": {
            "raw": [
                0.3885070542738531,
                5.385642054779348e-15
            ],
            "max": [
                0.3232708344708279,
                1.355676134944563e-10
            ],
            "len": [
                0.36268233547714107,
                3.9330337271447546e-13
            ],
            "norm": [
                0.3615828692911278,
                4.681965855857889e-13
            ]
        },
        "male_positive": {
            "raw": [
                0.10922354207325614,
                0.052039867932862804
            ],
            "max": [
                0.3590630396707233,
                4.4371880049157364e-11
            ],
            "len": [
                -0.23418168540058332,
                2.5342633310953022e-05
            ],
            "norm": [
                0.3022881377949762,
                4.0241608128417724e-08
            ]
        },
        "female_negative": {
            "raw": [
                -0.2135874583000111,
                3.2808919415830054e-18
            ],
            "max": [
                -0.0006858995339301066,
                0.9779654648353797
            ],
            "len": [
                -0.205812377490987,
                5.4080428500525665e-17
            ],
            "norm": [
                -0.01471308356152548,
                0.5535182497130772
            ]
        },
        "male_negative": {
            "raw": [
                -0.09562933645818142,
                8.52192140776662e-05
            ],
            "max": [
                -0.19523147411725658,
                6.414191510747641e-16
            ],
            "len": [
                0.0885840854052105,
                0.0002741643809468758
            ],
            "norm": [
                -0.22403534010015516,
                1.370866927701404e-20
            ]
        }
    },
    "IntegratedGradients_mean": {
        "abs_average": {
            "raw": 0.2621170983674216,
            "max": 0.2524017604857718,
            "len": 0.13982234015572295,
            "norm": 0.25716789352873093
        },
        "positive_abs_average": {
            "raw": 0.35857236382676433,
            "max": 0.3930460227293173,
            "len": 0.19385390593538773,
            "norm": 0.4033487493346044
        },
        "negative_abs_average": {
            "raw": 0.16566183290807884,
            "max": 0.11175749824222632,
            "len": 0.08579077437605817,
            "norm": 0.11098703772285741
        },
        "female_abs_average": {
            "raw": 0.19839457019288664,
            "max": 0.19187051519830173,
            "len": 0.2448905205794855,
            "norm": 0.18770071004552355
        },
        "male_abs_average": {
            "raw": 0.32583962654195653,
            "max": 0.3129330057732419,
            "len": 0.03475415973196043,
            "norm": 0.3266350770119383
        },
        "female_positive": {
            "raw": [
                0.3963429858829215,
                1.3566003575970014e-15
            ],
            "max": [
                0.32371144755691167,
                1.2756583388627145e-10
            ],
            "len": [
                0.3801820504593158,
                2.239406539266918e-14
            ],
            "norm": [
                0.3655961078841731,
                2.4700100795876055e-13
            ]
        },
        "male_positive": {
            "raw": [
                0.32080174177060716,
                5.085923937235857e-09
            ],
            "max": [
                0.462380597901723,
                3.3834325332847367e-18
            ],
            "len": [
                0.007525761411459665,
                0.8938256898448789
            ],
            "norm": [
                0.4411013907850357,
                1.5912747883846466e-16
            ]
        },
        "female_negative": {
            "raw": [
                0.0004461545028517792,
                0.9856662281231883
            ],
            "max": [
                0.06002958283969179,
                0.015544230817463162
            ],
            "len": [
                0.10959899069965516,
                9.570476957812951e-06
            ],
            "norm": [
                0.009805312206873999,
                0.692954792830927
            ]
        },
        "male_negative": {
            "raw": [
                0.3308775113133059,
                2.7726234837309906e-44
            ],
            "max": [
                0.16348541364476085,
                1.5057089207434548e-11
            ],
            "len": [
                0.06198255805246119,
                0.010979436525298002
            ],
            "norm": [
                0.21216876323884082,
                1.3930778810280074e-18
            ]
        }
    }
}