{
    "InputXGradient_L2": {
        "abs_average": {
            "raw": 0.23262425466724063,
            "max": 0.22287419580032314,
            "len": 0.2868253437719167,
            "norm": 0.24374299611923006
        },
        "positive_abs_average": {
            "raw": 0.35709176232262696,
            "max": 0.32298908526681347,
            "len": 0.4159371620870522,
            "norm": 0.36594031308431674
        },
        "negative_abs_average": {
            "raw": 0.1081567470118543,
            "max": 0.12275930633383275,
            "len": 0.15771352545678122,
            "norm": 0.12154567915414344
        },
        "female_abs_average": {
            "raw": 0.38076904970963044,
            "max": 0.14130735067107805,
            "len": 0.3826762526087698,
            "norm": 0.18618333902303785
        },
        "male_abs_average": {
            "raw": 0.08447945962485082,
            "max": 0.3044410409295682,
            "len": 0.1909744349350636,
            "norm": 0.30130265321542227
        },
        "female_positive": {
            "raw": [
                0.5554842421359194,
                7.975547448106809e-32
            ],
            "max": [
                0.26229968355744004,
                2.471268878222372e-07
            ],
            "len": [
                0.5485725981048056,
                6.287541416410983e-31
            ],
            "norm": [
                0.3693312074881453,
                1.3511703037704315e-13
            ]
        },
        "male_positive": {
            "raw": [
                0.15869928250933454,
                0.004620442111946494
            ],
            "max": [
                0.38367848697618695,
                1.4742249714436266e-12
            ],
            "len": [
                -0.28330172606929876,
                2.9037464282686205e-07
            ],
            "norm": [
                0.3625494186804881,
                2.7877581667735347e-11
            ]
        },
        "female_negative": {
            "raw": [
                -0.20605385728334152,
                4.9655023467361706e-17
            ],
            "max": [
                0.020315017784716068,
                0.41328490280016494
            ],
            "len": [
                -0.21677990711273398,
                1.0053083063066157e-18
            ],
            "norm": [
                0.0030354705579304047,
                0.902715151667774
            ]
        },
        "male_negative": {
            "raw": [
                0.010259636740367086,
                0.6740518525363866
            ],
            "max": [
                -0.22520359488294944,
                8.571038666519872e-21
            ],
            "len": [
                0.09864714380082847,
                5.0387505846347486e-05
            ],
            "norm": [
                -0.24005588775035647,
                1.7338671027848804e-23
            ]
        }
    },
    "InputXGradient_mean": {
        "abs_average": {
            "raw": 0.27486816851156903,
            "max": 0.15188422369425086,
            "len": 0.25689194461261705,
            "norm": 0.18781594749467725
        },
        "positive_abs_average": {
            "raw": 0.35618439179504235,
            "max": 0.24705970259976423,
            "len": 0.3131363013233659,
            "norm": 0.3149698468213348
        },
        "negative_abs_average": {
            "raw": 0.19355194522809577,
            "max": 0.0567087447887375,
            "len": 0.20064758790186815,
            "norm": 0.06066204816801972
        },
        "female_abs_average": {
            "raw": 0.3999782445585622,
            "max": 0.1455047610656089,
            "len": 0.3955557159910984,
            "norm": 0.21611305834131286
        },
        "male_abs_average": {
            "raw": 0.14975809246457594,
            "max": 0.15826368632289284,
            "len": 0.1182281732341357,
            "norm": 0.15951883664804165
        },
        "female_positive": {
            "raw": [
                0.5579672149867854,
                3.7538717520222623e-32
            ],
            "max": [
                0.2438020919157333,
                1.7172222753925126e-06
            ],
            "len": [
                0.5215540579266185,
                1.2923059762407131e-27
            ],
            "norm": [
                0.3706538216035414,
                1.089236528922287e-13
            ]
        },
        "male_positive": {
            "raw": [
                0.15440156860329934,
                0.0058742379654282565
            ],
            "max": [
                0.2503173132837952,
                6.446520847453908e-06
            ],
            "len": [
                -0.10471854472011335,
                0.06257231618797646
            ],
            "norm": [
                0.25928587203912823,
                2.890227736653507e-06
            ]
        },
        "female_negative": {
            "raw": [
                0.24198927413033897,
                4.51997269666497e-23
            ],
            "max": [
                0.04720743021548451,
                0.05717084984036308
            ],
            "len": [
                0.2695573740555783,
                1.9643732948037418e-28
            ],
            "norm": [
                0.06157229507908437,
                0.013074296909541703
            ]
        },
        "male_negative": {
            "raw": [
                -0.14511461632585254,
                2.2245871132841806e-09
            ],
            "max": [
                0.06621005936199048,
                0.006583868167291688
            ],
            "len": [
                -0.13173780174815805,
                5.824671910535198e-08
            ],
            "norm": [
                0.05975180125695507,
                0.014220282541297785
            ]
        }
    }
}