{
    "raw_attention": {
        "abs_average": {
            "raw": 0.15410016764755344,
            "max": 0.17809132191473537,
            "len": 0.1593890223028286,
            "norm": 0.18722291062488458
        },
        "positive_abs_average": {
            "raw": 0.24440504330629295,
            "max": 0.2707895237118687,
            "len": 0.25924050157072953,
            "norm": 0.28746357671602474
        },
        "negative_abs_average": {
            "raw": 0.06379529198881392,
            "max": 0.08539312011760203,
            "len": 0.059537543034927656,
            "norm": 0.0869822445337444
        },
        "female_abs_average": {
            "raw": 0.22537586558339573,
            "max": 0.2054516684002089,
            "len": 0.1885791101250996,
            "norm": 0.20701519473515817
        },
        "male_abs_average": {
            "raw": 0.08282446971171115,
            "max": 0.15073097542926184,
            "len": 0.13019893448055758,
            "norm": 0.167430626514611
        },
        "female_positive": {
            "raw": [
                0.3640648596305038,
                3.1559117140986236e-13
            ],
            "max": [
                0.32212957483528026,
                1.586330124815333e-10
            ],
            "len": [
                0.2994531908695725,
                3.146637045585223e-09
            ],
            "norm": [
                0.3301252052745469,
                5.203156025696593e-11
            ]
        },
        "male_positive": {
            "raw": [
                0.12474522698208211,
                0.026355449922540762
            ],
            "max": [
                0.21944947258845718,
                8.152139689671823e-05
            ],
            "len": [
                -0.2190278122718865,
                8.419889407052239e-05
            ],
            "norm": [
                0.24480194815750259,
                1.040326075032987e-05
            ]
        },
        "female_negative": {
            "raw": [
                -0.08668687153628765,
                0.0004700294993020885
            ],
            "max": [
                -0.08877376196513755,
                0.00034123185362977104
            ],
            "len": [
                -0.07770502938062668,
                0.0017258556659441383
            ],
            "norm": [
                -0.08390518419576941,
                0.000712687140392134
            ]
        },
        "male_negative": {
            "raw": [
                -0.04090371244134019,
                0.09344380041591346
            ],
            "max": [
                -0.08201247827006652,
                0.0007580192929810699
            ],
            "len": [
                0.04137005668922864,
                0.08976352618058815
            ],
            "norm": [
                -0.0900593048717194,
                0.00021610827256045588
            ]
        }
    },
    "attention_rollout": {
        "abs_average": {
            "raw": 0.15238025917337367,
            "max": 0.19641408252564607,
            "len": 0.1443451625080065,
            "norm": 0.20131914365872441
        },
        "positive_abs_average": {
            "raw": 0.20865464656755298,
            "max": 0.2192738628679841,
            "len": 0.20740627825505692,
            "norm": 0.24244809029492442
        },
        "negative_abs_average": {
            "raw": 0.09610587177919436,
            "max": 0.17355430218330808,
            "len": 0.08128404676095609,
            "norm": 0.16019019702252435
        },
        "female_abs_average": {
            "raw": 0.22257212010466126,
            "max": 0.11981474090696732,
            "len": 0.18647457377374127,
            "norm": 0.15588920857300914
        },
        "male_abs_average": {
            "raw": 0.08218839824208608,
            "max": 0.27301342414432483,
            "len": 0.10221575124227172,
            "norm": 0.2467490787444397
        },
        "female_positive": {
            "raw": [
                0.31774577924982406,
                2.8830656230973786e-10
            ],
            "max": [
                0.10049727542681441,
                0.051515772673994174
            ],
            "len": [
                0.2539620064683668,
                6.032985702516969e-07
            ],
            "norm": [
                0.17525704181497562,
                0.0006413388472336261
            ]
        },
        "male_positive": {
            "raw": [
                0.09956351388528188,
                0.07671452257884662
            ],
            "max": [
                0.33805045030915376,
                6.497642880583682e-10
            ],
            "len": [
                -0.16085055004174703,
                0.004088283329075045
            ],
            "norm": [
                0.30963913877487326,
                1.800458177956254e-08
            ]
        },
        "female_negative": {
            "raw": [
                -0.12739846095949844,
                2.5901215082246513e-07
            ],
            "max": [
                -0.13913220638712023,
                1.8025339862970325e-08
            ],
            "len": [
                -0.11898714107911576,
                1.5210660842743734e-06
            ],
            "norm": [
                -0.13652137533104264,
                3.326882712855419e-08
            ]
        },
        "male_negative": {
            "raw": [
                -0.06481328259889028,
                0.007819954862694952
            ],
            "max": [
                -0.20797639797949594,
                6.684441742561111e-18
            ],
            "len": [
                0.043580952442796424,
                0.0738724500596119
            ],
            "norm": [
                -0.1838590187140061,
                2.91607161815863e-14
            ]
        }
    },
    "attention_flow": {
        "abs_average": {
            "raw": 0.10269928849502015,
            "max": 0.17211044405572082,
            "len": 0.14896553940226792,
            "norm": 0.2125720626286515
        },
        "positive_abs_average": {
            "raw": 0.15684936856296522,
            "max": 0.22757640697315978,
            "len": 0.24689190116842788,
            "norm": 0.2921258009340956
        },
        "negative_abs_average": {
            "raw": 0.048549208427075094,
            "max": 0.11664448113828185,
            "len": 0.051039177636107935,
            "norm": 0.13301832432320737
        },
        "female_abs_average": {
            "raw": 0.18314399275701765,
            "max": 0.018767198892712507,
            "len": 0.17520570433329935,
            "norm": 0.06873309870184774
        },
        "male_abs_average": {
            "raw": 0.02225458423302266,
            "max": 0.32545368921872914,
            "len": 0.12272537447123646,
            "norm": 0.35641102655545526
        },
        "female_positive": {
            "raw": [
                0.30221374547504054,
                2.2169563394007432e-09
            ],
            "max": [
                -0.027657302424458706,
                0.5929184314706961
            ],
            "len": [
                0.28731984174619296,
                1.4044700726629816e-08
            ],
            "norm": [
                0.11742711715452092,
                0.022768380769652135
            ]
        },
        "male_positive": {
            "raw": [
                -0.011484991650889884,
                0.8386009249448105
            ],
            "max": [
                0.4274955115218609,
                1.6266063739699191e-15
            ],
            "len": [
                -0.2064639605906628,
                0.0002143939684352923
            ],
            "norm": [
                0.46682448471367033,
                1.4625668816903867e-18
            ]
        },