{
    "DeepLift_L2": {
        "abs_average": {
            "raw": 0.259771782298734,
            "max": 0.21223090755071825,
            "len": 0.35171218216294964,
            "norm": 0.2380302142761943
        },
        "positive_abs_average": {
            "raw": 0.37300964791016317,
            "max": 0.30961555822380094,
            "len": 0.48234301035334287,
            "norm": 0.3604090594497013
        },
        "negative_abs_average": {
            "raw": 0.1465339166873048,
            "max": 0.1148462568776355,
            "len": 0.22108135397255646,
            "norm": 0.11565136910268725
        },
        "female_abs_average": {
            "raw": 0.44459245508216766,
            "max": 0.133059584788274,
            "len": 0.47494677603100927,
            "norm": 0.1981191081542232
        },
        "male_abs_average": {
            "raw": 0.07495110951530032,
            "max": 0.2914022303131625,
            "len": 0.22847758829489007,
            "norm": 0.2779413203981654
        },
        "female_positive": {
            "raw": [
                0.6123541954845738,
                4.557983462689417e-40
            ],
            "max": [
                0.2497378613925536,
                9.371307368764805e-07
            ],
            "len": [
                0.6418015339903832,
                4.923548676078261e-45
            ],
            "norm": [
                0.38593498057963554,
                8.401012764934781e-15
            ]
        },
        "male_positive": {
            "raw": [
                0.13366510033575252,
                0.017259503500937287
            ],
            "max": [
                0.3694932550550483,
                1.0861215483882771e-11
            ],
            "len": [
                -0.32288448671630254,
                3.994049518304647e-09
            ],
            "norm": [
                0.33488313831976707,
                9.572879472956226e-10
            ]
        },
        "female_negative": {
            "raw": [
                -0.2768307146797615,
                5.877735387164931e-30
            ],
            "max": [
                0.01638130818399441,
                0.5094563857973883
            ],
            "len": [
                -0.30809201807163533,
                4.769971025243731e-37
            ],
            "norm": [
                -0.010303235728810842,
                0.6782149593785017
            ]
        },
        "male_negative": {
            "raw": [
                0.016237118694848104,
                0.5056241324283361
            ],
            "max": [
                -0.21331120557127659,
                9.033507289616421e-19
            ],
            "len": [
                0.13407068987347762,
                3.3703079973940045e-08
            ],
            "norm": [
                -0.22099950247656366,
                4.588233931048453e-20
            ]
        }
    },
    "DeepLift_mean": {
        "abs_average": {
            "raw": 0.13875274745444505,
            "max": 0.12840393783587523,
            "len": 0.2105895102841736,
            "norm": 0.1394527947727955
        },
        "positive_abs_average": {
            "raw": 0.23239377430566002,
            "max": 0.18406503288677506,
            "len": 0.2873202511795641,
            "norm": 0.20164248008179209
        },
        "negative_abs_average": {
            "raw": 0.0451117206032301,
            "max": 0.07274284278497543,
            "len": 0.13385876938878316,
            "norm": 0.07726310946379893
        },
        "female_abs_average": {
            "raw": 0.24207485168628673,
            "max": 0.08750542344018826,
            "len": 0.2582935128160612,
            "norm": 0.11886356221537257
        },
        "male_abs_average": {
            "raw": 0.035430643222603385,
            "max": 0.1693024522315622,
            "len": 0.16288550775228602,
            "norm": 0.16004202733021844
        },
        "female_positive": {
            "raw": [
                0.4347674371568125,
                9.05229550933363e-19
            ],
            "max": [
                0.13853590670445878,
                0.007137690349195746
            ],
            "len": [
                0.41656151821845844,
                3.253135454634931e-17
            ],
            "norm": [
                0.19889665395413814,
                0.0001032733460919734
            ]
        },
        "male_positive": {
            "raw": [
                -0.03002011145450757,
                0.5943787251363087
            ],
            "max": [
                -0.2295941590690913,
                3.676531634778003e-05
            ],
            "len": [
                0.15807898414066976,
                0.00478507480750321
            ],
            "norm": [
                -0.204388306209446,
                0.0002488883154962293
            ]
        },
        "female_negative": {
            "raw": [
                0.04938226621576099,
                0.046620480707260575
            ],
            "max": [
                0.03647494017591774,
                0.1417632393289584
            ],
            "len": [
                -0.10002550741366405,
                5.392201874501412e-05
            ],
            "norm": [
                0.03883047047660701,
                0.11776834356307529
            ]
        },
        "male_negative": {
            "raw": [
                0.0408411749906992,
                0.09394639961718418
            ],
            "max": [
                -0.10901074539403313,
                7.389868012740049e-06
            ],
            "len": [
                0.1676920313639023,
                4.4083265169792045e-12
            ],
            "norm": [
                -0.11569574845099084,
                1.9473912335042248e-06
            ]
        }
    }
}