{
    "Occlusion": {
        "abs_average": {
            "raw": 0.3515249745560711,
            "max": 0.1407829635987168,
            "len": 0.3888386641892051,
            "norm": 0.1397790691276035
        },
        "positive_abs_average": {
            "raw": 0.24992796207138482,
            "max": 0.18301664281606847,
            "len": 0.3246349961342862,
            "norm": 0.19345826049863424
        },
        "negative_abs_average": {
            "raw": 0.45312198704075746,
            "max": 0.09854928438136515,
            "len": 0.45304233224412405,
            "norm": 0.08609987775657271
        },
        "female_abs_average": {
            "raw": 0.41889706741737004,
            "max": 0.2124676766839676,
            "len": 0.5259313549226257,
            "norm": 0.19010870855496262
        },
        "male_abs_average": {
            "raw": 0.2841528816947722,
            "max": 0.06909825051346602,
            "len": 0.2517459734557846,
            "norm": 0.08944942970024436
        },
        "female_positive": {
            "raw": [
                0.3780463270758558,
                5.011657089649544e-18
            ],
            "max": [
                0.36083483068590827,
                1.8794665650831885e-16
            ],
            "len": [
                0.5126838130238465,
                4.601760672716184e-34
            ],
            "norm": [
                0.3286520649118603,
                9.371688526110694e-14
            ]
        },
        "male_positive": {
            "raw": [
                0.12180959706691386,
                0.009145331825463796
            ],
            "max": [
                -0.005198454946228676,
                0.9117537939969935
            ],
            "len": [
                0.1365861792447259,
                0.0034378738740088186
            ],
            "norm": [
                0.05826445608540823,
                0.21379526023867282
            ]
        },
        "female_negative": {
            "raw": [
                0.4597478077588843,
                6.150973577259855e-80
            ],
            "max": [
                0.06410052268202693,
                0.012666317609338796
            ],
            "len": [
                0.5391788968214049,
                8.91560373522286e-115
            ],
            "norm": [
                0.05156535219806496,
                0.044988116974071735
            ]
        },
        "male_negative": {
            "raw": [
                0.44649616632263056,
                1.802789197869611e-76
            ],
            "max": [
                0.13299804608070337,
                1.5766441748688942e-07
            ],
            "len": [
                0.36690576766684324,
                2.288572908886031e-50
            ],
            "norm": [
                0.12063440331508048,
                2.0124656827808996e-06
            ]
        }
    }
}