{
    "InputXGradient_L2": {
        "abs_average": {
            "raw": 0.27453784542359005,
            "max": 0.13866014610083097,
            "len": 0.30826303112656417,
            "norm": 0.15003999442219612
        },
        "positive_abs_average": {
            "raw": 0.20067540666539652,
            "max": 0.15572901005685125,
            "len": 0.3549266260624909,
            "norm": 0.15670688985042316
        },
        "negative_abs_average": {
            "raw": 0.3484002841817837,
            "max": 0.12159128214481069,
            "len": 0.26159943619063747,
            "norm": 0.1433730989939691
        },
        "female_abs_average": {
            "raw": 0.34531037306482565,
            "max": 0.14340477948407065,
            "len": 0.42928928594122184,
            "norm": 0.16513879876578563
        },
        "male_abs_average": {
            "raw": 0.20376531778235452,
            "max": 0.13391551271759128,
            "len": 0.1872367763119065,
            "norm": 0.13494119007860664
        },
        "female_positive": {
            "raw": [
                0.27632029671466574,
                5.306272211978155e-10
            ],
            "max": [
                0.23847963291549343,
                9.724630988098439e-08
            ],
            "len": [
                0.5326042374400952,
                4.194395858942772e-37
            ],
            "norm": [
                0.2638397233373188,
                3.2458400430398956e-09
            ]
        },
        "male_positive": {
            "raw": [
                0.12503051661612727,
                0.007449875961412
            ],
            "max": [
                -0.07297838719820905,
                0.11925576531705664
            ],
            "len": [
                0.17724901468488657,
                0.0001395440049655505
            ],
            "norm": [
                0.04957405636352753,
                0.2902742279035439
            ]
        },
        "female_negative": {
            "raw": [
                0.41430044941498556,
                8.855222007014296e-64
            ],
            "max": [
                -0.04832992605264787,
                0.06026825260993969
            ],
            "len": [
                0.3259743344423485,
                9.152394008237676e-39
            ],
            "norm": [
                -0.06643787419425243,
                0.009762820002043099
            ]
        },
        "male_negative": {
            "raw": [
                0.2825001189485818,
                1.053714377834694e-29
            ],
            "max": [
                0.1948526382369735,
                1.1457277814238025e-14
            ],
            "len": [
                0.19722453793892644,
                5.3748196594782846e-15
            ],
            "norm": [
                0.22030832379368576,
                2.0463691479055748e-18
            ]
        }
    },
    "InputXGradient_mean": {
        "abs_average": {
            "raw": 0.2583244201427115,
            "max": 0.06944245434927998,
            "len": 0.24351787371366979,
            "norm": 0.06761691192501736
        },
        "positive_abs_average": {
            "raw": 0.1159779239639264,
            "max": 0.05441054071296207,
            "len": 0.2264236962279348,
            "norm": 0.04742354754717591
        },
        "negative_abs_average": {
            "raw": 0.4006709163214966,
            "max": 0.08447436798559788,
            "len": 0.2606120511994047,
            "norm": 0.08781027630285879
        },
        "female_abs_average": {
            "raw": 0.3307276795653802,
            "max": 0.035998023330609155,
            "len": 0.31068402853370514,
            "norm": 0.032930811529050884
        },
        "male_abs_average": {
            "raw": 0.18592116072004283,
            "max": 0.10288688536795079,
            "len": 0.1763517188936344,
            "norm": 0.10230301232098382
        },
        "female_positive": {
            "raw": [
                -0.10070250759716623,
                0.026111888818053774
            ],
            "max": [
                -0.04728978251823365,
                0.2971476018502439
            ],
            "len": [
                -0.23906105249246817,
                9.032504238522328e-08
            ],
            "norm": [
                -0.04152049255143913,
                0.3600550544455588
            ]
        },
        "male_positive": {
            "raw": [
                -0.13125334033068656,
                0.0049486269776063884
            ],
            "max": [
                0.0615312989076905,
                0.18917252829635495
            ],
            "len": [
                -0.21378633996340143,
                4.004842698138533e-06
            ],
            "norm": [
                0.0533266025429127,
                0.2552540794250935
            ]
        },
        "female_negative": {
            "raw": [
                -0.5607528515335941,
                5.963696622174794e-126
            ],
            "max": [
                0.024706264142984664,
                0.33703439798954443
            ],
            "len": [
                -0.38230700457494204,
                8.280950625598168e-54
            ],
            "norm": [
                0.024341130506662634,
                0.34422577045818553
            ]
        },
        "male_negative": {
            "raw": [
                -0.2405889811093991,
                9.332226504160622e-22
            ],
            "max": [
                -0.1442424718282111,
                1.2615838749469853e-08
            ],
            "len": [
                -0.13891709782386738,
                4.278073247028576e-08
            ],
            "norm": [
                -0.15127942209905493,
                2.3436572384818062e-09
            ]
        }
    }
}