{
    "DeepLift_L2": {
        "abs_average": {
            "raw": 0.28185896445946274,
            "max": 0.13316847231886902,
            "len": 0.3214964899413405,
            "norm": 0.1430144842720972
        },
        "positive_abs_average": {
            "raw": 0.17594268811282596,
            "max": 0.16397714914695058,
            "len": 0.3487335544063225,
            "norm": 0.15154883998585927
        },
        "negative_abs_average": {
            "raw": 0.3877752408060995,
            "max": 0.10235979549078746,
            "len": 0.2942594254763586,
            "norm": 0.13448012855833513
        },
        "female_abs_average": {
            "raw": 0.36838813027755346,
            "max": 0.1476104132524388,
            "len": 0.44756315529376456,
            "norm": 0.1637090816896399
        },
        "male_abs_average": {
            "raw": 0.19532979864137198,
            "max": 0.11872653138529923,
            "len": 0.1954298245889165,
            "norm": 0.12231988685455449
        },
        "female_positive": {
            "raw": [
                0.2960664634416493,
                2.4935209087709056e-11
            ],
            "max": [
                0.2522229267856463,
                1.6130567039317617e-08
            ],
            "len": [
                0.5526885954719921,
                2.216361843426471e-40
            ],
            "norm": [
                0.26650942863378574,
                2.2205277188387664e-09
            ]
        },
        "male_positive": {
            "raw": [
                0.05581891278400263,
                0.23367998582438904
            ],
            "max": [
                -0.07573137150825487,
                0.1059126973489527
            ],
            "len": [
                0.14477851334065286,
                0.0019163552978138359
            ],
            "norm": [
                0.036588251337932816,
                0.43522216085984955
            ]
        },
        "female_negative": {
            "raw": [
                0.4407097971134577,
                7.217769229543324e-73
            ],
            "max": [
                -0.04299789971923132,
                0.09465461219159751
            ],
            "len": [
                0.342437715115537,
                7.55262494940121e-43
            ],
            "norm": [
                -0.06090873474549409,
                0.01785348237271795
            ]
        },
        "male_negative": {
            "raw": [
                0.3348406844987413,
                9.739649933875067e-42
            ],
            "max": [
                0.1617216912623436,
                1.6637329565686574e-10
            ],
            "len": [
                0.24608113583718014,
                1.0225409774690308e-22
            ],
            "norm": [
                0.20805152237117616,
                1.50180113720544e-16
            ]
        }
    },
    "DeepLift_mean": {
        "abs_average": {
            "raw": 0.20834660870278043,
            "max": 0.11644718000155657,
            "len": 0.2335086217547984,
            "norm": 0.14474601400870896
        },
        "positive_abs_average": {
            "raw": 0.15165127993630362,
            "max": 0.12378007192755416,
            "len": 0.28714302731962216,
            "norm": 0.14834965908019457
        },
        "negative_abs_average": {
            "raw": 0.2650419374692573,
            "max": 0.10911428807555898,
            "len": 0.17987421618997465,
            "norm": 0.14114236893722332
        },
        "female_abs_average": {
            "raw": 0.1800969716044069,
            "max": 0.11278829022601153,
            "len": 0.27494404523938104,
            "norm": 0.14063011694956845
        },
        "male_abs_average": {
            "raw": 0.23659624580115396,
            "max": 0.12010606977710162,
            "len": 0.19207319827021574,
            "norm": 0.14886191106784943
        },
        "female_positive": {
            "raw": [
                -0.21880847382731491,
                1.058145510902462e-06
            ],
            "max": [
                -0.1407376339962119,
                0.001829818034547838
            ],
            "len": [
                -0.4512315605217946,
                7.484527152291057e-26
            ],
            "norm": [
                -0.1799116283290453,
                6.419244168579803e-05
            ]
        },
        "male_positive": {
            "raw": [
                0.08449408604529232,
                0.07114378739026105
            ],
            "max": [
                0.10682250985889642,
                0.022378068012931948
            ],
            "len": [
                -0.1230544941174497,
                0.008453085888430795
            ],
            "norm": [
                0.11678768983134384,
                0.012477192780364018
            ]
        },
        "female_negative": {
            "raw": [
                0.14138546938149893,
                3.3726143430368364e-08
            ],
            "max": [
                -0.08483894645581117,
                0.0009594957613121274
            ],
            "len": [
                0.09865652995696748,
                0.00012183283636131485
            ],
            "norm": [
                -0.1013486055700916,
                7.887478179672232e-05
            ]
        },
        "male_negative": {
            "raw": [
                0.3886984055570156,
                8.055422050532454e-57
            ],
            "max": [
                0.1333896296953068,
                1.448774291494817e-07
            ],
            "len": [
                0.2610919024229818,
                1.8268090497023588e-25
            ],
            "norm": [
                0.18093613230435504,
                8.021967863545374e-13
            ]
        }
    }
}