{
    "Saliency_L2": {
        "abs_average": {
            "raw": 0.2837188030473708,
            "max": 0.13556784385666093,
            "len": 0.3091836828173467,
            "norm": 0.1477275596947738
        },
        "positive_abs_average": {
            "raw": 0.20182098474399923,
            "max": 0.1617473288332794,
            "len": 0.3510803654267098,
            "norm": 0.1575359755060592
        },
        "negative_abs_average": {
            "raw": 0.36561662135074235,
            "max": 0.10938835888004245,
            "len": 0.2672870002079836,
            "norm": 0.13791914388348847
        },
        "female_abs_average": {
            "raw": 0.3628580952004017,
            "max": 0.14855392636128364,
            "len": 0.42926805691770753,
            "norm": 0.16689460229278938
        },
        "male_abs_average": {
            "raw": 0.2045795108943399,
            "max": 0.12258176135203823,
            "len": 0.18909930871698585,
            "norm": 0.12856051709675825
        },
        "female_positive": {
            "raw": [
                0.2928493216243399,
                4.171422954480414e-11
            ],
            "max": [
                0.25068217673357696,
                1.98359013475108e-08
            ],
            "len": [
                0.5287248252306153,
                1.700778762303211e-36
            ],
            "norm": [
                0.26773558472054526,
                1.8626053279325075e-09
            ]
        },
        "male_positive": {
            "raw": [
                0.11079264786365854,
                0.017822364717495577
            ],
            "max": [
                -0.0728124809329819,
                0.12010002441218116
            ],
            "len": [
                0.17343590562280428,
                0.0001947315719231144
            ],
            "norm": [
                0.04733636629157309,
                0.31262434353191415
            ]
        },
        "female_negative": {
            "raw": [
                0.4328668687764634,
                4.389222860627381e-70
            ],
            "max": [
                -0.04642567598899035,
                0.07111902104627776
            ],
            "len": [
                0.32981128860479986,
                1.0766391570581117e-39
            ],
            "norm": [
                -0.0660536198650335,
                0.010195121200428519
            ]
        },
        "male_negative": {
            "raw": [
                0.29836637392502124,
                4.275940829960392e-33
            ],
            "max": [
                0.17235104177109456,
                9.380282240074765e-12
            ],
            "len": [
                0.20476271181116742,
                4.548433790216406e-16
            ],
            "norm": [
                0.20978466790194342,
                8.312376000705678e-17
            ]
        }
    },
    "Saliency_mean": {
        "abs_average": {
            "raw": 0.178101979777326,
            "max": 0.13565978330951012,
            "len": 0.21145378000357526,
            "norm": 0.12669627494344093
        },
        "positive_abs_average": {
            "raw": 0.16924184577411971,
            "max": 0.12853301367835493,
            "len": 0.2955524068481925,
            "norm": 0.10791391215984253
        },
        "negative_abs_average": {
            "raw": 0.1869621137805323,
            "max": 0.14278655294066528,
            "len": 0.127355153158958,
            "norm": 0.14547863772703934
        },
        "female_abs_average": {
            "raw": 0.19459891370477428,
            "max": 0.15108349992021256,
            "len": 0.27248914888924486,
            "norm": 0.14757371922303458
        },
        "male_abs_average": {
            "raw": 0.16160504584987773,
            "max": 0.12023606669880765,
            "len": 0.15041841111790566,
            "norm": 0.10581883066384729
        },
        "female_positive": {
            "raw": [
                -0.2639597954829698,
                3.191178383453334e-09
            ],
            "max": [
                -0.2215292277610852,
                7.70345068959038e-07
            ],
            "len": [
                -0.4392987858312282,
                1.9249960778777718e-24
            ],
            "norm": [
                -0.21397819378542074,
                1.8407028716775998e-06
            ]
        },
        "male_positive": {
            "raw": [
                -0.07452389606526964,
                0.11161208598056106
            ],
            "max": [
                0.03553679959562467,
                0.44854147064513566
            ],
            "len": [
                -0.1518060278651568,
                0.0011329660323512645
            ],
            "norm": [
                -0.0018496305342643182,
                0.9685457048197408
            ]
        },
        "female_negative": {
            "raw": [
                0.1252380319265788,
                1.0341411461211686e-06
            ],
            "max": [
                -0.08063777207933993,
                0.0017006250626913917
            ],
            "len": [
                0.10567951194726147,
                3.8312934293300333e-05
            ],
            "norm": [
                -0.08116924466064843,
                0.001584071662602132
            ]
        },
        "male_negative": {
            "raw": [
                0.2486861956344858,
                3.513882422657111e-23
            ],
            "max": [
                0.20493533380199064,
                4.2934292071776285e-16
            ],
            "len": [
                0.14903079437065453,
                4.048062355010864e-09
            ],
            "norm": [
                0.20978803079343025,
                8.302799055896653e-17
            ]
        }
    }
}