{
    "raw_attention": {
        "abs_average": {
            "raw": 0.10154684464757018,
            "max": 0.09995686723446276,
            "len": 0.07703299572363724,
            "norm": 0.10305283044312771
        },
        "positive_abs_average": {
            "raw": 0.16236235995782317,
            "max": 0.14636060448029184,
            "len": 0.14369601940572285,
            "norm": 0.15206849349495563
        },
        "negative_abs_average": {
            "raw": 0.040731329337317185,
            "max": 0.05355312998863368,
            "len": 0.010369972041551628,
            "norm": 0.05403716739129977
        },
        "female_abs_average": {
            "raw": 0.12887958453502793,
            "max": 0.10960104978083354,
            "len": 0.11352344305808434,
            "norm": 0.1144164717758266
        },
        "male_abs_average": {
            "raw": 0.07421410476011242,
            "max": 0.09031268468809198,
            "len": 0.040542548389190136,
            "norm": 0.09168918911042881
        },
        "female_positive": {
            "raw": [
                0.23260734938278893,
                2.0281865913601194e-07
            ],
            "max": [
                0.1874046960595518,
                3.0964188848498515e-05
            ],
            "len": [
                0.22067687399481498,
                8.51261165914141e-07
            ],
            "norm": [
                0.19626688733394587,
                1.2590468391132715e-05
            ]
        },
        "male_positive": {
            "raw": [
                0.09211737053285741,
                0.049063725442130154
            ],
            "max": [
                0.10531651290103189,
                0.024353338750705524
            ],
            "len": [
                0.06671516481663074,
                0.15447885084138313
            ],
            "norm": [
                0.1078700996559654,
                0.02108731806411392
            ]
        },
        "female_negative": {
            "raw": [
                -0.025151819687266937,
                0.328390816185319
            ],
            "max": [
                -0.0317974035021153,
                0.21656479653972122
            ],
            "len": [
                -0.006370012121353718,
                0.8045274511692266
            ],
            "norm": [
                -0.032566056217707334,
                0.20565582765884097
            ]
        },
        "male_negative": {
            "raw": [
                0.05631083898736743,
                0.0269728277174105
            ],
            "max": [
                0.07530885647515205,
                0.0030762226368484078
            ],
            "len": [
                0.014369931961749537,
                0.5727285949028397
            ],
            "norm": [
                0.0755082785648922,
                0.002998637952024034
            ]
        }
    },
    "attention_rollout": {
        "abs_average": {
            "raw": 0.1051305507383572,
            "max": 0.1025385768951762,
            "len": 0.08104983669451217,
            "norm": 0.10548862860275614
        },
        "positive_abs_average": {
            "raw": 0.13370986945839008,
            "max": 0.09545627851344021,
            "len": 0.12580529768006227,
            "norm": 0.10864215650010238
        },
        "negative_abs_average": {
            "raw": 0.07655123201832434,
            "max": 0.10962087527691222,
            "len": 0.03629437570896206,
            "norm": 0.10233510070540988
        },
        "female_abs_average": {
            "raw": 0.14984869769613535,
            "max": 0.134594560615906,
            "len": 0.11454705380588913,
            "norm": 0.14661231027243724
        },
        "male_abs_average": {
            "raw": 0.06041240378057906,
            "max": 0.07048259317444643,
            "len": 0.047552619583135204,
            "norm": 0.06436494693307504
        },
        "female_positive": {
            "raw": [
                0.2497553380003398,
                2.2448484425659294e-08
            ],
            "max": [
                0.18811573842722093,
                2.8850893197753085e-05
            ],
            "len": [
                0.20498705919801102,
                4.9885958787772066e-06
            ],
            "norm": [
                0.2168643370745659,
                1.3242830707949268e-06
            ]
        },
        "male_positive": {
            "raw": [
                0.017664400916440365,
                0.7064582796890445
            ],
            "max": [
                -0.0027968185996595073,
                0.9524538876732253
            ],
            "len": [
                0.046623536162113524,
                0.3199753079789145
            ],
            "norm": [
                -0.0004199759256388519,
                0.9928562581988436
            ]
        },
        "female_negative": {
            "raw": [
                -0.049942057391930916,
                0.05218860928754076
            ],
            "max": [
                -0.08107338280459107,
                0.0016045356690796773
            ],
            "len": [
                -0.02410704841376723,
                0.3488871422158597
            ],
            "norm": [
                -0.07636028347030856,
                0.002967252736969742
            ]
        },
        "male_negative": {
            "raw": [
                0.10316040664471776,
                4.911489250216757e-05
            ],
            "max": [
                0.13816836774923336,
                5.061024756922239e-08
            ],
            "len": [
                0.048481703004156884,
                0.0569117548126583
            ],
            "norm": [
                0.12830991794051122,
                4.259522953441919e-07
            ]
        }
    },
    "attention_flow": {
        "abs_average": {
            "raw": 0.09833132536186281,
            "max": 0.0821809383186551,
            "len": 0.07880815549344519,
            "norm": 0.0973830613923301
        },
        "positive_abs_average": {
            "raw": 0.13413083035881238,
            "max": 0.09392731644840921,
            "len": 0.12436236750999985,
            "norm": 0.11937619390083568
        },
        "negative_abs_average": {
            "raw": 0.06253182036491323,
            "max": 0.07043456018890099,
            "len": 0.03325394347689055,
            "norm": 0.07538992888382454
        },
        "female_abs_average": {
            "raw": 0.10803076828369435,
            "max": 0.10798271932035243,
            "len": 0.09462812796896941,
            "norm": 0.11758718870752088
        },
        "male_abs_average": {
            "raw": 0.08863188244003128,
            "max": 0.05637915731695776,
            "len": 0.06298818301792099,
            "norm": 0.07717893407713933
        },
        "female_positive": {
            "raw": [
                0.19532087588828648,
                1.3887095193581893e-05
            ],
            "max": [
                0.15964735924552817,
                0.00039949988322579897
            ],
            "len": [
                0.17993800908884494,
                6.403113240044602e-05
            ],
            "norm": [
                0.18235446403639466,
                5.077399695792838e-05
            ]
        },
        "male_positive": {
            "raw": [
                0.07294078482933829,
                0.11944670778292753
            ],
            "max": [
                0.02820727365129025,
                0.5475263902437864
            ],
            "len": [
                0.06878672593115476,
                0.1420486808758172
            ],
            "norm": [
                0.05639792376527668,
                0.2288579559308858
            ]
        },