{
    "ShapleyValue": {
        "abs_average": {
            "raw": 0.1171648737061341,
            "max": 0.07143117463026345,
            "len": 0.11934182909501535,
            "norm": 0.08598707047915363
        },
        "positive_abs_average": {
            "raw": 0.05492399717257411,
            "max": 0.06586501592927423,
            "len": 0.09201752249129726,
            "norm": 0.08440664620478727
        },
        "negative_abs_average": {
            "raw": 0.1794057502396941,
            "max": 0.07699733333125267,
            "len": 0.14666613569873346,
            "norm": 0.08756749475351999
        },
        "female_abs_average": {
            "raw": 0.05741239595912334,
            "max": 0.03794458233720824,
            "len": 0.0990952889508678,
            "norm": 0.09081639988344559
        },
        "male_abs_average": {
            "raw": 0.17691735145314486,
            "max": 0.10491776692331867,
            "len": 0.1395883692391629,
            "norm": 0.08115774107486168
        },
        "female_positive": {
            "raw": [
                0.03600850748340984,
                0.427386753755377
            ],
            "max": [
                0.02851860146478482,
                0.5296707378762416
            ],
            "len": [
                0.14622215487769674,
                0.0011982504273108463
            ],
            "norm": [
                0.13206231319983014,
                0.0034703167997962433
            ]
        },
        "male_positive": {
            "raw": [
                0.07383948686173838,
                0.1149480699719776
            ],
            "max": [
                0.10321143039376364,
                0.02736574630703226
            ],
            "len": [
                0.03781289010489777,
                0.4199996284387765
            ],
            "norm": [
                0.03675097920974442,
                0.433181321567104
            ]
        },
        "female_negative": {
            "raw": [
                0.07881628443483683,
                0.002162443910391381
            ],
            "max": [
                0.04737056320963166,
                0.06555001339468838
            ],
            "len": [
                0.051968423024038875,
                0.04333597223368821
            ],
            "norm": [
                0.049570486567061034,
                0.053965742319491014
            ]
        },
        "male_negative": {
            "raw": [
                -0.27999521604455135,
                3.455512430207772e-29
            ],
            "max": [
                -0.10662410345287368,
                2.706172411122601e-05
            ],
            "len": [
                -0.24136384837342806,
                6.854081164461308e-22
            ],
            "norm": [
                0.12556450293997895,
                7.501800291616359e-07
            ]
        }
    }
}