{
    "IntegratedGradients_L2": {
        "abs_average": {
            "raw": 0.22107593326420472,
            "max": 0.11494727811756862,
            "len": 0.16380262870140302,
            "norm": 0.1340104427681501
        },
        "positive_abs_average": {
            "raw": 0.19618322673078695,
            "max": 0.15341249088733327,
            "len": 0.21086768117408483,
            "norm": 0.13010147024184734
        },
        "negative_abs_average": {
            "raw": 0.24596863979762254,
            "max": 0.07648206534780397,
            "len": 0.11673757622872123,
            "norm": 0.13791941529445284
        },
        "female_abs_average": {
            "raw": 0.16670323148952307,
            "max": 0.11165044377687283,
            "len": 0.17209220218484528,
            "norm": 0.15331253245559975
        },
        "male_abs_average": {
            "raw": 0.2754486350388864,
            "max": 0.11824411245826441,
            "len": 0.15551305521796077,
            "norm": 0.11470835308070043
        },
        "female_positive": {
            "raw": [
                0.2585165561980989,
                6.833444137794866e-09
            ],
            "max": [
                0.1887272100602296,
                2.7143556752234343e-05
            ],
            "len": [
                0.309027518685698,
                2.936706129426598e-12
            ],
            "norm": [
                0.24517625426929981,
                4.107074520007135e-08
            ]
        },
        "male_positive": {
            "raw": [
                0.13384989726347502,
                0.004150953473710326
            ],
            "max": [
                -0.11809777171443693,
                0.011518074799563136
            ],
            "len": [
                0.11270784366247166,
                0.015930451224839305
            ],
            "norm": [
                -0.015026686214394886,
                0.7486862014479772
            ]
        },
        "female_negative": {
            "raw": [
                -0.07488990678094724,
                0.0035713134276405397
            ],
            "max": [
                -0.03457367749351607,
                0.17905574263695043
            ],
            "len": [
                -0.035156885683992556,
                0.1718298444532287
            ],
            "norm": [
                -0.0614488106418997,
                0.016862820464998332
            ]
        },
        "male_negative": {
            "raw": [
                0.4170473728142978,
                5.604572968033956e-66
            ],
            "max": [
                0.11839045320209188,
                3.114217483886174e-06
            ],
            "len": [
                0.1983182667734499,
                3.77902215746361e-15
            ],
            "norm": [
                0.214390019947006,
                1.6829766475598192e-17
            ]
        }
    },
    "IntegratedGradients_mean": {
        "abs_average": {
            "raw": 0.21491003121898805,
            "max": 0.10487640804953002,
            "len": 0.13377539179496317,
            "norm": 0.11461697358127651
        },
        "positive_abs_average": {
            "raw": 0.16490164336889504,
            "max": 0.12058806330436544,
            "len": 0.1252369244697918,
            "norm": 0.10039457804855342
        },
        "negative_abs_average": {
            "raw": 0.2649184190690811,
            "max": 0.0891647527946946,
            "len": 0.14231385912013453,
            "norm": 0.12883936911399957
        },
        "female_abs_average": {
            "raw": 0.12864203977762612,
            "max": 0.09145316705384071,
            "len": 0.1171554166116604,
            "norm": 0.10361429055029947
        },
        "male_abs_average": {
            "raw": 0.30117802266035,
            "max": 0.11829964904521933,
            "len": 0.15039536697826594,
            "norm": 0.12561965661225355
        },
        "female_positive": {
            "raw": [
                0.1340311046297862,
                0.003010663615197104
            ],
            "max": [
                0.13847648625191794,
                0.002169546576917319
            ],
            "len": [
                0.17196486225889715,
                0.00013477732379170744
            ],
            "norm": [
                0.14190021292944677,
                0.0016748007738377122
            ]
        },
        "male_positive": {
            "raw": [
                0.19577218210800387,
                2.5030983280003873e-05
            ],
            "max": [
                -0.10269964035681294,
                0.02814478616280313
            ],
            "len": [
                0.07850898668068645,
                0.09367509144650239
            ],
            "norm": [
                -0.058888943167660086,
                0.20891851796009414
            ]
        },
        "female_negative": {
            "raw": [
                0.12325297492546605,
                1.5321316968531393e-06
            ],
            "max": [
                0.044429847855763475,
                0.08415797039568003
            ],
            "len": [
                0.062345970964423646,
                0.015323471383107324
            ],
            "norm": [
                0.06532836817115216,
                0.011057673509181508
            ]
        },
        "male_negative": {
            "raw": [
                -0.40658386321269613,
                1.707684186979961e-62
            ],
            "max": [
                -0.13389965773362572,
                1.2971770714045097e-07
            ],
            "len": [
                -0.2222817472758454,
                9.997495267304507e-19
            ],
            "norm": [
                -0.192350370056847,
                2.5197246856889713e-14
            ]
        }
    }
}