{
    "Occlusion": {
        "abs_average": {
            "raw": 0.53486152656558,
            "max": 0.2678686069185647,
            "len": 0.4633627878820559,
            "norm": 0.22516815537557167
        },
        "positive_abs_average": {
            "raw": 0.44988018851766876,
            "max": 0.4437376684025478,
            "len": 0.42028206949141106,
            "norm": 0.3945684943644728
        },
        "negative_abs_average": {
            "raw": 0.6198428646134913,
            "max": 0.09199954543458155,
            "len": 0.5064435062727008,
            "norm": 0.05576781638667058
        },
        "female_abs_average": {
            "raw": 0.6337452430194607,
            "max": 0.3609162687959586,
            "len": 0.4672441592262977,
            "norm": 0.3089249716191014
        },
        "male_abs_average": {
            "raw": 0.4359778101116993,
            "max": 0.17482094504117074,
            "len": 0.45948141653781416,
            "norm": 0.14141133913204199
        },
        "female_positive": {
            "raw": [
                0.6905884971251884,
                4.589612749888562e-62
            ],
            "max": [
                0.6776299269222195,
                5.7631298141092585e-59
            ],
            "len": [
                0.537034605828333,
                2.0210447711273257e-33
            ],
            "norm": [
                0.6077927826559755,
                1.1135316783522098e-44
            ]
        },
        "male_positive": {
            "raw": [
                -0.2091718799101491,
                2.2003579927603083e-05
            ],
            "max": [
                -0.20984540988287614,
                2.0672472545667318e-05
            ],
            "len": [
                -0.30352953315448916,
                4.4522083917579146e-10
            ],
            "norm": [
                -0.1813442060729701,
                0.00024382092608092511
            ]
        },
        "female_negative": {
            "raw": [
                0.5769019889137329,
                4.6040984381643725e-140
            ],
            "max": [
                -0.04420261066969776,
                0.07986511441625954
            ],
            "len": [
                0.39745371262426243,
                1.3274167175079315e-60
            ],
            "norm": [
                -0.010057160582227317,
                0.6903966675980876
            ]
        },
        "male_negative": {
            "raw": [
                0.6627837403132495,
                2.258713749766773e-202
            ],
            "max": [
                0.13979648019946536,
                2.067115844982522e-08
            ],
            "len": [
                0.6154332999211392,
                6.970925114958575e-167
            ],
            "norm": [
                0.10147847219111385,
                4.905192865673489e-05
            ]
        }
    }
}