{
    "InputXGradient_L2": {
        "abs_average": {
            "raw": 0.4482759535024382,
            "max": 0.13411727291960196,
            "len": 0.357541186257861,
            "norm": 0.1624934224278371
        },
        "positive_abs_average": {
            "raw": 0.5200576890877205,
            "max": 0.2417295324422294,
            "len": 0.4425548350808681,
            "norm": 0.30387802861983615
        },
        "negative_abs_average": {
            "raw": 0.37649421791715587,
            "max": 0.026505013396974534,
            "len": 0.2725275374348539,
            "norm": 0.021108816235838046
        },
        "female_abs_average": {
            "raw": 0.528853714961307,
            "max": 0.22596588741071272,
            "len": 0.3654645065660955,
            "norm": 0.264387497424054
        },
        "male_abs_average": {
            "raw": 0.36769819204356946,
            "max": 0.0422686584284912,
            "len": 0.3496178659496265,
            "norm": 0.06059934743162021
        },
        "female_positive": {
            "raw": [
                0.7602507605021718,
                5.165515943918761e-82
            ],
            "max": [
                0.4377922649905271,
                1.6297863657045036e-21
            ],
            "len": [
                0.5495930411571953,
                3.1643091902633316e-35
            ],
            "norm": [
                0.4964299741435454,
                4.4863703486571045e-28
            ]
        },
        "male_positive": {
            "raw": [
                -0.2798646176732693,
                1.0063717140295247e-08
            ],
            "max": [
                -0.045666799893931666,
                0.35931853352114906
            ],
            "len": [
                -0.3355166290045409,
                4.112527058678465e-12
            ],
            "norm": [
                -0.11132608309612692,
                0.02506250269526137
            ]
        },
        "female_negative": {
            "raw": [
                -0.29745666942044213,
                1.8375652139162793e-33
            ],
            "max": [
                0.014139509830898326,
                0.5754703703179795
            ],
            "len": [
                -0.18133597197499568,
                4.427682223442084e-13
            ],
            "norm": [
                -0.0323450207045626,
                0.20007533838927855
            ]
        },
        "male_negative": {
            "raw": [
                0.4555317664138696,
                1.5492426904904917e-82
            ],
            "max": [
                -0.038870516963050744,
                0.12071995721334196
            ],
            "len": [
                0.3637191028947121,
                4.4974742254877285e-51
            ],
            "norm": [
                0.009872611767113494,
                0.6935903145054867
            ]
        }
    },
    "InputXGradient_mean": {
        "abs_average": {
            "raw": 0.41733158822031946,
            "max": 0.13200787530404431,
            "len": 0.3286394360955871,
            "norm": 0.16390038667365153
        },
        "positive_abs_average": {
            "raw": 0.4735512832700056,
            "max": 0.24007847283719286,
            "len": 0.38943990059476796,
            "norm": 0.28466221041700035
        },
        "negative_abs_average": {
            "raw": 0.3611118931706332,
            "max": 0.02393727777089575,
            "len": 0.2678389715964063,
            "norm": 0.04313856293030274
        },
        "female_abs_average": {
            "raw": 0.4726985689203547,
            "max": 0.16427769938392214,
            "len": 0.3400848280099852,
            "norm": 0.2109232935478498
        },
        "male_abs_average": {
            "raw": 0.36196460752028414,
            "max": 0.09973805122416647,
            "len": 0.317194044181189,
            "norm": 0.11687747979945326
        },
        "female_positive": {
            "raw": [
                0.6398128617723714,
                9.043190946127484e-51
            ],
            "max": [
                0.29608970940641055,
                3.9592844598739267e-10
            ],
            "len": [
                0.45914808442492494,
                9.29514470201377e-24
            ],
            "norm": [
                0.3594343521729607,
                1.576156016954907e-14
            ]
        },
        "male_positive": {
            "raw": [
                -0.30728970476763984,
                2.641271572578158e-10
            ],
            "max": [
                -0.1840672362679752,
                0.00019554334824663664
            ],
            "len": [
                -0.31973171676461093,
                4.448361518188639e-11
            ],
            "norm": [
                -0.20989006866103993,
                2.058696838099203e-05
            ]
        },
        "female_negative": {
            "raw": [
                0.30558427606833805,
                2.604781484925955e-35
            ],
            "max": [
                0.03246568936143375,
                0.1984012834659998
            ],
            "len": [
                0.2210215715950454,
                7.772447279372549e-19
            ],
            "norm": [
                0.06241223492273891,
                0.013353312880343101
            ]
        },
        "male_negative": {
            "raw": [
                -0.4166395102729284,
                5.328671146265582e-68
            ],
            "max": [
                0.015408866180357752,
                0.5385911153454949
            ],
            "len": [
                -0.31465637159776716,
                5.438334171964604e-38
            ],
            "norm": [
                -0.02386489093786658,
                0.34084785181589494
            ]
        }
    }
}