{
    "IntegratedGradients_L2": {
        "abs_average": {
            "raw": 0.3743881711970979,
            "max": 0.16729790392780347,
            "len": 0.24904998220918328,
            "norm": 0.20708331109188008
        },
        "positive_abs_average": {
            "raw": 0.35350009147535677,
            "max": 0.2687042464405663,
            "len": 0.2664349553382971,
            "norm": 0.3089928945503163
        },
        "negative_abs_average": {
            "raw": 0.395276250918839,
            "max": 0.0658915614150406,
            "len": 0.23166500908006948,
            "norm": 0.10517372763344385
        },
        "female_abs_average": {
            "raw": 0.441776502454545,
            "max": 0.26774959933726694,
            "len": 0.24859079868783768,
            "norm": 0.2996658597040123
        },
        "male_abs_average": {
            "raw": 0.30699983993965085,
            "max": 0.06684620851833997,
            "len": 0.24950916573052892,
            "norm": 0.11450076247974783
        },
        "female_positive": {
            "raw": [
                0.5240392891844372,
                1.2461931098861506e-31
            ],
            "max": [
                0.4524482024853054,
                4.8901992965837665e-23
            ],
            "len": [
                0.3164798268273895,
                1.957969446374029e-11
            ],
            "norm": [
                0.47968330891719047,
                4.533075658140105e-26
            ]
        },
        "male_positive": {
            "raw": [
                -0.1829608937662764,
                0.00021396458203569248
            ],
            "max": [
                -0.08496029039582723,
                0.08771117699565222
            ],
            "len": [
                -0.21639008384920466,
                1.1155625771694407e-05
            ],
            "norm": [
                -0.13830248018344218,
                0.005301958329266154
            ]
        },
        "female_negative": {
            "raw": [
                -0.35951371572465274,
                3.916470301451559e-49
            ],
            "max": [
                -0.08305099618922851,
                0.0009846743670448438
            ],
            "len": [
                -0.18070177054828582,
                5.352063534667183e-13
            ],
            "norm": [
                -0.1196484104908342,
                1.9777602063208364e-06
            ]
        },
        "male_negative": {
            "raw": [
                0.43103878611302526,
                3.670678466665605e-73
            ],
            "max": [
                0.048732126640852705,
                0.0516706886599234
            ],
            "len": [
                0.2826282476118532,
                1.1196091024774149e-30
            ],
            "norm": [
                0.09069904477605348,
                0.00028681513154878494
            ]
        }
    },
    "IntegratedGradients_mean": {
        "abs_average": {
            "raw": 0.2341107833267122,
            "max": 0.18588525413863513,
            "len": 0.18578322914035353,
            "norm": 0.20336502879063015
        },
        "positive_abs_average": {
            "raw": 0.23619878752282158,
            "max": 0.3018686831988614,
            "len": 0.23193370628163124,
            "norm": 0.31630726254562536
        },
        "negative_abs_average": {
            "raw": 0.23202277913060285,
            "max": 0.06990182507840884,
            "len": 0.13963275199907582,
            "norm": 0.09042279503563495
        },
        "female_abs_average": {
            "raw": 0.32890037165970476,
            "max": 0.29741487386661286,
            "len": 0.23288947734468085,
            "norm": 0.318312808027733
        },
        "male_abs_average": {
            "raw": 0.13932119499371964,
            "max": 0.07435563441065739,
            "len": 0.1386769809360262,
            "norm": 0.08841724955352732
        },
        "female_positive": {
            "raw": [
                0.39779000161644174,
                1.022424544266195e-17
            ],
            "max": [
                0.49077851050827426,
                2.1914887386411985e-27
            ],
            "len": [
                0.3112479521041932,
                4.3304197153890446e-11
            ],
            "norm": [
                0.5031563838476257,
                6.533264021513598e-29
            ]
        },
        "male_positive": {
            "raw": [
                -0.07460757342920146,
                0.13390024853490823
            ],
            "max": [
                -0.1129588558894486,
                0.022995588929340487
            ],
            "len": [
                -0.15261946045906924,
                0.002070168468065718
            ],
            "norm": [
                -0.12945814124362492,
                0.009101267852038538
            ]
        },
        "female_negative": {
            "raw": [
                -0.26001074170296784,
                1.0871045193393757e-25
            ],
            "max": [
                -0.10405123722495149,
                3.5947009560224276e-05
            ],
            "len": [
                -0.15453100258516847,
                7.408429700953302e-10
            ],
            "norm": [
                -0.13346923220784018,
                1.0978962271013594e-07
            ]
        },
        "male_negative": {
            "raw": [
                0.20403481655823785,
                1.8885582119918453e-16
            ],
            "max": [
                0.03575241293186618,
                0.15352309191387742
            ],
            "len": [
                0.12473450141298319,
                5.816872153186419e-07
            ],
            "norm": [
                0.04737635786342972,
                0.05853498496963649
            ]
        }
    }
}