{
    "ShapleyValue": {
        "abs_average": {
            "raw": 0.1695906771399054,
            "max": 0.06974546091273859,
            "len": 0.19277846748099908,
            "norm": 0.1404169265346101
        },
        "positive_abs_average": {
            "raw": 0.04093000429270722,
            "max": 0.05774356841193454,
            "len": 0.1359975515516157,
            "norm": 0.1638421376849398
        },
        "negative_abs_average": {
            "raw": 0.29825134998710356,
            "max": 0.08174735341354264,
            "len": 0.24955938341038247,
            "norm": 0.11699171538428041
        },
        "female_abs_average": {
            "raw": 0.19593686813015673,
            "max": 0.07958795767101706,
            "len": 0.2032920449545072,
            "norm": 0.16104675494095336
        },
        "male_abs_average": {
            "raw": 0.14324448614965404,
            "max": 0.059902964154460114,
            "len": 0.182264890007491,
            "norm": 0.11978709812826684
        },
        "female_positive": {
            "raw": [
                0.06840860117127302,
                0.15723749610832707
            ],
            "max": [
                0.059119483544388424,
                0.22170848063874088
            ],
            "len": [
                0.21261990759384597,
                8.917159295243931e-06
            ],
            "norm": [
                0.21119761496303616,
                1.026631327798707e-05
            ]
        },
        "male_positive": {
            "raw": [
                0.01345140741414141,
                0.7872526764272607
            ],
            "max": [
                -0.05636765327948065,
                0.2577307182348095
            ],
            "len": [
                -0.0593751955093854,
                0.23315866936789825
            ],
            "norm": [
                -0.11648666040684344,
                0.019027516820364947
            ]
        },
        "female_negative": {
            "raw": [
                -0.32346513508904046,
                1.3740608338383579e-39
            ],
            "max": [
                -0.10005643179764571,
                7.108137873099774e-05
            ],
            "len": [
                -0.1939641823151684,
                8.794016779619533e-15
            ],
            "norm": [
                -0.11089589491887057,
                1.0551679859019861e-05
            ]
        },
        "male_negative": {
            "raw": [
                0.2730375648851667,
                1.1522313727264108e-28
            ],
            "max": [
                0.06343827502943958,
                0.011272707371473885
            ],
            "len": [
                0.30515458450559657,
                1.0053697620495674e-35
            ],
            "norm": [
                0.12308753584969023,
                8.193193568699186e-07
            ]
        }
    }
}