{
    "raw_attention": {
        "abs_average": {
            "raw": 0.19391443968090244,
            "max": 0.18923837723082526,
            "len": 0.12228748096577871,
            "norm": 0.19432286333984544
        },
        "positive_abs_average": {
            "raw": 0.3055883278114801,
            "max": 0.26548798815200714,
            "len": 0.21465129177017053,
            "norm": 0.2835824347394629
        },
        "negative_abs_average": {
            "raw": 0.08224055155032475,
            "max": 0.11298876630964336,
            "len": 0.02992367016138692,
            "norm": 0.10506329194022795
        },
        "female_abs_average": {
            "raw": 0.2715141045788974,
            "max": 0.28443957556878985,
            "len": 0.1465590867453168,
            "norm": 0.292799998995849
        },
        "male_abs_average": {
            "raw": 0.11631477478290744,
            "max": 0.09403717889286069,
            "len": 0.09801587518624062,
            "norm": 0.09584572768384185
        },
        "female_positive": {
            "raw": [
                0.48399122935781436,
                1.4166503332103453e-26
            ],
            "max": [
                0.47748369115515915,
                8.157625246986132e-26
            ],
            "len": [
                0.28231282816876146,
                2.6523136244317615e-09
            ],
            "norm": [
                0.4984200365610127,
                2.548363811870631e-28
            ]
        },
        "male_positive": {
            "raw": [
                -0.1271854262651458,
                0.010405372014327103
            ],
            "max": [
                -0.05349228514885516,
                0.2828436406977785
            ],
            "len": [
                -0.1469897553715796,
                0.00302594225207884
            ],
            "norm": [
                -0.0687448329179131,
                0.16733399521877176
            ]
        },
        "female_negative": {
            "raw": [
                -0.05903697979998046,
                0.01927552402155363
            ],
            "max": [
                -0.0913954599824205,
                0.0002864600166036702
            ],
            "len": [
                -0.01080534532187219,
                0.6686871140604952
            ],
            "norm": [
                -0.08717996143068532,
                0.0005416039924950375
            ]
        },
        "male_negative": {
            "raw": [
                0.10544412330066906,
                2.446972023073953e-05
            ],
            "max": [
                0.13458207263686622,
                6.844241346539593e-08
            ],
            "len": [
                0.04904199500090165,
                0.050200085651190295
            ],
            "norm": [
                0.1229466224497706,
                8.435154013645162e-07
            ]
        }
    },
    "attention_rollout": {
        "abs_average": {
            "raw": 0.105075942748551,
            "max": 0.08617834368934407,
            "len": 0.08581649218949133,
            "norm": 0.09524176218395311
        },
        "positive_abs_average": {
            "raw": 0.11883628186643073,
            "max": 0.08982332385994969,
            "len": 0.12819473119810848,
            "norm": 0.09971453099928451
        },
        "negative_abs_average": {
            "raw": 0.09131560363067126,
            "max": 0.08253336351873848,
            "len": 0.04343825318087417,
            "norm": 0.0907689933686217
        },
        "female_abs_average": {
            "raw": 0.15100405236230388,
            "max": 0.08324920498567259,
            "len": 0.10028066384541329,
            "norm": 0.09985540371636865
        },
        "male_abs_average": {
            "raw": 0.05914783313479813,
            "max": 0.08910748239301557,
            "len": 0.07135232053356938,
            "norm": 0.09062812065153755
        },
        "female_positive": {
            "raw": [
                0.22987682588552547,
                1.4944167714323483e-06
            ],
            "max": [
                0.046658155685538376,
                0.33499381637324427
            ],
            "len": [
                0.1810929855778598,
                0.0001625056300735325
            ],
            "norm": [
                0.08962884501265163,
                0.06363352168737058
            ]
        },
        "male_positive": {
            "raw": [
                -0.007795737847336015,
                0.8757148454791867
            ],
            "max": [
                0.132988492034361,
                0.007362581469209922
            ],
            "len": [
                -0.07529647681835719,
                0.13033630928169151
            ],
            "norm": [
                0.1098002169859174,
                0.027136994072091525
            ]
        },
        "female_negative": {
            "raw": [
                -0.07213127883908228,
                0.004230604462117736
            ],
            "max": [
                -0.11984025428580682,
                1.9039173679373062e-06
            ],
            "len": [
                -0.01946834211296678,
                0.4406458730318007
            ],
            "norm": [
                -0.11008196242008568,
                1.22542695645166e-05
            ]
        },
        "male_negative": {
            "raw": [
                0.11049992842226024,
                9.726007419240332e-06
            ],
            "max": [
                0.04522647275167014,
                0.07095927845574189
            ],
            "len": [
                0.06740816424878157,
                0.007079885811047167
            ],
            "norm": [
                0.07145602431715771,
                0.0043011844680327605
            ]
        }
    },
    "attention_flow": {
        "abs_average": {
            "raw": 0.15862719062978345,
            "max": 0.07238308775177645,
            "len": 0.12143650167345348,
            "norm": 0.08385653107623148
        },
        "positive_abs_average": {
            "raw": 0.2575633631596113,
            "max": 0.11590732651231561,
            "len": 0.22358899145965944,
            "norm": 0.1513080216370267
        },
        "negative_abs_average": {
            "raw": 0.0596910180999556,
            "max": 0.02885884899123728,
            "len": 0.019284011887247533,
            "norm": 0.016405040515436245
        },
        "female_abs_average": {
            "raw": 0.20898119364695308,
            "max": 0.08459455683939261,
            "len": 0.1316675034237109,
            "norm": 0.13877419842737534
        },
        "male_abs_average": {
            "raw": 0.10827318761261381,
            "max": 0.06017161866416028,
            "len": 0.11120549992319606,
            "norm": 0.028938863725087603
        },
        "female_positive": {
            "raw": [
                0.37681463143551125,
                6.384448874134541e-16
            ],
            "max": [
                0.144895844948202,
                0.0026274610184997688
            ],
            "len": [
                0.259881733507052,
                4.730321826033122e-08
            ],
            "norm": [
                0.253720607201042,
                9.972346064776117e-08
            ]
        },
        "male_positive": {
            "raw": [
                -0.13831209488371135,
                0.005298756102007862
            ],
            "max": [
                0.08691880807642921,
                0.08061850506769698
            ],
            "len": [
                -0.18729624941226686,
                0.00014991104436560502
            ],
            "norm": [
                0.04889543607301141,
                0.3263228236351246
            ]
        },