{
    "DeepLift_L2": {
        "abs_average": {
            "raw": 0.4594837306917285,
            "max": 0.1391432877241896,
            "len": 0.3434020935905106,
            "norm": 0.16778388349705592
        },
        "positive_abs_average": {
            "raw": 0.506729838073357,
            "max": 0.24400253756995482,
            "len": 0.4114133118318388,
            "norm": 0.3122326080070036
        },
        "negative_abs_average": {
            "raw": 0.41223762331009994,
            "max": 0.03428403787842439,
            "len": 0.2753908753491824,
            "norm": 0.02333515898710825
        },
        "female_abs_average": {
            "raw": 0.5309891356376657,
            "max": 0.2292039167871154,
            "len": 0.34874664756830887,
            "norm": 0.263760365034804
        },
        "male_abs_average": {
            "raw": 0.3879783257457913,
            "max": 0.04908265866126382,
            "len": 0.33805753961271234,
            "norm": 0.07180740195930786
        },
        "female_positive": {
            "raw": [
                0.7343559096999618,
                7.308015282772892e-74
            ],
            "max": [
                0.43348304954340755,
                4.4258546046252204e-21
            ],
            "len": [
                0.5096389854690019,
                9.793312542807171e-30
            ],
            "norm": [
                0.4969606183305528,
                3.8597134431657097e-28
            ]
        },
        "male_positive": {
            "raw": [
                -0.27910376644675233,
                1.107250359147669e-08
            ],
            "max": [
                -0.05452202559650213,
                0.2736666546631352
            ],
            "len": [
                -0.3131876381946757,
                1.1470475950799161e-10
            ],
            "norm": [
                -0.12750459768345437,
                0.010212758980376284
            ]
        },
        "female_negative": {
            "raw": [
                -0.3276223615753697,
                1.2618606398002724e-40
            ],
            "max": [
                0.024924784030823266,
                0.3235044911675952
            ],
            "len": [
                -0.1878543096676158,
                6.060747375199674e-14
            ],
            "norm": [
                -0.030560111739055155,
                0.2260508982002589
            ]
        },
        "male_negative": {
            "raw": [
                0.49685288504483016,
                3.4192786303256675e-100
            ],
            "max": [
                -0.043643291726025525,
                0.08142700808081144
            ],
            "len": [
                0.362927441030749,
                7.641160490843741e-51
            ],
            "norm": [
                0.01611020623516135,
                0.5202644078035814
            ]
        }
    },
    "DeepLift_mean": {
        "abs_average": {
            "raw": 0.39152053911569307,
            "max": 0.10587615006644945,
            "len": 0.3082980311263389,
            "norm": 0.14812544505120034
        },
        "positive_abs_average": {
            "raw": 0.4087766759159537,
            "max": 0.19255335554278435,
            "len": 0.3229595273760172,
            "norm": 0.26559872620919467
        },
        "negative_abs_average": {
            "raw": 0.37426440231543234,
            "max": 0.019198944590114522,
            "len": 0.29363653487666064,
            "norm": 0.030652163893206075
        },
        "female_abs_average": {
            "raw": 0.41153320744209654,
            "max": 0.14693821670910082,
            "len": 0.26219102421950846,
            "norm": 0.17884443358636967
        },
        "male_abs_average": {
            "raw": 0.37150787078928954,
            "max": 0.06481408342379807,
            "len": 0.35440503803316936,
            "norm": 0.11740645651603103
        },
        "female_positive": {
            "raw": [
                0.5148858420562408,
                2.045463263505177e-30
            ],
            "max": [
                0.2773452760879335,
                5.135813779453157e-09
            ],
            "len": [
                0.3219078670374404,
                8.452329745344669e-12
            ],
            "norm": [
                0.33175015272417496,
                1.764142782468641e-12
            ]
        },
        "male_positive": {
            "raw": [
                -0.30266750977566664,
                5.013098545606109e-10
            ],
            "max": [
                -0.10776143499763519,
                0.03013802242964307
            ],
            "len": [
                -0.324011187714594,
                2.3644536610026046e-11
            ],
            "norm": [
                -0.19944729969421432,
                5.297999995528074e-05
            ]
        },
        "female_negative": {
            "raw": [
                0.30818057282795225,
                6.498014129655312e-36
            ],
            "max": [
                -0.01653115733026809,
                0.5126290182009984
            ],
            "len": [
                0.20247418140157655,
                5.365854427292109e-16
            ],
            "norm": [
                0.0259387144485644,
                0.3042051674308869
            ]
        },
        "male_negative": {
            "raw": [
                -0.44034823180291244,
                1.2353826563509938e-76
            ],
            "max": [
                -0.021866731849960953,
                0.3828150457491439
            ],
            "len": [
                -0.38479888835174475,
                1.9081755730770943e-57
            ],
            "norm": [
                -0.03536561333784775,
                0.15802454001404212
            ]
        }
    }
}