{
    "Saliency_L2": {
        "abs_average": {
            "raw": 0.4625672036082017,
            "max": 0.13989969431719126,
            "len": 0.36138757264721444,
            "norm": 0.1709764762718038
        },
        "positive_abs_average": {
            "raw": 0.5312520676807939,
            "max": 0.2526098719496486,
            "len": 0.4417959873310357,
            "norm": 0.31513163285606516
        },
        "negative_abs_average": {
            "raw": 0.39388233953560947,
            "max": 0.027189516684733885,
            "len": 0.28097915796339323,
            "norm": 0.02682131968754239
        },
        "female_abs_average": {
            "raw": 0.5326635441968295,
            "max": 0.2321041293359743,
            "len": 0.35903667913866366,
            "norm": 0.27042318846708474
        },
        "male_abs_average": {
            "raw": 0.39247086301957385,
            "max": 0.04769525929840822,
            "len": 0.3637384661557652,
            "norm": 0.07152976407652283
        },
        "female_positive": {
            "raw": [
                0.7636894006030978,
                3.569583966514886e-83
            ],
            "max": [
                0.4492535652978826,
                1.0655553812792505e-22
            ],
            "len": [
                0.5372076541382423,
                1.9107880338814924e-33
            ],
            "norm": [
                0.5045861974641823,
                4.313764226062746e-29
            ]
        },
        "male_positive": {
            "raw": [
                -0.2988147347584901,
                8.479284414143699e-10
            ],
            "max": [
                -0.05596617860141467,
                0.2611414429875513
            ],
            "len": [
                -0.34638432052382906,
                7.361387132737896e-13
            ],
            "norm": [
                -0.125677068247948,
                0.011359873333319417
            ]
        },
        "female_negative": {
            "raw": [
                -0.3016376877905613,
                2.092822931151886e-34
            ],
            "max": [
                0.014954693374066009,
                0.5536475810698278
            ],
            "len": [
                -0.180865704139085,
                5.096413185568091e-13
            ],
            "norm": [
                -0.036260179469987136,
                0.15085124723854418
            ]
        },
        "male_negative": {
            "raw": [
                0.4861269912806576,
                2.2507684575257972e-95
            ],
            "max": [
                -0.03942433999540176,
                0.11551400624693713
            ],
            "len": [
                0.38109261178770143,
                2.725530769532305e-56
            ],
            "norm": [
                0.017382459905097646,
                0.48785825838744235
            ]
        }
    },
    "Saliency_mean": {
        "abs_average": {
            "raw": 0.3532136642435477,
            "max": 0.1232162828425775,
            "len": 0.258798068721175,
            "norm": 0.14458910695807983
        },
        "positive_abs_average": {
            "raw": 0.45382100645805723,
            "max": 0.19900510067957838,
            "len": 0.38178911512636704,
            "norm": 0.23529128407477828
        },
        "negative_abs_average": {
            "raw": 0.2526063220290382,
            "max": 0.047427465005576624,
            "len": 0.135807022315983,
            "norm": 0.053886929841381395
        },
        "female_abs_average": {
            "raw": 0.41310669114462995,
            "max": 0.15096632241739558,
            "len": 0.2609157578688164,
            "norm": 0.18310659044730804
        },
        "male_abs_average": {
            "raw": 0.29332063734246544,
            "max": 0.09546624326775943,
            "len": 0.2566803795735336,
            "norm": 0.10607162346885164
        },
        "female_positive": {
            "raw": [
                -0.5725691783572784,
                9.831774385709418e-39
            ],
            "max": [
                -0.254010304592364,
                9.632852333797019e-08
            ],
            "len": [
                -0.38154121057421647,
                2.5805223927957264e-16
            ],
            "norm": [
                -0.29717877257463193,
                3.391639961334559e-10
            ]
        },
        "male_positive": {
            "raw": [
                0.335072834558836,
                4.405575358578064e-12
            ],
            "max": [
                0.14399989676679276,
                0.003682690316578699
            ],
            "len": [
                0.3820370196785176,
                1.6013969849978929e-15
            ],
            "norm": [
                0.1734037955749246,
                0.0004557675422825978
            ]
        },
        "female_negative": {
            "raw": [
                -0.25364420393198156,
                1.7366217292414148e-24
            ],
            "max": [
                -0.047922340242427156,
                0.057561645670636284
            ],
            "len": [
                -0.14029030516341628,
                2.3540976745568182e-08
            ],
            "norm": [
                -0.06903440831998411,
                0.006194105606581522
            ]
        },
        "male_negative": {
            "raw": [
                0.25156844012609486,
                1.90941514108883e-24
            ],
            "max": [
                -0.0469325897687261,
                0.060939912868878184
            ],
            "len": [
                0.1313237394685497,
                1.4138985888805056e-07
            ],
            "norm": [
                -0.03873945136277867,
                0.12197842522343041
            ]
        }
    }
}