{
    "InputXGradient_L2": {
        "abs_average": {
            "raw": 0.17326855271422534,
            "max": 0.0654431946180134,
            "len": 0.20749512921680915,
            "norm": 0.0738460580608714
        },
        "positive_abs_average": {
            "raw": 0.25297266052705314,
            "max": 0.0461018377261924,
            "len": 0.32940084792902047,
            "norm": 0.07085803501415558
        },
        "negative_abs_average": {
            "raw": 0.09356444490139756,
            "max": 0.08478455150983438,
            "len": 0.08558941050459787,
            "norm": 0.07683408110758722
        },
        "female_abs_average": {
            "raw": 0.1062196070911938,
            "max": 0.031582964597747135,
            "len": 0.14897991745119882,
            "norm": 0.04854291066291414
        },
        "male_abs_average": {
            "raw": 0.24031749833725688,
            "max": 0.09930342463827965,
            "len": 0.2660103409824195,
            "norm": 0.09914920545882865
        },
        "female_positive": {
            "raw": [
                -0.10315508250470924,
                0.028140279036477717
            ],
            "max": [
                0.016979521462515815,
                0.718535922378736
            ],
            "len": [
                -0.14804999899524457,
                0.001578829169704637
            ],
            "norm": [
                0.06982767567582202,
                0.1378344962389361
            ]
        },
        "male_positive": {
            "raw": [
                0.402790238549397,
                3.551177738215207e-19
            ],
            "max": [
                0.07522415398986898,
                0.10905760445805007
            ],
            "len": [
                0.5107516968627963,
                1.3440194398330918e-31
            ],
            "norm": [
                0.07188839435248914,
                0.12572109871001624
            ]
        },
        "female_negative": {
            "raw": [
                -0.10928413167767835,
                1.6489518152289058e-05
            ],
            "max": [
                0.046186407732978454,
                0.06935489221879004
            ],
            "len": [
                -0.14990983590715307,
                3.123231712674821e-09
            ],
            "norm": [
                0.027258145650006272,
                0.28396817615049424
            ]
        },
        "male_negative": {
            "raw": [
                -0.07784475812511676,
                0.00219881977352656
            ],
            "max": [
                -0.12338269528669032,
                1.1479744897649831e-06
            ],
            "len": [
                -0.021268985102042684,
                0.40347734910528005
            ],
            "norm": [
                -0.12641001656516815,
                6.205150648225975e-07
            ]
        }
    },
    "InputXGradient_mean": {
        "abs_average": {
            "raw": 0.16264807118104402,
            "max": 0.03237553076970951,
            "len": 0.20374624193466132,
            "norm": 0.030902375906982735
        },
        "positive_abs_average": {
            "raw": 0.23978928993389304,
            "max": 0.03934751122889529,
            "len": 0.30569669617199585,
            "norm": 0.027872215328240385
        },
        "negative_abs_average": {
            "raw": 0.085506852428195,
            "max": 0.02540355031052373,
            "len": 0.10179578769732678,
            "norm": 0.033932536485725084
        },
        "female_abs_average": {
            "raw": 0.1445195838694326,
            "max": 0.03515323583678633,
            "len": 0.1663379002297317,
            "norm": 0.02498677125570996
        },
        "male_abs_average": {
            "raw": 0.18077655849265545,
            "max": 0.029597825702632693,
            "len": 0.24115458363959094,
            "norm": 0.03681798055825551
        },
        "female_positive": {
            "raw": [
                -0.15495201849607745,
                0.0009367617326941532
            ],
            "max": [
                0.06380266062493828,
                0.17522888304568054
            ],
            "len": [
                -0.16339872296382635,
                0.000480081131020449
            ],
            "norm": [
                0.03654912569976999,
                0.4377406014892857
            ]
        },
        "male_positive": {
            "raw": [
                0.3246265613717086,
                1.2600537608521785e-12
            ],
            "max": [
                -0.014892361832852315,
                0.7513887674321057
            ],
            "len": [
                0.44799466938016536,
                7.630002208245402e-24
            ],
            "norm": [
                -0.019195304956710787,
                0.6830085230580408
            ]
        },
        "female_negative": {
            "raw": [
                0.1340871492427877,
                1.1995578088516035e-07
            ],
            "max": [
                -0.0065038110486343855,
                0.7982571611068213
            ],
            "len": [
                0.16927707749563703,
                2.069626893498472e-11
            ],
            "norm": [
                0.013424416811649936,
                0.5977734694698177
            ]
        },
        "male_negative": {
            "raw": [
                0.036926555613602315,
                0.1468430121404685
            ],
            "max": [
                0.04430328957241307,
                0.08170951475408454
            ],
            "len": [
                0.034314497899016534,
                0.1776301634994942
            ],
            "norm": [
                0.05444065615980024,
                0.032376920848049946
            ]
        }
    }
}