{
    "IntegratedGradients_L2": {
        "abs_average": {
            "raw": 0.07964203045654625,
            "max": 0.030519122007874107,
            "len": 0.08265000908425314,
            "norm": 0.04860471658307346
        },
        "positive_abs_average": {
            "raw": 0.10908700023793953,
            "max": 0.0328539153754235,
            "len": 0.09640525909438159,
            "norm": 0.06000364227656378
        },
        "negative_abs_average": {
            "raw": 0.05019706067515296,
            "max": 0.02818432864032472,
            "len": 0.06889475907412469,
            "norm": 0.03720579088958314
        },
        "female_abs_average": {
            "raw": 0.08254995928422384,
            "max": 0.009047330996917093,
            "len": 0.07598667516804512,
            "norm": 0.03480713679240895
        },
        "male_abs_average": {
            "raw": 0.07673410162886865,
            "max": 0.051990913018831124,
            "len": 0.08931334300046116,
            "norm": 0.06240229637373797
        },
        "female_positive": {
            "raw": [
                0.08810107101376638,
                0.060987087755423795
            ],
            "max": [
                0.00976928114990826,
                0.8357303894152885
            ],
            "len": [
                0.055426522016930775,
                0.2390627497652306
            ],
            "norm": [
                0.06029919050109934,
                0.2001881451225084
            ]
        },
        "male_positive": {
            "raw": [
                0.13007292946211269,
                0.005457146298615332
            ],
            "max": [
                0.05593854960093874,
                0.23370837261531824
            ],
            "len": [
                0.13738399617183242,
                0.003320726866396637
            ],
            "norm": [
                0.059708094052028225,
                0.20364036376463365
            ]
        },
        "female_negative": {
            "raw": [
                -0.07699884755468131,
                0.002440970126650683
            ],
            "max": [
                -0.008325380843925926,
                0.743521003644098
            ],
            "len": [
                -0.09654682831915948,
                0.00014284466125725912
            ],
            "norm": [
                -0.009315083083718563,
                0.714296499943125
            ]
        },
        "male_negative": {
            "raw": [
                0.023395273795624612,
                0.35811254876337434
            ],
            "max": [
                -0.04804327643672351,
                0.059029402484160755
            ],
            "len": [
                0.0412426898290899,
                0.10512862667549591
            ],
            "norm": [
                -0.06509649869544772,
                0.010486548322829754
            ]
        }
    },
    "IntegratedGradients_mean": {
        "abs_average": {
            "raw": 0.10195472731766592,
            "max": 0.06006974133878198,
            "len": 0.09551706172035888,
            "norm": 0.07022490422369894
        },
        "positive_abs_average": {
            "raw": 0.13716855335430364,
            "max": 0.09484564605563492,
            "len": 0.17843722146641555,
            "norm": 0.09593151447779319
        },
        "negative_abs_average": {
            "raw": 0.06674090128102816,
            "max": 0.02529383662192903,
            "len": 0.012596901974302204,
            "norm": 0.0445182939696047
        },
        "female_abs_average": {
            "raw": 0.045197361146708845,
            "max": 0.017800918538691063,
            "len": 0.019612875678780083,
            "norm": 0.0035668089982874695
        },
        "male_abs_average": {
            "raw": 0.15871209348862297,
            "max": 0.10233856413887289,
            "len": 0.17142124776193768,
            "norm": 0.13688299944911042
        },
        "female_positive": {
            "raw": [
                0.055643212718248604,
                0.23722847556211088
            ],
            "max": [
                -0.024281863936070056,
                0.6062327530111657
            ],
            "len": [
                0.03246300584134948,
                0.4906919409857153
            ],
            "norm": [
                -7.117625029228342e-05,
                0.9987946240195987
            ]
        },
        "male_positive": {
            "raw": [
                0.21869389399035866,
                2.487011144728064e-06
            ],
            "max": [
                0.1654094281751998,
                0.00039555224156943386
            ],
            "len": [
                0.3244114370914816,
                1.3062222668176406e-12
            ],
            "norm": [
                0.19179185270529409,
                3.820117245416687e-05
            ]
        },
        "female_negative": {
            "raw": [
                -0.03475150957516908,
                0.17189144329103587
            ],
            "max": [
                0.01131997314131207,
                0.6563987799992257
            ],
            "len": [
                0.006762745516210682,
                0.7904087971224893
            ],
            "norm": [
                -0.0070624417462826555,
                0.7813514252502214
            ]
        },
        "male_negative": {
            "raw": [
                0.09873029298688726,
                0.0001014488515722074
            ],
            "max": [
                0.03926770010254599,
                0.12287416644112228
            ],
            "len": [
                -0.018431058432393725,
                0.46910544690009
            ],
            "norm": [
                0.08197414619292676,
                0.001260005757722674
            ]
        }
    }
}