{
    "Occlusion": {
        "abs_average": {
            "raw": 0.2124934908276942,
            "max": 0.1737274627250323,
            "len": 0.19670822418985628,
            "norm": 0.16730107173528092
        },
        "positive_abs_average": {
            "raw": 0.2757075474616151,
            "max": 0.23961325411270046,
            "len": 0.2724185324477244,
            "norm": 0.23791707018913977
        },
        "negative_abs_average": {
            "raw": 0.14927943419377332,
            "max": 0.10784167133736411,
            "len": 0.12099791593198816,
            "norm": 0.09668507328142209
        },
        "female_abs_average": {
            "raw": 0.1562197575367921,
            "max": 0.13702370747973708,
            "len": 0.10539699136164726,
            "norm": 0.13849861486377057
        },
        "male_abs_average": {
            "raw": 0.2687672241185963,
            "max": 0.21043121797032752,
            "len": 0.2880194570180653,
            "norm": 0.19610352860679126
        },
        "female_positive": {
            "raw": [
                0.20164599490151114,
                1.529233634550316e-05
            ],
            "max": [
                0.18324004256800466,
                8.762414438645505e-05
            ],
            "len": [
                0.0815314868454743,
                0.08302603458339074
            ],
            "norm": [
                0.21205103929114125,
                5.297252490708948e-06
            ]
        },
        "male_positive": {
            "raw": [
                0.34976910002171907,
                1.5376482939804645e-14
            ],
            "max": [
                0.2959864656573963,
                1.185915935549054e-10
            ],
            "len": [
                0.4633055780499745,
                1.3674977456753316e-25
            ],
            "norm": [
                0.26378310108713826,
                1.1119952432266709e-08
            ]
        },
        "female_negative": {
            "raw": [
                0.11079352017207307,
                1.2558936738650827e-05
            ],
            "max": [
                0.09080737239146949,
                0.0003487159337550612
            ],
            "len": [
                0.1292624958778202,
                3.3706397125977297e-07
            ],
            "norm": [
                0.06494619043639992,
                0.010615990867950016
            ]
        },
        "male_negative": {
            "raw": [
                0.18776534821547358,
                1.0015622972376591e-13
            ],
            "max": [
                0.12487597028325874,
                8.490239838541474e-07
            ],
            "len": [
                0.1127333359861561,
                8.923815264775596e-06
            ],
            "norm": [
                0.12842395612644425,
                4.0884082083869577e-07
            ]
        }
    }
}