{
    "ShapleyValue": {
        "abs_average": {
            "raw": 0.03689727332208634,
            "max": 0.05569514463354522,
            "len": 0.03128912756207945,
            "norm": 0.04204143944932151
        },
        "positive_abs_average": {
            "raw": 0.02249613329187121,
            "max": 0.07046183553291577,
            "len": 0.05010341046511228,
            "norm": 0.0637805951437167
        },
        "negative_abs_average": {
            "raw": 0.05129841335230146,
            "max": 0.04092845373417467,
            "len": 0.01247484465904663,
            "norm": 0.020302283754926334
        },
        "female_abs_average": {
            "raw": 0.032443844215615594,
            "max": 0.028609439186331992,
            "len": 0.040579162654115764,
            "norm": 0.02343799665645268
        },
        "male_abs_average": {
            "raw": 0.041350702428557075,
            "max": 0.08278085008075844,
            "len": 0.021999092470043145,
            "norm": 0.06064488224219035
        },
        "female_positive": {
            "raw": [
                0.03234887443982833,
                0.49221863037907676
            ],
            "max": [
                -0.031300479809226706,
                0.5063605827540534
            ],
            "len": [
                0.061207755895822585,
                0.19347981047057974
            ],
            "norm": [
                0.038856752093312186,
                0.4093455531065597
            ]
        },
        "male_positive": {
            "raw": [
                0.012643392143914084,
                0.7879591789107295
            ],
            "max": [
                0.10962319125660484,
                0.019337322999986938
            ],
            "len": [
                0.038999065034401974,
                0.4065919506696286
            ],
            "norm": [
                0.08870443819412122,
                0.05867054828682771
            ]
        },
        "female_negative": {
            "raw": [
                -0.03253881399140285,
                0.20085541419205344
            ],
            "max": [
                -0.025918398563437278,
                0.30831334742773175
            ],
            "len": [
                0.019950569412408945,
                0.43295915389561074
            ],
            "norm": [
                0.008019241219593177,
                0.7526384466888066
            ]
        },
        "male_negative": {
            "raw": [
                0.07005801271320007,
                0.005871168441899115
            ],
            "max": [
                0.05593850890491206,
                0.027900086347309005
            ],
            "len": [
                -0.004999119905684315,
                0.8443440274668901
            ],
            "norm": [
                0.03258532629025949,
                0.20050363005790048
            ]
        }
    }
}