{
    "DeepLift_L2": {
        "abs_average": {
            "raw": 0.1440857544404465,
            "max": 0.042215326237125275,
            "len": 0.18918107117005528,
            "norm": 0.05293031536491731
        },
        "positive_abs_average": {
            "raw": 0.23226969566359296,
            "max": 0.03698945136753874,
            "len": 0.3138969048839666,
            "norm": 0.0639267639286524
        },
        "negative_abs_average": {
            "raw": 0.05590181321730001,
            "max": 0.047441201106711815,
            "len": 0.06446523745614395,
            "norm": 0.041933866801182204
        },
        "female_abs_average": {
            "raw": 0.10757244413544662,
            "max": 0.0022625123946301805,
            "len": 0.16357930307548124,
            "norm": 0.029823326386739034
        },
        "male_abs_average": {
            "raw": 0.18059906474544637,
            "max": 0.08216814007962037,
            "len": 0.21478283926462932,
            "norm": 0.07603730434309558
        },
        "female_positive": {
            "raw": [
                -0.13348514868758268,
                0.004427669537115311
            ],
            "max": [
                -0.0010818719200901639,
                0.9816800027607024
            ],
            "len": [
                -0.2023774871001654,
                1.4218844157747822e-05
            ],
            "norm": [
                0.05574182603330741,
                0.23639700964140511
            ]
        },
        "male_positive": {
            "raw": [
                0.33105424263960326,
                4.243195452275775e-13
            ],
            "max": [
                0.07289703081498732,
                0.12048622888650609
            ],
            "len": [
                0.4254163226677678,
                2.004194235254715e-21
            ],
            "norm": [
                0.07211170182399741,
                0.12454716022134522
            ]
        },
        "female_negative": {
            "raw": [
                -0.08165973958331055,
                0.0013062277076747566
            ],
            "max": [
                -0.0034431528691701973,
                0.8923614419465169
            ],
            "len": [
                -0.12478111905079706,
                8.515489121239803e-07
            ],
            "norm": [
                -0.00390482674017066,
                0.8780349195156978
            ]
        },
        "male_negative": {
            "raw": [
                -0.03014388685128948,
                0.23634955970513993
            ],
            "max": [
                -0.09143924934425343,
                0.00031970353976937694
            ],
            "len": [
                -0.004149355861490834,
                0.8705457531366441
            ],
            "norm": [
                -0.07996290686219375,
                0.0016577198425546955
            ]
        }
    },
    "DeepLift_mean": {
        "abs_average": {
            "raw": 0.0573847535416353,
            "max": 0.04862215935019167,
            "len": 0.04990678569077922,
            "norm": 0.05557314094307419
        },
        "positive_abs_average": {
            "raw": 0.061923591380793036,
            "max": 0.0635135946650149,
            "len": 0.03445217794316638,
            "norm": 0.07470150159649074
        },
        "negative_abs_average": {
            "raw": 0.05284591570247757,
            "max": 0.03373072403536845,
            "len": 0.06536139343839205,
            "norm": 0.036444780289657655
        },
        "female_abs_average": {
            "raw": 0.06201388248981396,
            "max": 0.05830987537790061,
            "len": 0.06925988972941663,
            "norm": 0.07128884181186594
        },
        "male_abs_average": {
            "raw": 0.052755624593456646,
            "max": 0.038934443322482734,
            "len": 0.030553681652141805,
            "norm": 0.039857440074282435
        },
        "female_positive": {
            "raw": [
                -0.06956490963675169,
                0.13932589709882207
            ],
            "max": [
                -0.10292958236991788,
                0.028487961234029944
            ],
            "len": [
                0.04884543328488583,
                0.2995666115542673
            ],
            "norm": [
                -0.14136968808700587,
                0.0025636169016652983
            ]
        },
        "male_positive": {
            "raw": [
                -0.05428227312483439,
                0.2478662714695522
            ],
            "max": [
                -0.024097606960111907,
                0.6081751488283031
            ],
            "len": [
                -0.020058922601446934,
                0.6695705913347044
            ],
            "norm": [
                -0.008033315105975594,
                0.8643119352144262
            ]
        },
        "female_negative": {
            "raw": [
                -0.054462855342876225,
                0.032194523792431096
            ],
            "max": [
                0.013690168385883349,
                0.5905421250955388
            ],
            "len": [
                -0.08967434617394741,
                0.0004134760182653152
            ],
            "norm": [
                -0.0012079955367260264,
                0.9621351356780321
            ]
        },
        "male_negative": {
            "raw": [
                -0.05122897606207891,
                0.04408061768367034
            ],
            "max": [
                -0.053771279684853554,
                0.03456838245194145
            ],
            "len": [
                -0.041048440702836676,
                0.10677841908973064
            ],
            "norm": [
                -0.07168156504258928,
                0.004818900247597419
            ]
        }
    }
}