{
    "raw_attention": {
        "abs_average": {
            "raw": 0.06815457101648968,
            "max": 0.06213344970351091,
            "len": 0.07286336553260958,
            "norm": 0.06455618697137658
        },
        "positive_abs_average": {
            "raw": 0.11190107355689242,
            "max": 0.10557090956411985,
            "len": 0.09323936069906444,
            "norm": 0.10970992744823224
        },
        "negative_abs_average": {
            "raw": 0.024408068476086935,
            "max": 0.018695989842901963,
            "len": 0.05248737036615472,
            "norm": 0.0194024464945209
        },
        "female_abs_average": {
            "raw": 0.07772596537064097,
            "max": 0.07068725634100219,
            "len": 0.06643412711466301,
            "norm": 0.0695018954190125
        },
        "male_abs_average": {
            "raw": 0.058583176662338386,
            "max": 0.05357964306601963,
            "len": 0.07929260395055615,
            "norm": 0.05961047852374065
        },
        "female_positive": {
            "raw": [
                0.10765923912718571,
                0.021921177708888108
            ],
            "max": [
                0.10798655542637721,
                0.02151974238051992
            ],
            "len": [
                0.060216143639641985,
                0.20080965584320684
            ],
            "norm": [
                0.10913596257353293,
                0.020160167202068556
            ]
        },
        "male_positive": {
            "raw": [
                0.11614290798659914,
                0.013175397918328868
            ],
            "max": [
                0.10315526370186251,
                0.027792938348502935
            ],
            "len": [
                0.1262625777584869,
                0.007003780190267382
            ],
            "norm": [
                0.11028389232293156,
                0.018615281905552946
            ]
        },
        "female_negative": {
            "raw": [
                -0.04779269161409623,
                0.060199059005878235
            ],
            "max": [
                -0.033387957255627175,
                0.18934577922083873
            ],
            "len": [
                -0.07265211058968404,
                0.004249573507477556
            ],
            "norm": [
                -0.029867828264492073,
                0.24036642498458238
            ]
        },
        "male_negative": {
            "raw": [
                0.0010234453380776386,
                0.967937270506151
            ],
            "max": [
                -0.004004022430176753,
                0.8750420638995959
            ],
            "len": [
                0.0323226301426254,
                0.20415853108864815
            ],
            "norm": [
                -0.008937064724549729,
                0.7255828567018684
            ]
        }
    },
    "attention_rollout": {
        "abs_average": {
            "raw": 0.07904546893568087,
            "max": 0.06455101421657153,
            "len": 0.09001979957229853,
            "norm": 0.05858424796476757
        },
        "positive_abs_average": {
            "raw": 0.12822059956315668,
            "max": 0.11266047930730039,
            "len": 0.12781914604763558,
            "norm": 0.11341456466102542
        },
        "negative_abs_average": {
            "raw": 0.02987033830820509,
            "max": 0.01644154912584267,
            "len": 0.05222045309696145,
            "norm": 0.0037539312685097217
        },
        "female_abs_average": {
            "raw": 0.0570810899294599,
            "max": 0.020973191643704855,
            "len": 0.06031967815011047,
            "norm": 0.02093888109662552
        },
        "male_abs_average": {
            "raw": 0.10100984794190186,
            "max": 0.1081288367894382,
            "len": 0.11971992099448657,
            "norm": 0.09622961483290962
        },
        "female_positive": {
            "raw": [
                0.06653638321862806,
                0.15742026335084214
            ],
            "max": [
                0.018519191283792837,
                0.6942431146850659
            ],
            "len": [
                0.04676252651861481,
                0.320672144674957
            ],
            "norm": [
                0.03437750661546043,
                0.46546472702965097
            ]
        },
        "male_positive": {
            "raw": [
                0.1899048159076853,
                4.565520807915446e-05
            ],
            "max": [
                0.20680176733080793,
                8.69712179183872e-06
            ],
            "len": [
                0.20887576557665635,
                7.026994468753949e-06
            ],
            "norm": [
                0.19245162270659041,
                3.5878412591136655e-05
            ]
        },
        "female_negative": {
            "raw": [
                -0.04762579664029174,
                0.06110116983994154
            ],
            "max": [
                0.02342719200361687,
                0.3571454445340389
            ],
            "len": [
                -0.07387682978160612,
                0.0036451403093914784
            ],
            "norm": [
                -0.0075002555777906104,
                0.7681732890154657
            ]
        },
        "male_negative": {
            "raw": [
                0.012114879976118436,
                0.6341987496110708
            ],
            "max": [
                -0.009455906248068469,
                0.7103500922481804
            ],
            "len": [
                0.030564076412316784,
                0.2298774274525801
            ],
            "norm": [
                -7.606959228832766e-06,
                0.9997616233339868
            ]
        }
    },
    "attention_flow": {
        "abs_average": {
            "raw": 0.07596623470854516,
            "max": 0.029738797105839175,
            "len": 0.07567824435331677,
            "norm": 0.03882175039219206
        },
        "positive_abs_average": {
            "raw": 0.08255791218455645,
            "max": 0.04807619152059164,
            "len": 0.0783905155562936,
            "norm": 0.06834051192734521
        },
        "negative_abs_average": {
            "raw": 0.06937455723253388,
            "max": 0.011401402691086703,
            "len": 0.07296597315033994,
            "norm": 0.00930298885703891
        },
        "female_abs_average": {
            "raw": 0.09494365319738222,
            "max": 0.011898871030231213,
            "len": 0.0818475906537216,
            "norm": 0.01619103907463143
        },
        "male_abs_average": {
            "raw": 0.056988816219708104,
            "max": 0.04757872318144714,
            "len": 0.06950889805291194,
            "norm": 0.06145246170975268
        },
        "female_positive": {
            "raw": [
                0.08620936775451135,
                0.0667717496852803
            ],
            "max": [
                -0.009462367888362872,
                0.8408211999133709
            ],
            "len": [
                0.06324389024668184,
                0.17904655017615986
            ],
            "norm": [
                0.01962433661527262,
                0.676995515204832
            ]
        },
        "male_positive": {
            "raw": [
                0.07890645661460155,
                0.09273875128871713
            ],
            "max": [
                0.08669001515282042,
                0.06466687229323724
            ],
            "len": [
                0.09353714086590537,
                0.04614104168922008
            ],
            "norm": [
                0.11705668723941778,
                0.012467390243627014
            ]
        },