{
    "Saliency_L2": {
        "abs_average": {
            "raw": 0.17887743767768838,
            "max": 0.04755831512229397,
            "len": 0.21005242940729452,
            "norm": 0.05993504788306475
        },
        "positive_abs_average": {
            "raw": 0.26860246567491086,
            "max": 0.03942648254375618,
            "len": 0.34085827742542374,
            "norm": 0.06163073474460098
        },
        "negative_abs_average": {
            "raw": 0.08915240968046594,
            "max": 0.05569014770083178,
            "len": 0.07924658138916525,
            "norm": 0.05823936102152853
        },
        "female_abs_average": {
            "raw": 0.11700228787856172,
            "max": 0.020480214799367267,
            "len": 0.1526030333274641,
            "norm": 0.0351158718969918
        },
        "male_abs_average": {
            "raw": 0.24075258747681505,
            "max": 0.07463641544522068,
            "len": 0.2675018254871249,
            "norm": 0.08475422386913771
        },
        "female_positive": {
            "raw": [
                -0.12834702991060853,
                0.006228809367660704
            ],
            "max": [
                0.020794361964773467,
                0.6589177282950138
            ],
            "len": [
                -0.16267132817462565,
                0.0005091866098341459
            ],
            "norm": [
                0.058708101190375395,
                0.21234071622647505
            ]
        },
        "male_positive": {
            "raw": [
                0.40885790143921313,
                9.206157323558183e-20
            ],
            "max": [
                0.05805860312273889,
                0.21643307017144628
            ],
            "len": [
                0.5190452266762219,
                9.511952683520372e-33
            ],
            "norm": [
                0.06455336829882656,
                0.16925028012476975
            ]
        },
        "female_negative": {
            "raw": [
                -0.1056575458465149,
                3.126994726209814e-05
            ],
            "max": [
                0.020166067633961067,
                0.4280052898862918
            ],
            "len": [
                -0.14253473848030254,
                1.7978860638869882e-08
            ],
            "norm": [
                0.01152364260360821,
                0.650623869610341
            ]
        },
        "male_negative": {
            "raw": [
                -0.07264727351441697,
                0.0042770144329230516
            ],
            "max": [
                -0.09121422776770248,
                0.0003308115049744554
            ],
            "len": [
                -0.015958424298027966,
                0.5307891392614078
            ],
            "norm": [
                -0.10495507943944886,
                3.572846092339383e-05
            ]
        }
    },
    "Saliency_mean": {
        "abs_average": {
            "raw": 0.150954257926218,
            "max": 0.02148000945247268,
            "len": 0.15663209053712768,
            "norm": 0.026184771295208468
        },
        "positive_abs_average": {
            "raw": 0.22929897883038633,
            "max": 0.02314559466730879,
            "len": 0.25117350070242445,
            "norm": 0.005314847987914344
        },
        "negative_abs_average": {
            "raw": 0.07260953702204964,
            "max": 0.019814424237636567,
            "len": 0.062090680371830874,
            "norm": 0.0470546946025026
        },
        "female_abs_average": {
            "raw": 0.157132552922003,
            "max": 0.037310830139342194,
            "len": 0.16814617523595218,
            "norm": 0.026313159652887726
        },
        "male_abs_average": {
            "raw": 0.144775962930433,
            "max": 0.005649188765603165,
            "len": 0.14511800583830314,
            "norm": 0.02605638293752921
        },
        "female_positive": {
            "raw": [
                0.2324417854369053,
                5.666466937453432e-07
            ],
            "max": [
                0.0371705114496745,
                0.4299854411279803
            ],
            "len": [
                0.23405506990123962,
                4.705122987703559e-07
            ],
            "norm": [
                0.00883824929712011,
                0.8511938064479859
            ]
        },
        "male_positive": {
            "raw": [
                -0.22615617222386736,
                1.09307058812423e-06
            ],
            "max": [
                -0.00912067788494308,
                0.8461605449593197
            ],
            "len": [
                -0.26829193150360925,
                6.097913564715369e-09
            ],
            "norm": [
                -0.0017914466787085788,
                0.9696017475953994
            ]
        },
        "female_negative": {
            "raw": [
                -0.0818233204071007,
                0.0012771332804937495
            ],
            "max": [
                0.037451148829009885,
                0.1409259917039161
            ],
            "len": [
                -0.10223728057066474,
                5.6134335320318924e-05
            ],
            "norm": [
                0.043788070008655346,
                0.08512341155186756
            ]
        },
        "male_negative": {
            "raw": [
                -0.06339575363699859,
                0.012689917107419959
            ],
            "max": [
                -0.0021776996462632503,
                0.9318412015205092
            ],
            "len": [
                -0.021944080172997014,
                0.3887148130656716
            ],
            "norm": [
                -0.05032131919634984,
                0.04797312876067516
            ]
        }
    }
}