{
    "InputXGradient_L2": {
        "abs_average": {
            "raw": 0.1985472668076559,
            "max": 0.032867260661888914,
            "len": 0.24380212887783723,
            "norm": 0.06838634843940292
        },
        "positive_abs_average": {
            "raw": 0.22957152125725372,
            "max": 0.027948511891800417,
            "len": 0.2816553753546048,
            "norm": 0.09517079839651597
        },
        "negative_abs_average": {
            "raw": 0.1675230123580581,
            "max": 0.037786009431977415,
            "len": 0.2059488824010697,
            "norm": 0.041601898482289845
        },
        "female_abs_average": {
            "raw": 0.19851990731711708,
            "max": 0.025539426234818276,
            "len": 0.28593046397145516,
            "norm": 0.05802439625770858
        },
        "male_abs_average": {
            "raw": 0.19857462629819472,
            "max": 0.040195095088959555,
            "len": 0.2016737937842193,
            "norm": 0.07874830062109725
        },
        "female_positive": {
            "raw": [
                0.17536804579537382,
                0.00022201924391660073
            ],
            "max": [
                0.0012046595988190966,
                0.9799205884023516
            ],
            "len": [
                0.3337036575752094,
                7.03596410633231e-13
            ],
            "norm": [
                0.05585735702383152,
                0.2428403226035507
            ]
        },
        "male_positive": {
            "raw": [
                0.2837749967191336,
                1.0031598700218278e-09
            ],
            "max": [
                0.05469236418478174,
                0.24851961894680807
            ],
            "len": [
                0.22960709313400013,
                9.269238948876761e-07
            ],
            "norm": [
                0.13448423976920043,
                0.004395285577608444
            ]
        },
        "female_negative": {
            "raw": [
                -0.22167176883886033,
                7.887920118996649e-19
            ],
            "max": [
                -0.04987419287081746,
                0.04882099145976527
            ],
            "len": [
                -0.23815727036770096,
                1.4349668430126314e-21
            ],
            "norm": [
                -0.060191435491585635,
                0.017388676053315302
            ]
        },
        "male_negative": {
            "raw": [
                0.11337425587725587,
                7.509334246933601e-06
            ],
            "max": [
                -0.025697825993137375,
                0.31151188035609656
            ],
            "len": [
                0.17374049443443845,
                5.433466872267634e-12
            ],
            "norm": [
                -0.023012361472994063,
                0.36479628087999016
            ]
        }
    },
    "InputXGradient_mean": {
        "abs_average": {
            "raw": 0.14371465783217713,
            "max": 0.030991833833313505,
            "len": 0.19795868954174947,
            "norm": 0.027270582238821818
        },
        "positive_abs_average": {
            "raw": 0.13068987660726947,
            "max": 0.025912036646444366,
            "len": 0.18650693843725902,
            "norm": 0.009075465353912621
        },
        "negative_abs_average": {
            "raw": 0.1567394390570848,
            "max": 0.03607163102018264,
            "len": 0.20941044064623993,
            "norm": 0.04546569912373101
        },
        "female_abs_average": {
            "raw": 0.12641527450692347,
            "max": 0.05081900291969172,
            "len": 0.19041230044754315,
            "norm": 0.045971151457255104
        },
        "male_abs_average": {
            "raw": 0.1610140411574308,
            "max": 0.01116466474693529,
            "len": 0.2055050786359558,
            "norm": 0.008570013020388529
        },
        "female_positive": {
            "raw": [
                0.02305722484293608,
                0.6299557132326526
            ],
            "max": [
                -0.03510354582830366,
                0.46317421390201835
            ],
            "len": [
                0.11023002493398788,
                0.02088626520353275
            ],
            "norm": [
                -0.017773842078927973,
                0.7103612814918118
            ]
        },
        "male_positive": {
            "raw": [
                -0.23832252837160284,
                3.4282865410515305e-07
            ],
            "max": [
                0.01672052746458507,
                0.7244284825093448
            ],
            "len": [
                -0.26278385194053017,
                1.7030996605275524e-08
            ],
            "norm": [
                0.0003770886288972691,
                0.9936567042792274
            ]
        },
        "female_negative": {
            "raw": [
                0.22977332417091084,
                3.776564865305612e-20
            ],
            "max": [
                0.06653446001107978,
                0.008549769938439587
            ],
            "len": [
                0.2705945759610984,
                1.3410845709401235e-27
            ],
            "norm": [
                0.07416846083558223,
                0.0033673272132671334
            ]
        },
        "male_negative": {
            "raw": [
                -0.08370555394325874,
                0.000960602580364325
            ],
            "max": [
                0.005608802029285507,
                0.8252044706577832
            ],
            "len": [
                -0.14822630533138142,
                4.382597512653166e-09
            ],
            "norm": [
                0.01676293741187979,
                0.5091830252392616
            ]
        }
    }
}