{
    "DeepLift_L2": {
        "abs_average": {
            "raw": 0.2030281252874765,
            "max": 0.03112149838661767,
            "len": 0.2560017956953081,
            "norm": 0.06438985102484063
        },
        "positive_abs_average": {
            "raw": 0.2075678632254745,
            "max": 0.03385433796309016,
            "len": 0.27542085033075886,
            "norm": 0.09518759299404028
        },
        "negative_abs_average": {
            "raw": 0.19848838734947855,
            "max": 0.028388658810145174,
            "len": 0.23658274105985735,
            "norm": 0.033592109055640966
        },
        "female_abs_average": {
            "raw": 0.19989830027387998,
            "max": 0.027249231394877442,
            "len": 0.30015070815441924,
            "norm": 0.06454691896448801
        },
        "male_abs_average": {
            "raw": 0.20615795030107303,
            "max": 0.0349937653783579,
            "len": 0.21185288323619697,
            "norm": 0.06423278308519323
        },
        "female_positive": {
            "raw": [
                0.15241592259778286,
                0.001359582007708529
            ],
            "max": [
                0.016256891098018818,
                0.7341043053922132
            ],
            "len": [
                0.32860058490537863,
                1.6367625060696464e-12
            ],
            "norm": [
                0.06745539263351855,
                0.15826665220889968
            ]
        },
        "male_positive": {
            "raw": [
                0.2627198038531661,
                1.717249685263248e-08
            ],
            "max": [
                0.051451784828161505,
                0.2777064220903429
            ],
            "len": [
                0.22224111575613908,
                2.084887539034281e-06
            ],
            "norm": [
                0.122919793354562,
                0.00928410378298357
            ]
        },
        "female_negative": {
            "raw": [
                -0.2473806779499771,
                3.3856329836870364e-23
            ],
            "max": [
                -0.038241571691736066,
                0.13098036457533718
            ],
            "len": [
                -0.27170083140345985,
                8.06317326035452e-28
            ],
            "norm": [
                -0.061638445295457485,
                0.01486427881172341
            ]
        },
        "male_negative": {
            "raw": [
                0.14959609674897997,
                3.143606118823115e-09
            ],
            "max": [
                -0.01853574592855428,
                0.46543085559951336
            ],
            "len": [
                0.20146465071625486,
                1.0989503805573618e-15
            ],
            "norm": [
                -0.0055457728158244506,
                0.8271375722738666
            ]
        }
    },
    "DeepLift_mean": {
        "abs_average": {
            "raw": 0.1416340066435004,
            "max": 0.05929432670608899,
            "len": 0.1916105582274331,
            "norm": 0.06698058421182336
        },
        "positive_abs_average": {
            "raw": 0.030310962562441056,
            "max": 0.04659475482231261,
            "len": 0.10108720619388441,
            "norm": 0.04357835681148318
        },
        "negative_abs_average": {
            "raw": 0.25295705072455976,
            "max": 0.07199389858986537,
            "len": 0.2821339102609818,
            "norm": 0.09038281161216354
        },
        "female_abs_average": {
            "raw": 0.1510625433613293,
            "max": 0.09313892063180945,
            "len": 0.2356460787947103,
            "norm": 0.08696566808110832
        },
        "male_abs_average": {
            "raw": 0.13220546992567153,
            "max": 0.025449732780368522,
            "len": 0.14757503766015587,
            "norm": 0.04699550034253839
        },
        "female_positive": {
            "raw": [
                -0.05499581694640801,
                0.25019519000452045
            ],
            "max": [
                -0.092396292364031,
                0.05304704807092304
            ],
            "len": [
                -0.2014592992794096,
                2.1122104645365814e-05
            ],
            "norm": [
                -0.07998884511593396,
                0.09415869949866107
            ]
        },
        "male_positive": {
            "raw": [
                -0.005626108178474101,
                0.9055786665469566
            ],
            "max": [
                -0.0007932172805942075,
                0.9866571662909437
            ],
            "len": [
                0.0007151131083592353,
                0.9879708643357912
            ],
            "norm": [
                0.007167868507032391,
                0.8798783977381298
            ]
        },
        "female_negative": {
            "raw": [
                -0.24712926977625058,
                3.7575163594103265e-23
            ],
            "max": [
                -0.0938815488995879,
                0.00020364841144837527
            ],
            "len": [
                -0.269832858310011,
                1.9010543079619907e-27
            ],
            "norm": [
                -0.09394249104628269,
                0.00020170690409509
            ]
        },
        "male_negative": {
            "raw": [
                0.258784831672869,
                3.499493278851293e-25
            ],
            "max": [
                0.05010624828014284,
                0.048354085216574354
            ],
            "len": [
                0.2944349622119525,
                1.9650926948517562e-32
            ],
            "norm": [
                0.08682313217804438,
                0.0006142312062050935
            ]
        }
    }
}