{
    "Occlusion": {
        "abs_average": {
            "raw": 0.12282463159470736,
            "max": 0.07419219255596424,
            "len": 0.20636547964562418,
            "norm": 0.06264541216708797
        },
        "positive_abs_average": {
            "raw": 0.12939352316087033,
            "max": 0.09784634358019681,
            "len": 0.1661688722068337,
            "norm": 0.06703606533264381
        },
        "negative_abs_average": {
            "raw": 0.11625574002854437,
            "max": 0.050538041531731664,
            "len": 0.24656208708441468,
            "norm": 0.05825475900153211
        },
        "female_abs_average": {
            "raw": 0.13000526102219034,
            "max": 0.1022371828843035,
            "len": 0.25690483052910074,
            "norm": 0.08141508043486165
        },
        "male_abs_average": {
            "raw": 0.11564400216722437,
            "max": 0.04614720222762497,
            "len": 0.15582612876214766,
            "norm": 0.04387574389931427
        },
        "female_positive": {
            "raw": [
                0.16950361969013858,
                0.00036079494676677013
            ],
            "max": [
                0.1428996588484845,
                0.002691306162339526
            ],
            "len": [
                0.2245751117794786,
                2.0061983050816456e-06
            ],
            "norm": [
                0.10026760964457979,
                0.0357160826510771
            ]
        },
        "male_positive": {
            "raw": [
                0.0892834266316021,
                0.059275217292617
            ],
            "max": [
                0.052793028311909136,
                0.26535575746097206
            ],
            "len": [
                0.10776263263418884,
                0.022689810339648658
            ],
            "norm": [
                0.03380452102070783,
                0.4759011921382656
            ]
        },
        "female_negative": {
            "raw": [
                0.09050690235424211,
                0.0003431114225779226
            ],
            "max": [
                -0.06157470692012252,
                0.014968281767459218
            ],
            "len": [
                0.2892345492787229,
                1.843329547463318e-31
            ],
            "norm": [
                -0.06256255122514351,
                0.013426310176203845
            ]
        },
        "male_negative": {
            "raw": [
                -0.14200457770284663,
                1.9081325176660072e-08
            ],
            "max": [
                0.03950137614334081,
                0.11970122317573718
            ],
            "len": [
                -0.20388962489010648,
                4.905578891719617e-16
            ],
            "norm": [
                0.05394696677792072,
                0.03352117805803741
            ]
        }
    }
}