{
    "Saliency_L2": {
        "abs_average": {
            "raw": 0.20348811787386945,
            "max": 0.030049412076418938,
            "len": 0.24010830062763905,
            "norm": 0.06359322016124416
        },
        "positive_abs_average": {
            "raw": 0.21487424711865602,
            "max": 0.02884286681155717,
            "len": 0.26118994608460167,
            "norm": 0.08878054449817928
        },
        "negative_abs_average": {
            "raw": 0.1921019886290829,
            "max": 0.03125595734128071,
            "len": 0.21902665517067643,
            "norm": 0.03840589582430907
        },
        "female_abs_average": {
            "raw": 0.20840143916670395,
            "max": 0.030150814768862166,
            "len": 0.27964405204041054,
            "norm": 0.06193523683012528
        },
        "male_abs_average": {
            "raw": 0.19857479658103494,
            "max": 0.02994800938397571,
            "len": 0.20057254921486758,
            "norm": 0.06525120349236306
        },
        "female_positive": {
            "raw": [
                0.17022582166141065,
                0.0003401400404306872
            ],
            "max": [
                0.0139902809587704,
                0.770051524508638
            ],
            "len": [
                0.3065457734607261,
                5.26635591309175e-11
            ],
            "norm": [
                0.058096941918847046,
                0.22443405089919718
            ]
        },
        "male_positive": {
            "raw": [
                0.2595226725759014,
                2.588177456346853e-08
            ],
            "max": [
                0.04369545266434394,
                0.35669595646553737
            ],
            "len": [
                0.21583411870847724,
                4.12753919419086e-06
            ],
            "norm": [
                0.11946414707751152,
                0.01147987213711821
            ]
        },
        "female_negative": {
            "raw": [
                -0.24657705667199728,
                4.722114132673839e-23
            ],
            "max": [
                -0.046311348578953936,
                0.06736162177333774
            ],
            "len": [
                -0.25274233062009493,
                3.5660040970525414e-24
            ],
            "norm": [
                -0.06577353174140352,
                0.009338355686730561
            ]
        },
        "male_negative": {
            "raw": [
                0.1376269205861685,
                5.175270092677016e-08
            ],
            "max": [
                -0.016200566103607483,
                0.523498630005302
            ],
            "len": [
                0.18531097972125793,
                1.8292403940246343e-13
            ],
            "norm": [
                -0.011038259907214612,
                0.6638091879821008
            ]
        }
    },
    "Saliency_mean": {
        "abs_average": {
            "raw": 0.14788877961832103,
            "max": 0.04468817380718666,
            "len": 0.14922052334719213,
            "norm": 0.06689573009990618
        },
        "positive_abs_average": {
            "raw": 0.14348738863011773,
            "max": 0.040537039181354206,
            "len": 0.16766462511859226,
            "norm": 0.07576660401005848
        },
        "negative_abs_average": {
            "raw": 0.1522901706065243,
            "max": 0.048839308433019125,
            "len": 0.130776421575792,
            "norm": 0.05802485618975387
        },
        "female_abs_average": {
            "raw": 0.21288017526413378,
            "max": 0.07562003387799802,
            "len": 0.252580739603249,
            "norm": 0.0862901264238413
        },
        "male_abs_average": {
            "raw": 0.08289738397250826,
            "max": 0.0137563137363753,
            "len": 0.04586030709113527,
            "norm": 0.04750133377597105
        },
        "female_positive": {
            "raw": [
                -0.1942719265577531,
                4.1682300498484716e-05
            ],
            "max": [
                -0.06317735373605772,
                0.1864151185365777
            ],
            "len": [
                -0.31723242365611787,
                1.0150889224348898e-11
            ],
            "norm": [
                -0.07624082769789017,
                0.11066958416481555
            ]
        },
        "male_positive": {
            "raw": [
                -0.09270285070248237,
                0.050149102596256045
            ],
            "max": [
                -0.017896724626650685,
                0.7059135140480759
            ],
            "len": [
                -0.01809682658106667,
                0.7027804759379934
            ],
            "norm": [
                -0.07529238032222679,
                0.11191156937846278
            ]
        },
        "female_negative": {
            "raw": [
                -0.23148842397051445,
                1.9546935571310702e-20
            ],
            "max": [
                -0.08806271401993833,
                0.0004952823414616444
            ],
            "len": [
                -0.18792905555038014,
                7.109844919102359e-14
            ],
            "norm": [
                -0.09633942514979243,
                0.00013776733811712044
            ]
        },
        "male_negative": {
            "raw": [
                0.07309191724253415,
                0.003952209282263226
            ],
            "max": [
                -0.009615902846099917,
                0.7049490549652938
            ],
            "len": [
                0.07362378760120387,
                0.0036963108297385825
            ],
            "norm": [
                -0.019710287229715306,
                0.4376336486189617
            ]
        }
    }
}