{
    "ShapleyValue": {
        "abs_average": {
            "raw": 0.0757634631472439,
            "max": 0.038907642187130206,
            "len": 0.12390485596408424,
            "norm": 0.0792091315218913
        },
        "positive_abs_average": {
            "raw": 0.052304888644410345,
            "max": 0.05182361172902469,
            "len": 0.09832833995079912,
            "norm": 0.08671157346696658
        },
        "negative_abs_average": {
            "raw": 0.09922203765007745,
            "max": 0.02599167264523572,
            "len": 0.14948137197736938,
            "norm": 0.071706689576816
        },
        "female_abs_average": {
            "raw": 0.09155505689902232,
            "max": 0.044333170456050335,
            "len": 0.14805876264194415,
            "norm": 0.11597232222759946
        },
        "male_abs_average": {
            "raw": 0.05997186939546548,
            "max": 0.033482113918210085,
            "len": 0.09975094928622433,
            "norm": 0.04244594081618312
        },
        "female_positive": {
            "raw": [
                0.09441320232490288,
                0.04804680978513853
            ],
            "max": [
                0.06852061044444102,
                0.15178414431480625
            ],
            "len": [
                0.16594840870177185,
                0.00048062338199006546
            ],
            "norm": [
                0.1577921708693558,
                0.0009082918538443572
            ]
        },
        "male_positive": {
            "raw": [
                -0.010196574963917808,
                0.8297815342860808
            ],
            "max": [
                0.03512661301360837,
                0.4588091466825147
            ],
            "len": [
                -0.030708271199826373,
                0.5172562465073525
            ],
            "norm": [
                -0.01563097606457736,
                0.741724330998255
            ]
        },
        "female_negative": {
            "raw": [
                0.08869691147314177,
                0.0004506760774227468
            ],
            "max": [
                0.02014573046765965,
                0.4263862687116342
            ],
            "len": [
                0.13016911658211644,
                2.4593993121009515e-07
            ],
            "norm": [
                0.0741524735858431,
                0.0033742053508066827
            ]
        },
        "male_negative": {
            "raw": [
                -0.10974716382701315,
                1.4606140558951983e-05
            ],
            "max": [
                -0.03183761482281179,
                0.20985355991237323
            ],
            "len": [
                -0.1687936273726223,
                2.163023866805944e-11
            ],
            "norm": [
                -0.06926090556778888,
                0.0063233762938370444
            ]
        }
    }
}