{
    "raw_attention": {
        "abs_average": {
            "raw": 0.04750208254012166,
            "max": 0.029058877368626876,
            "len": 0.07533548119538892,
            "norm": 0.029293243927065907
        },
        "positive_abs_average": {
            "raw": 0.033715454272436586,
            "max": 0.015233808222116745,
            "len": 0.061818834218404464,
            "norm": 0.01951557443277415
        },
        "negative_abs_average": {
            "raw": 0.061288710807806734,
            "max": 0.042883946515137,
            "len": 0.0888521281723734,
            "norm": 0.039070913421357656
        },
        "female_abs_average": {
            "raw": 0.07830567600971612,
            "max": 0.04734604264234575,
            "len": 0.11600763172353276,
            "norm": 0.04455133934167242
        },
        "male_abs_average": {
            "raw": 0.0166984890705272,
            "max": 0.010771712094908,
            "len": 0.03466333066724509,
            "norm": 0.014035148512459388
        },
        "female_positive": {
            "raw": [
                0.060306647392048975,
                0.20726918863733898
            ],
            "max": [
                0.016678088545121077,
                0.7274852180089723
            ],
            "len": [
                0.11812945225650709,
                0.013260049981253238
            ],
            "norm": [
                0.01782898247030058,
                0.7095033269982829
            ]
        },
        "male_positive": {
            "raw": [
                0.007124261152824201,
                0.8806037071261585
            ],
            "max": [
                0.013789527899112412,
                0.7712495200487298
            ],
            "len": [
                -0.005508216180301834,
                0.9075482700866044
            ],
            "norm": [
                0.021202166395247725,
                0.654832281254091
            ]
        },
        "female_negative": {
            "raw": [
                -0.09630470462738328,
                0.00013853892066698398
            ],
            "max": [
                -0.07801399673957042,
                0.002038766758790059
            ],
            "len": [
                -0.11388581119055845,
                6.46297638323279e-06
            ],
            "norm": [
                -0.07127369621304426,
                0.004842696857327493
            ]
        },
        "male_negative": {
            "raw": [
                0.026272716988230194,
                0.30080747315771367
            ],
            "max": [
                0.0077538962907035885,
                0.760118611988973
            ],
            "len": [
                0.06381844515418834,
                0.011886217732518491
            ],
            "norm": [
                0.0068681306296710515,
                0.7868176328724501
            ]
        }
    },
    "attention_rollout": {
        "abs_average": {
            "raw": 0.09182939360157677,
            "max": 0.037668391091383965,
            "len": 0.08765108491569072,
            "norm": 0.06232012346868908
        },
        "positive_abs_average": {
            "raw": 0.07420155343438596,
            "max": 0.009886064491274594,
            "len": 0.06827641405100303,
            "norm": 0.03480489187283439
        },
        "negative_abs_average": {
            "raw": 0.10945723376876756,
            "max": 0.06545071769149333,
            "len": 0.10702575578037843,
            "norm": 0.08983535506454376
        },
        "female_abs_average": {
            "raw": 0.11824973549669594,
            "max": 0.05026819428162217,
            "len": 0.12272775111925228,
            "norm": 0.07938658704253043
        },
        "male_abs_average": {
            "raw": 0.06540905170645758,
            "max": 0.02506858790114576,
            "len": 0.05257441871212916,
            "norm": 0.04525365989484773
        },
        "female_positive": {
            "raw": [
                0.10213110585576946,
                0.03240488723225598
            ],
            "max": [
                0.01588334076169693,
                0.739991161408009
            ],
            "len": [
                0.1136087473876835,
                0.01725187559522789
            ],
            "norm": [
                0.04532801593567045,
                0.34338064481648517
            ]
        },
        "male_positive": {
            "raw": [
                -0.04627200101300246,
                0.3290230344018549
            ],
            "max": [
                0.003888788220852259,
                0.9346560063733153
            ],
            "len": [
                -0.02294408071432254,
                0.6285293983549054
            ],
            "norm": [
                -0.024281767809998342,
                0.6086424250838386
            ]
        },
        "female_negative": {
            "raw": [
                -0.13436836513762243,
                9.888835002592568e-08
            ],
            "max": [
                -0.0846530478015474,
                0.0008141740819514915
            ],
            "len": [
                -0.13184675485082106,
                1.7148077438080815e-07
            ],
            "norm": [
                -0.11344515814939042,
                7.0199797782165624e-06
            ]
        },
        "male_negative": {
            "raw": [
                0.08454610239991271,
                0.0008527089683101617
            ],
            "max": [
                0.04624838758143926,
                0.0684444387220586
            ],
            "len": [
                0.08220475670993578,
                0.0011852111572476318
            ],
            "norm": [
                0.06622555197969712,
                0.00903863501322053
            ]
        }
    },
    "attention_flow": {
        "abs_average": {
            "raw": 0.11673190456086102,
            "max": 0.061171064555654964,
            "len": 0.08985640676310806,
            "norm": 0.05965909318358021
        },
        "positive_abs_average": {
            "raw": 0.13064857949311892,
            "max": 0.10759074054951184,
            "len": 0.0898456259169594,
            "norm": 0.09826046974986076
        },
        "negative_abs_average": {
            "raw": 0.10281522962860311,
            "max": 0.014751388561798093,
            "len": 0.08986718760925672,
            "norm": 0.02105771661729966
        },
        "female_abs_average": {
            "raw": 0.13462618101309712,
            "max": 0.025487843784756672,
            "len": 0.12485681453904138,
            "norm": 0.023741761504260137
        },
        "male_abs_average": {
            "raw": 0.09883762810862493,
            "max": 0.09685428532655325,
            "len": 0.05485599898717474,
            "norm": 0.09557642486290029
        },
        "female_positive": {
            "raw": [
                0.16583019461655737,
                0.0004851808351841959
            ],
            "max": [
                -0.046758040070803135,
                0.32835571700169236
            ],
            "len": [
                0.1597957997008275,
                0.0007789613236004028
            ],
            "norm": [
                -0.014342836007220729,
                0.7644255293655664
            ]
        },
        "male_positive": {
            "raw": [
                0.09546696436968048,
                0.04365833320192677
            ],
            "max": [
                0.16842344102822054,
                0.0003482494932178131
            ],
            "len": [
                0.019895452133091296,
                0.6748501479170832
            ],
            "norm": [
                0.1821781034925008,
                0.00010734782515958573
            ]
        },