{
    "IntegratedGradients_L2": {
        "abs_average": {
            "raw": 0.16825250665308378,
            "max": 0.034339730440833764,
            "len": 0.16079395160092214,
            "norm": 0.06627598185442847
        },
        "positive_abs_average": {
            "raw": 0.16372031140416887,
            "max": 0.042678211534043144,
            "len": 0.14648404457402905,
            "norm": 0.0793151021544261
        },
        "negative_abs_average": {
            "raw": 0.17278470190199868,
            "max": 0.026001249347624395,
            "len": 0.17510385862781525,
            "norm": 0.05323686155443084
        },
        "female_abs_average": {
            "raw": 0.19683079415405846,
            "max": 0.06316022299006988,
            "len": 0.20532733216337573,
            "norm": 0.10491108920835954
        },
        "male_abs_average": {
            "raw": 0.13967421915210906,
            "max": 0.005519237891597658,
            "len": 0.11626057103846854,
            "norm": 0.027640874500497393
        },
        "female_positive": {
            "raw": [
                0.17227706598545597,
                0.0002873292285977927
            ],
            "max": [
                0.08516225286568285,
                0.07466782983396665
            ],
            "len": [
                0.20811189657532891,
                1.101513087885772e-05
            ],
            "norm": [
                0.12453638230333049,
                0.00899975495086215
            ]
        },
        "male_positive": {
            "raw": [
                0.15516355682288174,
                0.0009972719453515129
            ],
            "max": [
                0.0001941702024034405,
                0.9967336895833985
            ],
            "len": [
                0.08485619257272918,
                0.07308944807914819
            ],
            "norm": [
                0.03409382200552171,
                0.4721316281350844
            ]
        },
        "female_negative": {
            "raw": [
                -0.22138452232266095,
                8.766354367354998e-19
            ],
            "max": [
                -0.04115819311445691,
                0.10405064173759654
            ],
            "len": [
                -0.20254276775142258,
                6.485399555173904e-16
            ],
            "norm": [
                -0.0852857961133886,
                0.0007434146252704659
            ]
        },
        "male_negative": {
            "raw": [
                0.12418488148133638,
                9.155805831543099e-07
            ],
            "max": [
                -0.010844305580791877,
                0.6693631872034026
            ],
            "len": [
                0.1476649495042079,
                5.0175041180811985e-09
            ],
            "norm": [
                0.021187926995473075,
                0.40405689162064196
            ]
        }
    },
    "IntegratedGradients_mean": {
        "abs_average": {
            "raw": 0.07689941418747592,
            "max": 0.06286267205785157,
            "len": 0.08417475717352453,
            "norm": 0.05237699808595411
        },
        "positive_abs_average": {
            "raw": 0.09311939536857267,
            "max": 0.0791030047993394,
            "len": 0.05949462729573619,
            "norm": 0.06941973936904633
        },
        "negative_abs_average": {
            "raw": 0.06067943300637917,
            "max": 0.04662233931636372,
            "len": 0.10885488705131288,
            "norm": 0.03533425680286192
        },
        "female_abs_average": {
            "raw": 0.06320045212543474,
            "max": 0.08314483935358769,
            "len": 0.13542855477381122,
            "norm": 0.08750913628983523
        },
        "male_abs_average": {
            "raw": 0.09059837624951711,
            "max": 0.04258050476211543,
            "len": 0.032920959573237846,
            "norm": 0.017244859882073006
        },
        "female_positive": {
            "raw": [
                0.03761688855063555,
                0.43175472421865374
            ],
            "max": [
                0.10581793616854826,
                0.026620457734933052
            ],
            "len": [
                0.09676602454718576,
                0.04271864194490466
            ],
            "norm": [
                0.10791578240413144,
                0.023743941502258777
            ]
        },
        "male_positive": {
            "raw": [
                0.14862190218650978,
                0.0016274692533883664
            ],
            "max": [
                -0.05238807343013054,
                0.26904432848219434
            ],
            "len": [
                -0.02222323004428661,
                0.6393597734771755
            ],
            "norm": [
                -0.030923696333961206,
                0.5143200946961627
            ]
        },
        "female_negative": {
            "raw": [
                0.0887840157002339,
                0.0004448507989752822
            ],
            "max": [
                0.06047174253862711,
                0.01687220179366723
            ],
            "len": [
                0.17409108500043668,
                4.3385457843917395e-12
            ],
            "norm": [
                0.06710249017553903,
                0.008000444881792128
            ]
        },
        "male_negative": {
            "raw": [
                0.03257485031252444,
                0.19948489755816498
            ],
            "max": [
                -0.03277293609410033,
                0.19676379634246852
            ],
            "len": [
                -0.04361868910218908,
                0.08573018006705199
            ],
            "norm": [
                -0.003566023430184803,
                0.8883300722889392
            ]
        }
    }
}